url,path,top_segment,template,status,ttfb_ms,html_bytes,title,title_len,meta_desc,meta_desc_len,h1,h1_count,h2_count,h3_count,word_count,img_count,img_lazy,img_eager,fetchpriority_high,img_missing_alt,schema_types,has_product_schema,ldjson_blocks,booking_links,cta_bestil,cta_se_rejsen,cta_laes_mere,tel_links,mailto_links,form_count,has_price,price_min,price_count,has_fra_price,trustpilot,rejsegarantifonden,travelife,has_faq_schema,duration_days,canonical,robots_meta,og_image,h1_matches_title
https://smilrejser.dk/,/,,homepage,200,1258,2675292,Smilrejser - Grupperejser med dansktalende rejseleder | Opdag verden sammen,75,"Nyd håndplukkede kulturrejser, vandreture og storbyferie med dansktalende rejseledere. 35 års erfaring sikrer dig kvalitetsoplevelser og tryghed på alle vores rejsemål.",168,En verden af opdagelser,1,4,3,805,35,35,0,0,5,Organization|PostalAddress|PropertyValue|SearchAction|WebSite,0,5,0,0,0,2,2,0,0,1,7695,10,1,1,1,1,0,8,https://smilrejser.dk/,"index, follow",0,0
https://smilrejser.dk/italien/madlavningskursus-paa-amalfikysten,/italien/madlavningskursus-paa-amalfikysten,italien,trip,200,1524,594483,Lær at lave autentisk syditaliensk mad på Amalfikysten,54,"Fra citronlund til agriturismo – lav ragù, gnocchi og limoncello med passionerede lokale kokke. Book din madlavningsrejse til Amalfikysten.",139,"Madlavningskursus på Amalfikysten – citroner, urter og italienske klassikere",1,5,17,2443,27,27,0,0,5,AggregateOffer|BreadcrumbList|ListItem|Offer|Organization|Product|SearchAction|WebSite,1,9,0,0,0,2,2,0,1,0,,0,0,1,1,1,0,8,https://smilrejser.dk/italien/madlavningskursus-paa-amalfikysten,"index, follow",0,0
https://smilrejser.dk/england/haverejse-i-det-sydoestlige-england,/england/haverejse-i-det-sydoestlige-england,england,trip,200,3837,874306,Slotshaver og havekunst i historiske Sydengland,47,Oplev 8 af Englands mest berømte haver som Sissinghurst og Wisley. Rejs med dansk havehistoriker og få en uforglemmelig tur. Læs mere og se rejsen her.,151,Haverejse i det sydøstlige England,1,8,26,3880,73,73,0,0,14,AggregateOffer|Answer|BreadcrumbList|FAQPage|ListItem|Offer|Organization|Product|Question|SearchAction|WebSite,1,11,1,0,0,7,2,0,1,1,12995,3,0,1,1,1,1,5,https://smilrejser.dk/england/haverejse-i-det-sydoestlige-england,"index, follow",0,0
https://smilrejser.dk/spanien/autentiske-catalonien-og-costa-brava,/spanien/autentiske-catalonien-og-costa-brava,spanien,trip,200,2812,887324,"Catalonien &amp; Costa Brava | Kultur, historie og middelhavsstrand",67,"Tag på 8 dages grupperejse til Cataloniens skjulte perler - besøg Girona, Figueres, Besalú og Empúries med dansktalende rejseleder.",131,Autentiske Catalonien &amp; Costa Brava,1,7,23,3034,55,55,0,0,19,AggregateOffer|BreadcrumbList|ListItem|Offer|Organization|Product|SearchAction|WebSite,1,9,4,0,0,2,2,0,1,1,10495,9,0,1,1,1,0,8,https://smilrejser.dk/spanien/autentiske-catalonien-og-costa-brava,"index, follow",0,0
https://smilrejser.dk/oestrig/kultur-i-alperne,/oestrig/kultur-i-alperne,oestrig,trip,200,1614,565332,Alperne med Lene Beier - Kultur og natur i Østrig på 6 dage,59,"Nyd tyrolsk idyl, guidede byvandringer i Innsbruck og Salzburg, besøg på Ørnereden og en nostalgisk togtur. Grupperejse med dansk rejseleder i Østrig.",150,Kultur i Alperne - hos Lene Beier,1,6,13,1759,29,29,0,0,5,AggregateOffer|BreadcrumbList|ListItem|Organization|Product|SearchAction|WebSite,1,9,0,0,0,2,2,0,1,0,,0,0,1,1,1,0,6,https://smilrejser.dk/oestrig/kultur-i-alperne,"index, follow",0,0
https://smilrejser.dk/portugal/jul-paa-madeira,/portugal/jul-paa-madeira,portugal,trip,200,1932,815981,"Juleferie på Madeira – oplev sol, varme og julemagi",51,"Nyd en varm juleuge med dansktalende rejseleder, All Inclusive og udsigt over Atlanterhavet. Oplev Funchals juleby, nordkysten, Cabo Girão og ponchasmagning.",157,Jul på Madeira,1,7,29,3708,71,71,0,0,24,AggregateOffer|Answer|BreadcrumbList|FAQPage|ListItem|Offer|Organization|Product|Question|SearchAction|WebSite,1,11,1,0,0,3,2,0,1,1,13995,3,0,1,1,1,1,8,https://smilrejser.dk/portugal/jul-paa-madeira,"index, follow",0,0
https://smilrejser.dk/frankrig/paris-mon-amour-storbyliv-og-stemning-paa-seinen,/frankrig/paris-mon-amour-storbyliv-og-stemning-paa-seinen,frankrig,trip,200,2114,607810,"Paris, mon amour – oplev byen fra Seinen med guide",50,"Bo direkte på Seinen og oplev Paris med dansk rejseleder. Panoramisk rundtur, Montmartre og en festlig Titi Parisien-aften ombord venter.",137,"Paris, mon amour – storbyliv og stemning på Seinen",1,7,12,1924,38,38,0,0,15,AggregateOffer|BreadcrumbList|ListItem|Offer|Organization|Product|SearchAction|WebSite,1,9,1,0,0,2,2,0,1,1,7995,3,0,1,1,1,0,4,https://smilrejser.dk/frankrig/paris-mon-amour-storbyliv-og-stemning-paa-seinen,"index, follow",0,0
https://smilrejser.dk/egypten/cairo-og-nilkrydstogt,/egypten/cairo-og-nilkrydstogt,egypten,trip,200,2722,1021738,Nilkrydstogt og Cairo – 11 dage i det gamle Egypten,51,"3 nætter i Cairo og 7 nætter på Nilkrydstogt. Oplev pyramiderne, Kongernes Dal og Luxor-templet med erfaren dansktalende rejseleder. Book rejsen her.",149,Cairo og Nilkrydstogt i Egypten,1,7,37,5489,73,72,1,0,12,AggregateOffer|Answer|BreadcrumbList|FAQPage|ListItem|Offer|Organization|Product|Question|SearchAction|WebSite,1,11,4,0,0,12,2,0,1,1,18999,9,0,1,1,1,1,11,https://smilrejser.dk/egypten/cairo-og-nilkrydstogt,"index, follow",0,0
https://smilrejser.dk/italien/amalfikysten-til-foraarspris,/italien/amalfikysten-til-foraarspris,italien,trip,200,1087,651697,Amalfikysten på din måde - grupperejse | Læs mere her,53,"Oplev Amalfikysten med base i Minori. Vælg selv dine udflugter til Capri, Ravello og Vesuv. 8 dage med dansk rejseleder. Direkte fly fra København.",147,Amalfikysten til forårspris,1,6,17,3832,38,38,0,0,5,AggregateOffer|BreadcrumbList|ListItem|Organization|Product|SearchAction|WebSite,1,9,0,0,0,2,2,0,1,0,,0,0,1,1,1,0,8,https://smilrejser.dk/italien/amalfikysten-til-foraarspris,"index, follow",0,0
https://smilrejser.dk/vietnam/det-bedste-af-vietnam,/vietnam/det-bedste-af-vietnam,vietnam,trip,200,2412,1213819,Oplev Vietnam på 16 dage – rundrejse fra nord til syd,53,"Fra Hanois travle gader og Halong Bay til Mekong-deltaet – oplev Vietnams natur, kultur og historie på en veltilrettelagt grupperejse med dansktalende guide.",157,Det bedste af Vietnam,1,7,21,3530,108,108,0,0,62,AggregateOffer|Answer|BreadcrumbList|FAQPage|ListItem|Offer|Organization|Product|Question|SearchAction|WebSite,1,11,1,0,0,1,2,0,1,1,24499,3,0,1,1,1,1,16,https://smilrejser.dk/vietnam/det-bedste-af-vietnam,"index, follow",0,0
https://smilrejser.dk/thailand/thailand-smilets-land,/thailand/thailand-smilets-land,thailand,trip,200,3361,1257271,Thailand rundrejse fra Bangkok til Koh Samet,44,"15 dages rundrejse gennem Thailand med Bangkok, Chiang Mai, Den Gyldne Trekant og Dødens Jernbane. Afslut med strandophold på Koh Samet. Læs mere her.",150,Thailand - Smilets land,1,7,25,3879,118,118,0,0,80,AggregateOffer|Answer|BreadcrumbList|FAQPage|ListItem|Offer|Organization|Product|Question|SearchAction|WebSite,1,11,2,0,0,6,2,0,1,1,25999,5,0,1,1,1,1,15,https://smilrejser.dk/thailand/thailand-smilets-land,"index, follow",0,0
https://smilrejser.dk/italien/det-ukendte-norditalien,/italien/det-ukendte-norditalien,italien,trip,200,1224,617433,Det ukendte Norditalien – oplev Dolomitterne på 8 dage,54,"Udforsk Dolomitternes UNESCO-natur, Gardasøen, Trento og Bolzano på en grupperejse med dansktalende rejseleder – se rejsen her.",127,Det ukendte Norditalien,1,7,17,2659,31,31,0,0,5,AggregateOffer|BreadcrumbList|ListItem|Offer|Organization|Product|SearchAction|WebSite,1,9,0,0,0,2,2,0,1,0,,0,0,1,1,1,0,8,https://smilrejser.dk/italien/det-ukendte-norditalien,"index, follow",0,1
https://smilrejser.dk/portugal/nytaar-i-porto,/portugal/nytaar-i-porto,portugal,trip,200,1363,684580,Nytårsrejse til Porto – 5 dage med oplevelser,45,"Fejr nytårsaften i hjertet af Porto med dansktalende rejseleder. Nyd portvinssmagning, sejltur på Dourofloden og spektakulært nytårsfyrværkeri. Book nu.",152,Nytår i Porto,1,7,18,2842,41,41,0,0,16,AggregateOffer|Answer|BreadcrumbList|FAQPage|ListItem|Offer|Organization|Product|Question|SearchAction|WebSite,1,11,1,0,0,4,2,0,1,1,10995,3,0,1,1,1,1,5,https://smilrejser.dk/portugal/nytaar-i-porto,"index, follow",0,0
https://smilrejser.dk/italien/kulinariske-vandringer-paa-amalfikysten-september-2026,/italien/kulinariske-vandringer-paa-amalfikysten-september-2026,italien,trip,200,785,905044,Kulinariske vandringer på Amalfikysten | Oplev Italien til fods,63,"Tag med på kulinarisk vandretur langs Amalfikysten. Udforsk ikoniske ruter som Gudernes Sti og Citronstien, nyd lokale delikatesser og oplev det ægte Italien med dansk rejseleder. Book nu.",188,Kulinariske vandringer på Amalfikysten - september 2026,1,8,18,3989,69,69,0,0,37,AggregateOffer|Answer|BreadcrumbList|FAQPage|ListItem|Offer|Organization|Product|Question|SearchAction|WebSite,1,11,2,0,0,3,2,0,1,1,8995,7,1,1,1,1,1,8,https://smilrejser.dk/italien/kulinariske-vandringer-paa-amalfikysten-september-2026,"index, follow",0,0
https://smilrejser.dk/sverige/gotland-svensk-sommeridyl,/sverige/gotland-svensk-sommeridyl,sverige,trip,200,1425,720563,Rejs til Gotland: Middelalderbyen Visby og naturperler,54,"Udforsk UNESCO-byen Visby, fascinerende rauker og Fårøs strande på vores grupperejse til Gotland. Nyd svensk sommeridyl med dansktalende rejseleder og håndplukkede oplevelser.",175,Gotland - Svensk sommeridyl,1,7,14,2339,48,48,0,0,27,AggregateOffer|BreadcrumbList|ListItem|Offer|Organization|Product|SearchAction|WebSite,1,9,1,0,0,2,2,0,1,1,9995,3,0,1,1,1,0,5,https://smilrejser.dk/sverige/gotland-svensk-sommeridyl,"index, follow",0,0
https://smilrejser.dk/flodkrydstogter/flodkrydstogt-paa-rhone-floden,/flodkrydstogter/flodkrydstogt-paa-rhone-floden,flodkrydstogter,trip,200,2484,915524,Flodkrydstogt på Rhônefloden - Lyon til Provence med MS Camargue,64,"Flodrejse gennem Sydfrankrig fra Lyon til Provence. Nyd Paul Bocuses restaurant, vinsmagning i Tain og UNESCO-byerne Avignon og Arles.",134,Flodkrydstogt på Rhône-floden,1,7,36,3431,44,44,0,0,15,AggregateOffer|Answer|BreadcrumbList|FAQPage|ListItem|Offer|Organization|Product|Question|SearchAction|WebSite,1,11,1,0,0,21,2,0,1,1,17995,4,0,1,1,1,1,7,https://smilrejser.dk/flodkrydstogter/flodkrydstogt-paa-rhone-floden,"index, follow",0,0
https://smilrejser.dk/spanien/andalusiens-lys-med-cadiz-og-sevilla,/spanien/andalusiens-lys-med-cadiz-og-sevilla,spanien,trip,200,2881,785343,Andalusiens lys med Cádiz og Sevilla | 8 dages grupperejse,58,"Oplev Andalusiens fortryllende kontraster fra gyldne strande til historiske byer. Udforsk Cádiz, Sevilla og charmerende hvide landsbyer med dansktalende rejseleder.",164,Andalusiens lys med Cádiz og Sevilla,1,7,17,3313,52,52,0,0,27,AggregateOffer|BreadcrumbList|ListItem|Offer|Organization|Product|SearchAction|WebSite,1,9,2,0,0,2,2,0,1,1,12995,5,0,1,1,1,0,8,https://smilrejser.dk/spanien/andalusiens-lys-med-cadiz-og-sevilla,"index, follow",0,1
https://smilrejser.dk/portugal/nytaarsrejse-til-lissabon,/portugal/nytaarsrejse-til-lissabon,portugal,trip,200,868,844763,Nytårsrejse til Lissabon | Fejr nytår i Portugals hovedstad,59,"Fejr nytåret i hjertet af Lissabon med festmiddag og fyrværkeri. Oplev Portugals charme, smag pastéis de nata og udforsk Belém og Cascais med dansk rejseleder på 5 dages rejse.",176,Nytårsrejse til Lissabon,1,7,18,2368,38,38,0,0,14,AggregateOffer|Answer|BreadcrumbList|FAQPage|ListItem|Offer|Organization|Product|Question|SearchAction|WebSite,1,11,1,0,0,4,2,0,1,1,9995,3,0,1,1,1,1,5,https://smilrejser.dk/portugal/nytaarsrejse-til-lissabon,"index, follow",0,1
https://smilrejser.dk/portugal/mageloese_madeira_med_blomsterfestival,/portugal/mageloese_madeira_med_blomsterfestival,portugal,trip,200,1996,819474,Oplev Madeiras blomsterfestival | Grupperejse med dansktalende guide,68,"Oplev Madeiras spektakulære blomsterfestival med storslåede parader og blomsterudsmykninger. Udforsk øens nordkyst, Cabo Girão og nyd all inclusive ophold med dansktalende rejseleder.",183,Mageløse Madeira med blomsterfestival,1,7,23,3946,52,52,0,0,22,AggregateOffer|Answer|BreadcrumbList|FAQPage|ListItem|Offer|Organization|Product|Question|SearchAction|WebSite,1,11,1,0,0,3,2,0,1,1,13495,3,0,1,1,1,1,8,https://smilrejser.dk/portugal/mageloese_madeira_med_blomsterfestival,"index, follow",0,0
https://smilrejser.dk/spanien/solformoerkelse-i-spanien-med-astrofysiker-michael-linden-voernle,/spanien/solformoerkelse-i-spanien-med-astrofysiker-michael-linden-voernle,spanien,trip,200,1119,556755,Oplev total solformørkelse i Spanien med astrofysiker | 2026,60,"Tag med til Asturien og oplev en spektakulær total solformørkelse. Foredrag med astrofysiker, udflugter i Oviedo og meteorregn under stjernerne. Reservér nu!",157,Solformørkelse i Spanien med astrofysiker Michael Linden-Vørnle,1,6,13,2038,30,30,0,0,5,AggregateOffer|BreadcrumbList|ListItem|Organization|Product|SearchAction|WebSite,1,9,0,0,0,2,2,0,0,0,,0,0,1,1,1,0,5,https://smilrejser.dk/spanien/solformoerkelse-i-spanien-med-astrofysiker-michael-linden-voernle,"index, follow",0,0
https://smilrejser.dk/spanien/solformoerkelse-i-spanien-bilbao,/spanien/solformoerkelse-i-spanien-bilbao,spanien,trip,200,1351,571035,Solformørkelsesrejse til Bilbao - Enestående himmelfænomen,58,"Vær vidne til århundredets astronomiske begivenhed på en 5-dages rejse til Bilbao. Oplev total solformørkelse, Guggenheim-museet og baskisk gastronomi med dansktalende rejseleder.",179,Solformørkelse i Spanien - Bilbao,1,6,15,2018,30,30,0,0,5,AggregateOffer|BreadcrumbList|ListItem|Organization|Product|SearchAction|WebSite,1,9,0,0,0,2,2,0,0,0,,0,0,1,1,1,0,5,https://smilrejser.dk/spanien/solformoerkelse-i-spanien-bilbao,"index, follow",0,0
https://smilrejser.dk/italien/amalfi-a-la-carte,/italien/amalfi-a-la-carte,italien,trip,200,1701,1114455,Amalfikysten med dansktalende rejseleder | Vælg dine egne oplevelser,68,"Udforsk Amalfikystens perler med base i Maiori. Oplev Capri, Ravello, Pompeji og lokale delikatesser. 8 dages rejse med dansktalende rejseleder og direkte fly.",159,Amalfi a la carte,1,7,26,4654,89,89,0,0,55,AggregateOffer|BreadcrumbList|ListItem|Offer|Organization|Product|SearchAction|WebSite,1,9,9,0,0,2,2,0,1,1,8995,19,0,1,1,1,0,8,https://smilrejser.dk/italien/amalfi-a-la-carte,"index, follow",0,0
https://smilrejser.dk/sri-lanka/sri-lanka-for-livsnydere,/sri-lanka/sri-lanka-for-livsnydere,sri-lanka,trip,200,2458,850176,Sri Lanka for livsnydere | Junglelodge | 11 dage,48,Oplev Sri Lankas kontraster på 11 dages rundrejse med dansktalende rejseleder. Fra vilde elefanter og UNESCO-seværdigheder til afslapning ved Det Indiske Oceans bølger.,168,Sri Lanka for livsnydere,1,7,24,3706,54,54,0,0,13,AggregateOffer|Answer|BreadcrumbList|FAQPage|ListItem|Offer|Organization|Product|Question|SearchAction|WebSite,1,11,1,0,0,10,2,0,1,1,20995,3,0,1,1,1,1,11,https://smilrejser.dk/sri-lanka/sri-lanka-for-livsnydere,"index, follow",0,1
https://smilrejser.dk/flodkrydstogter/flodkrydstogt-paa-rhone-floden-2027,/flodkrydstogter/flodkrydstogt-paa-rhone-floden-2027,flodkrydstogter,trip,200,2322,826222,Flodkrydstogt på Rhônefloden - Lyon til Provence med MS Camargue,64,"Flodrejse gennem Sydfrankrig fra Lyon til Provence. Nyd Paul Bocuses restaurant, vinsmagning i Tain og UNESCO-byerne Avignon og Arles.",134,Flodkrydstogt på Rhône-floden - 2027,1,7,35,3425,36,36,0,0,10,AggregateOffer|Answer|BreadcrumbList|FAQPage|ListItem|Offer|Organization|Product|Question|SearchAction|WebSite,1,11,0,0,0,21,2,0,1,1,17995,2,0,1,1,1,1,7,https://smilrejser.dk/flodkrydstogter/flodkrydstogt-paa-rhone-floden-2027,"index, follow",0,0
https://smilrejser.dk/sydafrika/sydafrika-for-livsnydere,/sydafrika/sydafrika-for-livsnydere,sydafrika,trip,200,2422,695799,Oplev Sydafrikas vinland og safari | Rundrejse med rejseleder,61,"Udforsk Sydafrikas vinland, oplev Big 5 i Kruger National Park og besøg Mandelas hus. Rundrejse med dansktalende rejseleder, vinsmagninger og 5 nætter på safari lodge.",167,Sydafrika for livsnydere,1,6,20,3462,33,33,0,0,6,AggregateOffer|Answer|BreadcrumbList|FAQPage|ListItem|Offer|Organization|Product|Question|SearchAction|WebSite,1,11,0,0,0,5,2,0,1,0,,0,0,1,1,1,1,12,https://smilrejser.dk/sydafrika/sydafrika-for-livsnydere,"index, follow",0,0
https://smilrejser.dk/spanien/rundrejse-i-andalusien-med-tog,/spanien/rundrejse-i-andalusien-med-tog,spanien,trip,200,2643,957251,"Andalusien med tog - Granada, Córdoba, Sevilla og Málaga",56,"Togrejse til hjertet af Sydspanien med dansktalende guide. Besøg verdensberømte paladser, hvidkalkede gader og oplev opdagerglæden i godt selskab.",146,Rundrejse i Andalusien med tog,1,7,18,3373,83,83,0,0,52,AggregateOffer|BreadcrumbList|ListItem|Offer|Organization|Product|SearchAction|WebSite,1,9,1,0,0,2,2,0,1,1,12995,2,0,1,1,1,0,8,https://smilrejser.dk/spanien/rundrejse-i-andalusien-med-tog,"index, follow",0,0
https://smilrejser.dk/flodkrydstogter/flodkrydstogt-paa-donaufloden,/flodkrydstogter/flodkrydstogt-paa-donaufloden,flodkrydstogter,trip,200,1439,791623,Flodkrydstogt på Donau | Centraleuropas perler,46,"Oplev Centraleuropas skatte på et 8-dages krydstogt med helpension. Besøg Wien, Melk, Dürnstein, Budapest og Bratislava mens du nyder komfort på første klasse.",159,Flodkrydstogt på Donaufloden,1,6,38,3081,32,32,0,0,5,AggregateOffer|Answer|BreadcrumbList|FAQPage|ListItem|Organization|Product|Question|SearchAction|WebSite,1,11,0,0,0,23,2,0,1,0,,0,0,1,1,1,1,8,https://smilrejser.dk/flodkrydstogter/flodkrydstogt-paa-donaufloden,"index, follow",0,0
https://smilrejser.dk/frankrig/flodkrydstogt-paa-rhinen-og-tur-med-gletsjerekspressen,/frankrig/flodkrydstogt-paa-rhinen-og-tur-med-gletsjerekspressen,frankrig,trip,200,1406,833123,Rhinen-krydstogt med Gletscherekspressen | Alsace &amp; Schweiz,63,"Kombiner flodkrydstogt på Rhinen med togtur gennem de schweiziske alper. Besøg Colmar, kør med Gletscherekspressen og oplev Blomsterøen.",136,Flodkrydstogt på Rhinen &amp; tur med Gletsjerekspressen,1,7,36,3885,38,38,0,0,16,AggregateOffer|Answer|BreadcrumbList|FAQPage|ListItem|Offer|Organization|Product|Question|SearchAction|WebSite,1,11,2,0,0,23,2,0,1,1,14995,4,0,1,1,1,1,5,https://smilrejser.dk/frankrig/flodkrydstogt-paa-rhinen-og-tur-med-gletsjerekspressen,"index, follow",0,0
https://smilrejser.dk/portugal/lissabon-a-la-carte,/portugal/lissabon-a-la-carte,portugal,trip,200,1650,718459,Lissabon med dansk rejseleder - Fleksibel grupperejse i Portugal,64,"Kombiner guidede byvandringer med frihed til egne oplevelser i Lissabon. Udforsk historiske kvarterer, kakkelmuseet og nyd lokal gastronomi på denne 5-dages a la carte rejse.",174,Lissabon a la carte,1,7,20,2281,46,46,0,0,11,AggregateOffer|BreadcrumbList|ListItem|Offer|Organization|Product|SearchAction|WebSite,1,9,1,0,0,0,2,0,1,1,8995,3,0,1,1,1,0,5,https://smilrejser.dk/portugal/lissabon-a-la-carte,"index, follow",0,0
https://smilrejser.dk/kina/vandreferie-paa-den-kinesiske-mur,/kina/vandreferie-paa-den-kinesiske-mur,kina,trip,200,1176,958479,Vandreferie i Kina | Oplev Den Kinesiske Mur og Beijing,55,"Udforsk Den Kinesiske Mur på tre unikke vandreture med dansktalende rejseleder. Oplev også Beijing med Den Forbudte By, Himlens Tempel og lokale hutongkvarterer.",161,Vandreferie på Den Kinesiske Mur,1,7,26,4300,75,75,0,0,38,AggregateOffer|Answer|BreadcrumbList|FAQPage|ListItem|Offer|Organization|Product|Question|SearchAction|WebSite,1,11,2,0,0,11,2,0,1,1,17495,5,0,1,1,1,1,10,https://smilrejser.dk/kina/vandreferie-paa-den-kinesiske-mur,"index, follow",0,0
https://smilrejser.dk/portugal/portugals-groenne-oerige-azorerne-og-madeira,/portugal/portugals-groenne-oerige-azorerne-og-madeira,portugal,trip,200,2362,957503,Azorerne &amp; Madeira - Opdag Portugals fascinerende ø-paradis,63,"Udforsk Portugals grønne ø-rige på en 12-dages rejse til Azorerne og Madeira. Oplev vulkanske landskaber, levada-vandringer, tvillingesøerne og lokale specialiteter med dansktalende rejseleder.",193,Portugals grønne ørige - Azorerne og Madeira,1,7,25,4682,66,66,0,0,31,AggregateOffer|Answer|BreadcrumbList|FAQPage|ListItem|Offer|Organization|Product|Question|SearchAction|WebSite,1,11,2,0,0,4,2,0,1,1,14995,5,0,1,1,1,1,11,https://smilrejser.dk/portugal/portugals-groenne-oerige-azorerne-og-madeira,"index, follow",0,0
https://smilrejser.dk/kina/kina-pagoder-pandaer-og-paladser,/kina/kina-pagoder-pandaer-og-paladser,kina,trip,200,2684,1187548,"Kina rundrejse: Terracotta-hær, pandaer og Den Forbudte By",58,"Oplev det bedste af Kina fra Shanghai til Beijing. Se pandaer i Chengdu, Terracotta-hæren i Xi&#x27;an og Den Kinesiske Mur. Rejsen inkluderer lokal mad og kultur.",163,"Kina - Pagoder, pandaer og paladser",1,7,32,5001,120,120,0,0,63,AggregateOffer|Answer|BreadcrumbList|FAQPage|ListItem|Offer|Organization|Product|Question|SearchAction|WebSite,1,11,1,0,0,8,2,0,1,1,29995,2,0,1,1,1,1,15,https://smilrejser.dk/kina/kina-pagoder-pandaer-og-paladser,"index, follow",0,0
https://smilrejser.dk/kina/kina-og-tibet-ekspressen,/kina/kina-og-tibet-ekspressen,kina,trip,200,1635,1170024,Tibet Ekspressen: Kinas kulturskatte og Tibets hellige steder,61,"13 dages rundrejse med tog til verdens tag. Oplev Den Kinesiske Mur, Potala-paladset og Jokhang-templet. Grupperejse med dansktalende rejseleder og førsteklasses sovekupé.",171,Kina og Tibet-ekspressen,1,7,33,4478,98,98,0,0,61,AggregateOffer|Answer|BreadcrumbList|FAQPage|ListItem|Offer|Organization|Product|Question|SearchAction|WebSite,1,11,1,0,0,9,2,0,1,1,29995,3,0,1,1,1,1,13,https://smilrejser.dk/kina/kina-og-tibet-ekspressen,"index, follow",0,0
https://smilrejser.dk/spanien/fra-bilbao-til-bordeaux-en-kulturel-rejse-gennem-baskerland-og-sydfrankrig,/spanien/fra-bilbao-til-bordeaux-en-kulturel-rejse-gennem-baskerland-og-sydfrankrig,spanien,trip,200,2281,1022239,Kulturrejse fra Bilbao til Bordeaux gennem Baskerland,53,"Kulturel rundrejse fra Bilbao til Bordeaux. Guggenheim museum, pintxos i San Sebastián, vinområder i La Rioja og elegante Bordeaux venter dig.",142,Fra Bilbao til Bordeaux - En kulturel rejse gennem Baskerland og Sydfrankrig,1,7,18,3347,73,73,0,0,41,AggregateOffer|BreadcrumbList|ListItem|Offer|Organization|Product|SearchAction|WebSite,1,9,1,0,0,2,2,0,1,1,15995,2,0,1,1,1,0,9,https://smilrejser.dk/spanien/fra-bilbao-til-bordeaux-en-kulturel-rejse-gennem-baskerland-og-sydfrankrig,"index, follow",0,0
https://smilrejser.dk/marokko/farverige-marokko-fra-tanger-til-marrakech,/marokko/farverige-marokko-fra-tanger-til-marrakech,marokko,trip,200,1522,685856,Rundrejse Marokko - fra Atlanterhavet til Rifbjergene,53,"Oplev Marokkos farverige magi på rundrejse gennem kongebyer og unikke landsbyer. Besøg Tanger, den blå by Chefchaouen, Fes og Marrakech med dansktalende rejseleder.",164,Farverige Marokko - Fra Tanger til Marrakech,1,6,23,3530,32,32,0,0,5,AggregateOffer|Answer|BreadcrumbList|FAQPage|ListItem|Offer|Organization|Product|Question|SearchAction|WebSite,1,11,0,0,0,8,2,0,1,0,,0,0,1,1,1,1,8,https://smilrejser.dk/marokko/farverige-marokko-fra-tanger-til-marrakech,"index, follow",0,0
https://smilrejser.dk/skotland/haverejse-til-skotland,/skotland/haverejse-til-skotland,skotland,trip,200,2010,1055457,Haverejse til Skotland – oplev slotte og pragtfulde haver,57,"Udforsk muromkransede haveidyl, plantejægernes arv og eksotiske blomster ved historiske slotte. Rejse med fællesskab og opdagerglæde i fokus.",141,Haverejse til Skotland,1,7,25,4283,70,70,0,0,37,AggregateOffer|Answer|BreadcrumbList|FAQPage|ListItem|Offer|Organization|Product|Question|SearchAction|WebSite,1,11,2,0,0,5,2,0,1,1,16495,4,0,1,1,1,1,8,https://smilrejser.dk/skotland/haverejse-til-skotland,"index, follow",0,1
https://smilrejser.dk/sydafrika/sydafrika-et-eventyr-i-tre-akter,/sydafrika/sydafrika-et-eventyr-i-tre-akter,sydafrika,trip,200,2246,806949,"Oplev Sydafrikas tre akter: Safari, kultur og naturskønhed",58,"Udforsk Sydafrikas betagende landskaber, møde det vilde dyreliv og fordyb dig i den rige kulturhistorie. Rejs trygt med dansktalende rejseledere og nyd fællesskabet undervejs.",175,Sydafrika - et eventyr i tre akter,1,6,22,4545,50,50,0,0,5,AggregateOffer|Answer|BreadcrumbList|FAQPage|ListItem|Offer|Organization|Product|Question|SearchAction|WebSite,1,11,0,0,0,5,2,0,1,0,,0,0,1,1,1,1,24,https://smilrejser.dk/sydafrika/sydafrika-et-eventyr-i-tre-akter,"index, follow",0,0
https://smilrejser.dk/portugal/lissabon-og-alentejos-herligheder,/portugal/lissabon-og-alentejos-herligheder,portugal,trip,200,1853,696866,Oplev Lissabon &amp; Alentejos herligheder | 8-dages rundrejse,62,"Tag med på 8-dages rundrejse i Portugal. Oplev Alentejos vinmarker, charmerende landsbyer som Monsaraz og Mertola, UNESCO-byen Évora og Lissabons historiske centrum med dansktalende rejseleder.",193,Lissabon og Alentejos herligheder,1,6,21,3118,48,48,0,0,8,AggregateOffer|BreadcrumbList|ListItem|Offer|Organization|Product|SearchAction|WebSite,1,9,0,0,0,2,2,0,1,0,,0,0,1,1,1,0,,https://smilrejser.dk/portugal/lissabon-og-alentejos-herligheder,"index, follow",0,0
https://smilrejser.dk/italien/hjertet-af-italien-paa-elcykel,/italien/hjertet-af-italien-paa-elcykel,italien,trip,200,1827,715478,Elcykelrejse i Umbriens hjerte - Oplev Italiens skjulte perler,62,"Tag på 8 dages cykeloplevelse gennem Italiens grønne hjerte med dansktalende guide. Besøg historiske byer, smag lokal vin og olivenolie, og lær at lave umbrisk mad.",164,På elcykel gennem hjertet af Italien,1,6,19,2051,39,39,0,0,5,AggregateOffer|Answer|BreadcrumbList|FAQPage|ListItem|Offer|Organization|Product|Question|SearchAction|WebSite,1,11,0,0,0,6,2,0,1,0,,0,0,1,1,1,1,8,https://smilrejser.dk/italien/hjertet-af-italien-paa-elcykel,"index, follow",0,0
https://smilrejser.dk/skotland/sommer-i-skotland,/skotland/sommer-i-skotland,skotland,trip,200,1183,682986,"Sommer i det skotske højland | Natur, kultur og whisky",54,"Tag med på en 8-dages grupperejse til Skotlands højland. Oplev Inverness, Loch Lomond, whiskydestilleri og historiske steder med dansktalende rejseleder.",153,Sommer i Skotland,1,6,25,3080,46,46,0,0,5,AggregateOffer|Answer|BreadcrumbList|FAQPage|ListItem|Organization|Product|Question|SearchAction|WebSite,1,11,0,0,0,5,2,0,1,0,,0,0,1,1,1,1,8,https://smilrejser.dk/skotland/sommer-i-skotland,"index, follow",0,0
https://smilrejser.dk/sydafrika/sydafrika-cape-cabernet-og-safari,/sydafrika/sydafrika-cape-cabernet-og-safari,sydafrika,trip,200,1533,1328176,Fra Taffelbjerget til savannen | Sydafrika rundrejse med safari,63,"Rejs gennem Sydafrikas mangfoldige landskaber fra Cape Town til savannen. Oplev Taffelbjerget, vinlandet, pingviner, botaniske haver og Big Five på safari. Grupperejse med dansk rejseleder.",189,"Sydafrika – Cape, Cabernet og safari",1,7,27,4481,91,91,0,0,44,AggregateOffer|Answer|BreadcrumbList|FAQPage|ListItem|Offer|Organization|Product|Question|SearchAction|WebSite,1,11,2,0,0,4,2,0,1,1,22995,5,0,1,1,1,1,11,https://smilrejser.dk/sydafrika/sydafrika-cape-cabernet-og-safari,"index, follow",0,0
https://smilrejser.dk/italien/siciliens-riviera,/italien/siciliens-riviera,italien,trip,200,1803,612550,Siciliens Riviera | Oplev Etna og Taormina i foråret,52,"Nyd 8 dage på Siciliens riviera med udsigt over Det Ioniske Hav. Besøg Etna-vulkanen, udforsk Taormina og oplev autentisk siciliansk kultur med dansktalende rejseleder.",168,Siciliens Riviera,1,6,15,2767,28,28,0,0,5,AggregateOffer|BreadcrumbList|ListItem|Organization|Product|SearchAction|WebSite,1,9,0,0,0,2,2,0,1,0,,0,0,1,1,1,0,8,https://smilrejser.dk/italien/siciliens-riviera,"index, follow",0,1
https://smilrejser.dk/baltikum/den-baltiske-odysse,/baltikum/den-baltiske-odysse,baltikum,trip,200,1018,647907,"Estland, Letland og Litauen | Oplev det bedste af Baltikum",58,"Tag på en 8-dages rejse gennem Estland, Letland og Litauen. Besøg Trakai Slot, Korshøjen og Rigas Art Nouveau-kvarter med erfaren dansk rejseleder.",147,Den Baltiske Odyssé,1,6,17,2443,43,43,0,0,5,AggregateOffer|BreadcrumbList|ListItem|Organization|Product|SearchAction|WebSite,1,9,0,0,0,2,2,0,1,0,,0,0,1,1,1,0,8,https://smilrejser.dk/baltikum/den-baltiske-odysse,"index, follow",0,0
https://smilrejser.dk/portugal/haverejse-til-nordportugal,/portugal/haverejse-til-nordportugal,portugal,trip,200,2848,872259,Haverejse til Nordportugal | Oplev kameliaer og kultur | Læs mere her!,70,"Rejs med dansktalende guide til Nordportugals blomstrende haver. Oplev eksotiske kameliaer, historiske byer som Porto, Braga og Guimarães samt en dag i spanske Galicien.",169,Haverejse til Nordportugal,1,8,21,2844,52,52,0,0,26,AggregateOffer|Answer|BreadcrumbList|FAQPage|ListItem|Offer|Organization|Product|Question|SearchAction|WebSite,1,11,1,0,0,7,2,0,1,1,10995,3,0,1,1,1,1,5,https://smilrejser.dk/portugal/haverejse-til-nordportugal,"index, follow",0,1
https://smilrejser.dk/bulgarien/bulgariens-skjulte-skatte,/bulgarien/bulgariens-skjulte-skatte,bulgarien,trip,200,1926,657606,"Rejs til Bulgariens skjulte skatte | Kultur, historie &amp; gastronomi",70,"Rejs gennem Bulgariens fascinerende historie fra Sofia til Plovdiv. Besøg UNESCO-fredede klostre, smag lokale vine og oplev autentisk bulgarsk gastronomi",153,Bulgariens skjulte skatte,1,6,17,2505,44,44,0,0,5,AggregateOffer|BreadcrumbList|ListItem|Offer|Organization|Product|SearchAction|WebSite,1,9,0,0,0,2,2,0,1,0,,0,0,1,1,1,0,8,https://smilrejser.dk/bulgarien/bulgariens-skjulte-skatte,"index, follow",0,1
https://smilrejser.dk/flodkrydstogter/douro-deluxe-flodkrydstogt-paa-dourofloden,/flodkrydstogter/douro-deluxe-flodkrydstogt-paa-dourofloden,flodkrydstogter,trip,200,1934,606231,Deluxe flodkrydstogt på Douro - Portugals vinlandskab venter,60,"Tag med på 8-dages sejlads fra Porto gennem Douro-dalen med dansktalende rejseleder. Oplev UNESCO-landskaber, portvinssmagning og historiske byer med helpension ombord.",168,Douro Deluxe - flodkrydstogt på Dourofloden,1,6,16,1749,30,30,0,0,7,AggregateOffer|Answer|BreadcrumbList|FAQPage|ListItem|Organization|Product|Question|SearchAction|WebSite,1,11,0,0,0,1,2,0,1,0,,0,0,1,1,1,1,8,https://smilrejser.dk/flodkrydstogter/douro-deluxe-flodkrydstogt-paa-dourofloden,"index, follow",0,0
https://smilrejser.dk/tjekkiet/magiske-prag-en-kulturrejse-i-europas-hjerte,/tjekkiet/magiske-prag-en-kulturrejse-i-europas-hjerte,tjekkiet,trip,200,1226,577891,Kulturrejse til Prag - Oplevelser i den gyldne stad,51,"Udforsk Prags historiske centrum og UNESCO-byen Kutná Hora på en 5-dages rejse. Oplev Karlsbroen, Sankt Barbara-katedralen og Knoglekapellet i trygge rammer.",157,Magiske Prag - en kulturrejse i Europas hjerte,1,6,15,2070,30,30,0,0,5,AggregateOffer|BreadcrumbList|ListItem|Organization|Product|SearchAction|WebSite,1,9,0,0,0,2,2,0,1,0,,0,0,1,1,1,0,5,https://smilrejser.dk/tjekkiet/magiske-prag-en-kulturrejse-i-europas-hjerte,"index, follow",0,0
https://smilrejser.dk/georgien/vandreferie-i-georgien-svaneti,/georgien/vandreferie-i-georgien-svaneti,georgien,trip,200,1826,646015,Vandreferie i Georgiens Svaneti | Oplev Kaukasus&#x27; skønhed,62,"Udforsk Kaukasus&#x27; dramatiske bjerglandskab på vandreferie. Besøg Europas højeste landsby, oplev ikoniske vagttårne og vandre ved gletsjere med dansktalende rejseleder.",172,Vandreferie i Georgien - Svaneti,1,6,17,2234,39,39,0,0,5,AggregateOffer|BreadcrumbList|ListItem|Organization|Product|SearchAction|WebSite,1,9,0,0,0,2,2,0,1,0,,0,0,1,1,1,0,11,https://smilrejser.dk/georgien/vandreferie-i-georgien-svaneti,"index, follow",0,0
https://smilrejser.dk/italien/sommer-ved-gardasoeen,/italien/sommer-ved-gardasoeen,italien,trip,200,1364,617931,Oplev den maleriske Gardasø | 8 dages sommerrejse med guide,59,"Tag på en uforglemmelig rejse til Italiens største sø. Nyd sejlture, vinsmaging og middelalderbyerne Limone og Malcesine. Grupperejse med dansktalende rejseleder og håndplukkede oplevelser.",189,Sommer ved Gardasøen,1,6,17,2489,35,35,0,0,5,AggregateOffer|BreadcrumbList|ListItem|Organization|Product|SearchAction|WebSite,1,9,0,0,0,2,2,0,1,0,,0,0,1,1,1,0,8,https://smilrejser.dk/italien/sommer-ved-gardasoeen,"index, follow",0,0
https://smilrejser.dk/spanien/solformoerkelse-i-spanien-valencia,/spanien/solformoerkelse-i-spanien-valencia,spanien,trip,200,1078,551372,Oplev total solformørkelse i Valencia | Unik astronomisk rejse,62,"Tag med til Valencia og oplev den totale solformørkelse august 2026. 5 dages rejse med kulturelle oplevelser, gastronomiske måltider og astronomisk fænomen i fællesskab.",169,Solformørkelse i Spanien - Valencia,1,6,13,1642,26,26,0,0,5,AggregateOffer|BreadcrumbList|ListItem|Organization|Product|SearchAction|WebSite,1,9,0,0,0,2,2,0,0,0,,0,0,1,1,1,0,5,https://smilrejser.dk/spanien/solformoerkelse-i-spanien-valencia,"index, follow",0,0
https://smilrejser.dk/balkan/betagende-syd-balkan,/balkan/betagende-syd-balkan,balkan,trip,200,1910,736976,"Rejse til Nordmakedonien, Grækenland &amp; Albanien | 12 dage",61,"Tag med på en rejse gennem Nordmakedonien, Grækenland og Albanien. Udforsk UNESCO-sites, smag lokal vin og oplev dramatisk natur med ligesindede rejsende.",154,Betagende Syd-Balkan,1,6,21,3617,49,49,0,0,5,AggregateOffer|BreadcrumbList|ListItem|Organization|Product|SearchAction|WebSite,1,9,0,0,0,2,2,0,1,0,,0,0,1,1,1,0,12,https://smilrejser.dk/balkan/betagende-syd-balkan,"index, follow",0,0
https://smilrejser.dk/cypern/charmerende-cypern-kultur-og-livsnydelse,/cypern/charmerende-cypern-kultur-og-livsnydelse,cypern,trip,200,1215,616223,Oplevelsesrig rejse til Cypern | Afrodites ø venter på dig,58,"Tag med til Cypern og oplev Paphos, Nicosia og Troodos-bjergene. 8 dages rejse med dansktalende rejseleder, 4-stjernet hotel og udvalgte udflugter. Rejs i godt selskab!",168,Charmerende Cypern - kultur og livsnydelse,1,6,17,1814,38,38,0,0,5,AggregateOffer|BreadcrumbList|ListItem|Organization|Product|SearchAction|WebSite,1,9,0,0,0,2,2,0,1,0,,0,0,1,1,1,0,8,https://smilrejser.dk/cypern/charmerende-cypern-kultur-og-livsnydelse,"index, follow",0,0
https://smilrejser.dk/norge/haverejse-til-stavanger,/norge/haverejse-til-stavanger,norge,trip,200,1416,582412,Oplev Norges palmeø på haverejse til Stavanger i juni,53,"4 dage med dansktalende guide til Norges haveparadis. Besøg den eksotiske palmeø Flor &amp; Fjære, Rogaland Arboret og private haver. Perfekt rejse for haveentusiaster.",168,Haverejse til Stavanger,1,6,17,2008,35,34,1,0,5,AggregateOffer|BreadcrumbList|ListItem|Organization|Product|SearchAction|WebSite,1,9,0,0,0,2,2,0,1,0,,0,0,1,1,1,0,4,https://smilrejser.dk/norge/haverejse-til-stavanger,"index, follow",0,1
https://smilrejser.dk/portugal/essensen-af-madeira,/portugal/essensen-af-madeira,portugal,trip,200,2750,748290,Essensen af Madeira | Grupperejse til Portugals grønne paradis,62,"Nyd Madeiras højdepunkter fra dit komfortable hotel i Funchal. Oplev levadaer, Cabo Girão Skywalk og UNESCO&#x27;s laurisilva-skov. Rejs med ligesindede og dansk rejseleder.",173,Essensen af Madeira,1,6,25,3166,44,44,0,0,5,AggregateOffer|BreadcrumbList|ListItem|Organization|Product|SearchAction|WebSite,1,9,0,0,0,2,2,0,1,0,,0,0,1,1,1,0,8,https://smilrejser.dk/portugal/essensen-af-madeira,"index, follow",0,1
https://smilrejser.dk/jordan/vandreferie-i-jordan,/jordan/vandreferie-i-jordan,jordan,trip,200,2854,690854,"Vandrerejse til Jordan - Petra, ørkenen og Det Døde Hav",55,"Oplev Jordan til fods med guidede vandreture i Petra, Dana Naturreservat og Wadi Rum ørkenen. 8 dages grupperejse med dansktalende rejseleder og fantastiske naturoplevelser.",173,Vandreferie i Jordan,1,6,23,3338,36,36,0,0,6,AggregateOffer|Answer|BreadcrumbList|FAQPage|ListItem|Offer|Organization|Product|Question|SearchAction|WebSite,1,11,0,0,0,10,2,0,1,0,,0,0,1,1,1,1,8,https://smilrejser.dk/jordan/vandreferie-i-jordan,"index, follow",0,0
https://smilrejser.dk/portugal/mageloese_madeira_med_blomsterfestivalen,/portugal/mageloese_madeira_med_blomsterfestivalen,portugal,trip,200,2126,638840,Oplev Madeiras farverige blomsterfestival | 8 dages grupperejse,63,"Vær med til Madeiras spektakulære blomsterparade og oplev Funchals pyntede gader. Nyd nordkysten, vinsmagning og vandreture med dansktalende rejseleder på denne 8-dages rejse med All Inclusive.",193,Mageløse Madeira med blomsterfestivalen,1,6,21,2918,37,37,0,0,6,AggregateOffer|BreadcrumbList|ListItem|Organization|Product|SearchAction|WebSite,1,9,0,0,0,2,2,0,1,0,,0,0,1,1,1,0,8,https://smilrejser.dk/portugal/mageloese_madeira_med_blomsterfestivalen,"index, follow",0,0
https://smilrejser.dk/italien/napoli-og-amalfikysten-storbyens-puls-og-kystens-hoejdepunkter,/italien/napoli-og-amalfikysten-storbyens-puls-og-kystens-hoejdepunkter,italien,trip,200,2757,620018,Grupperejse til Napoli og Amalfikysten - 8 dage med oplevelser,62,"Rejse til Syditalien med dansktalende rejseleder. Byrundtur i Napoli, vandretur på Citronstien og sejlture til Positano og Amalfi.",130,Napoli og Amalfikysten - storbyens puls og kystens højdepunkter,1,6,13,3067,36,36,0,0,5,AggregateOffer|BreadcrumbList|ListItem|Organization|Product|SearchAction|WebSite,1,9,0,0,0,2,2,0,1,0,,0,0,1,1,1,0,8,https://smilrejser.dk/italien/napoli-og-amalfikysten-storbyens-puls-og-kystens-hoejdepunkter,"index, follow",0,0
https://smilrejser.dk/balkan/betagende-nord-balkan,/balkan/betagende-nord-balkan,balkan,trip,200,1389,680750,Betagende Nord-Balkan: Oplev 4 fascinerende lande på én rejse,61,"Udforsk Serbien, Bosnien, Kroatien og Montenegro på én rejse. Oplev UNESCO-byer, historiske seværdigheder og betagende natur med dansk rejseleder. Perfekt grupperejse til Balkan.",178,Betagende Nord-Balkan,1,6,13,2887,42,42,0,0,5,AggregateOffer|BreadcrumbList|ListItem|Organization|Product|SearchAction|WebSite,1,9,0,0,0,2,2,0,1,0,,0,0,1,1,1,0,12,https://smilrejser.dk/balkan/betagende-nord-balkan,"index, follow",0,1
https://smilrejser.dk/graekenland/nordgraekenland-mellem-himmel-og-hav,/graekenland/nordgraekenland-mellem-himmel-og-hav,graekenland,trip,200,1959,955278,Nordgrækenland mellem himmel og hav - Oplevelsesrig rundrejse,61,"Rejs gennem Grækenlands skjulte perler fra Athen til Meteora og Delfi. Oplev antikke templer, dramatiske bjerglandskaber og lokal kultur med dansk guide.",153,Nordgrækenland - mellem himmel og hav,1,7,20,2503,84,84,0,0,50,AggregateOffer|BreadcrumbList|ListItem|Offer|Organization|Product|SearchAction|WebSite,1,9,1,0,0,2,2,0,1,1,13995,2,0,1,1,1,0,8,https://smilrejser.dk/graekenland/nordgraekenland-mellem-himmel-og-hav,"index, follow",0,0
https://smilrejser.dk/portugal/vandreferie-paa-madeira,/portugal/vandreferie-paa-madeira,portugal,trip,200,1693,959185,Oplev Madeiras levadaer | Vandreferie med dansk rejseleder,58,"Tag på eventyrlig vandreferie til Madeira med 4 varierede vandreture. Følg levadaer gennem frodige skove, oplev São Lourenço og udforsk Funchal.",144,Vandreferie på Madeira,1,7,29,4526,57,57,0,0,22,AggregateOffer|Answer|BreadcrumbList|FAQPage|ListItem|Offer|Organization|Product|Question|SearchAction|WebSite,1,11,10,0,0,6,2,0,1,1,12995,21,0,1,1,1,1,8,https://smilrejser.dk/portugal/vandreferie-paa-madeira,"index, follow",0,0
https://smilrejser.dk/portugal/vandreferie-paa-algarvekysten,/portugal/vandreferie-paa-algarvekysten,portugal,trip,200,2460,964100,Vandreferie på Algarvekysten | Oplev Portugals natur til fods,61,"Udforsk Algarvekystens spektakulære landskaber på 8 dages vandreferie med dansktalende rejseleder. Oplev dramatiske klipper, korkskov og charmerende landsbyer. Book din rejse nu.",178,Vandreferie på Algarvekysten,1,7,21,3995,71,71,0,0,41,AggregateOffer|Answer|BreadcrumbList|FAQPage|ListItem|Offer|Organization|Product|Question|SearchAction|WebSite,1,11,2,0,0,6,2,0,1,1,13995,5,0,1,1,1,1,8,https://smilrejser.dk/portugal/vandreferie-paa-algarvekysten,"index, follow",0,1
https://smilrejser.dk/faeroeerne/fabelagtige-faeroerne,/faeroeerne/fabelagtige-faeroerne,faeroeerne,trip,200,4911,762910,Oplev fabelagtige Færøerne | 6 dages grupperejse med rejseleder,63,"Udforsk Færøernes majestætiske fjelde, dramatiske kyster og idylliske bygder på 6 dage. Rejsen byder på kulturhistorie, lokale møder og storslåede naturoplevelser med kyndig rejseleder.",185,Fabelagtige Færøerne,1,6,27,3254,42,42,0,0,5,AggregateOffer|Answer|BreadcrumbList|FAQPage|ListItem|Offer|Organization|Product|Question|SearchAction|WebSite,1,11,0,0,0,6,2,0,1,0,,0,0,1,1,1,1,6,https://smilrejser.dk/faeroeerne/fabelagtige-faeroerne,"index, follow",0,1
https://smilrejser.dk/italien/cilento-det-hemmelige-syditalienske-paradis,/italien/cilento-det-hemmelige-syditalienske-paradis,italien,trip,200,4099,799202,Cilento rejse med dansk rejseleder | Syditaliens skønne kyst,60,"Rejs til Cilento og oplev et autentisk Italien med middelalderbyer, UNESCO-verdensarv og lokal madkultur. 8 dages grupperejse med dansk rejseleder, udflugter og tid til afslapning.",180,Cilento - det hemmelige syditalienske paradis,1,7,17,2337,53,53,0,0,18,AggregateOffer|BreadcrumbList|ListItem|Offer|Organization|Product|SearchAction|WebSite,1,9,2,0,0,0,2,0,1,1,12995,4,0,1,1,1,0,8,https://smilrejser.dk/italien/cilento-det-hemmelige-syditalienske-paradis,"index, follow",0,0
https://smilrejser.dk/italien/vidunderlige-amalfi,/italien/vidunderlige-amalfi,italien,trip,200,1896,1149953,Oplev vidunderlige Amalfi | 8 dages grupperejse med dansk rejseleder,68,"Udforsk Amalfikystens perler: Ravello, Capri og Pompeji. Nyd sejlture langs dramatiske klipper, vandring på Citronstien og lokale delikatesser. Grupperejse med tryghed og fællesskab.",182,Vidunderlige Amalfi,1,7,37,5354,68,68,0,0,37,AggregateOffer|BreadcrumbList|ListItem|Offer|Organization|Product|SearchAction|WebSite,1,9,22,0,0,2,2,0,1,1,10995,45,0,1,1,1,0,8,https://smilrejser.dk/italien/vidunderlige-amalfi,"index, follow",0,1
https://smilrejser.dk/italien/kulinariske-vandringer-paa-amalfikysten,/italien/kulinariske-vandringer-paa-amalfikysten,italien,trip,200,2003,960647,Kulinariske vandringer på Amalfikysten | 8 dages vandreferie,60,"Tag på kulinarisk vandreferie i Syditalien og oplev Gudernes Sti, Mølledalen og Ravello. Nyd lokal mad, fantastiske udsigter og komfortabel indkvartering med dansk rejseleder.",175,Kulinariske vandringer på Amalfikysten,1,8,23,4080,55,55,0,0,24,AggregateOffer|Answer|BreadcrumbList|FAQPage|ListItem|Offer|Organization|Product|Question|SearchAction|WebSite,1,11,5,0,0,3,2,0,1,1,8995,14,1,1,1,1,1,8,https://smilrejser.dk/italien/kulinariske-vandringer-paa-amalfikysten,"index, follow",0,1
https://smilrejser.dk/england/vandreferie-i-lake-district,/england/vandreferie-i-lake-district,england,trip,200,1175,730327,Vandreferie i Lake District | 8 dage med dansktalende rejseleder,64,"Tag med på 8 dages vandreferie i Englands mest betagende nationalpark. Oplev spejlblanke søer, grønne dale og dramatiske bjergsider med erfaren dansk rejseleder.",161,Vandreferie i Lake District,1,6,22,3764,34,34,0,0,5,AggregateOffer|Answer|BreadcrumbList|FAQPage|ListItem|Offer|Organization|Product|Question|SearchAction|WebSite,1,11,0,0,0,6,2,0,1,0,,0,0,1,1,1,1,8,https://smilrejser.dk/england/vandreferie-i-lake-district,"index, follow",0,1
https://smilrejser.dk/flodkrydstogter/flodkrydstogt-paa-douro-floden,/flodkrydstogter/flodkrydstogt-paa-douro-floden,flodkrydstogter,trip,200,1538,806606,Flodkrydstogt på Douro-floden | 8 dage med dansktalende rejseleder,66,"Oplev Portugals vinland fra vandvejen med all inclusive og unikke udflugter til Porto, Lamego og Castelo Rodrigo. Nyd vinmarker, vinsmagning og lokal kultur på Douro-floden.",173,Flodkrydstogt på Douro-floden,1,6,34,3234,32,32,0,0,5,AggregateOffer|Answer|BreadcrumbList|FAQPage|ListItem|Organization|Product|Question|SearchAction|WebSite,1,11,0,0,0,21,2,0,1,0,,0,0,1,1,1,1,8,https://smilrejser.dk/flodkrydstogter/flodkrydstogt-paa-douro-floden,"index, follow",0,1
https://smilrejser.dk/italien/et-syditaliensk-eventyr,/italien/et-syditaliensk-eventyr,italien,trip,200,1609,911204,Syditaliensk eventyr i Apulien | Rundrejse med dansk rejseleder,63,"Udforsk Apuliens hvide byer, historiske Matera og barokbyen Lecce på 8 dage. Nyd autentisk italiensk mad, vin og kultur med dansktalende rejseleder.",148,Et syditaliensk eventyr,1,7,19,2910,58,58,0,0,26,AggregateOffer|BreadcrumbList|ListItem|Offer|Organization|Product|SearchAction|WebSite,1,9,8,0,0,0,2,0,1,1,13995,16,0,1,1,1,0,8,https://smilrejser.dk/italien/et-syditaliensk-eventyr,"index, follow",0,0
https://smilrejser.dk/italien/opera-verona,/italien/opera-verona,italien,trip,200,1448,792648,Opera under åben himmel | Kulturrejse til Verona | 5 dage,57,Kombiner operaoplevelser i Arena di Verona med italiensk gourmetmad og kulturelle oplevelser. Centralt hotel og guidet byvandring i historiske omgivelser. Book nu!,163,Opera i Verona,1,7,18,2405,37,37,0,0,10,AggregateOffer|BreadcrumbList|ListItem|Offer|Organization|Product|SearchAction|WebSite,1,9,1,0,0,2,2,0,1,1,10495,2,0,1,1,1,0,5,https://smilrejser.dk/italien/opera-verona,"index, follow",0,0
https://smilrejser.dk/italien/vidunderlige-norditalien,/italien/vidunderlige-norditalien,italien,trip,200,3228,931713,Oplev Norditaliens søhøjland | 7 dage med rejseleder,52,"Tag med til Norditaliens skønneste søer og byer. Besøg Bellagio, De Borromeiske Øer og UNESCO-listede Oropa. 7 dage med dansktalende rejseleder og håndplukkede oplevelser.",171,Vidunderlige Norditalien,1,7,19,2122,51,51,0,0,18,AggregateOffer|BreadcrumbList|ListItem|Offer|Organization|Product|SearchAction|WebSite,1,9,2,0,0,2,2,0,1,1,11995,5,0,1,1,1,0,7,https://smilrejser.dk/italien/vidunderlige-norditalien,"index, follow",0,0
https://smilrejser.dk/schweiz/toppen-af-alperne-med-gletsjer-ekspressen,/schweiz/toppen-af-alperne-med-gletsjer-ekspressen,schweiz,trip,200,1487,846875,Oplev Schweiz med Gletsjer-ekspressen | Togrejse i Alperne,58,"Oplev Schweiz&#x27; ikoniske bjerglandskaber fra Gletsjer-ekspressen. Besøg Matterhorn, Lago Maggiore og italienske bjergbyer på 8 dages rejse med dansktalende rejseleder.",171,Toppen af Alperne med Gletsjer-ekspressen,1,7,16,2643,54,54,0,0,25,AggregateOffer|BreadcrumbList|ListItem|Offer|Organization|Product|SearchAction|WebSite,1,9,0,0,0,2,2,0,1,1,20495,2,0,1,1,1,0,8,https://smilrejser.dk/schweiz/toppen-af-alperne-med-gletsjer-ekspressen,"index, follow",0,0
https://smilrejser.dk/marokko/marokko-blandt-berbere-og-beduiner,/marokko/marokko-blandt-berbere-og-beduiner,marokko,trip,200,1856,1207398,Oplev Marokkos magi - Rundrejse blandt berbere og beduiner,58,"Oplev Marokkos kontraster på 11 dages rundrejse med dansk rejseleder. Udforsk farverige souker, overnatte i ørkenlejr og vandre i Todghakløften. Book din plads nu.",163,Eksklusiv rundrejse i Marokko – blandt berbere og beduiner,1,7,28,4159,112,112,0,0,73,AggregateOffer|Answer|BreadcrumbList|FAQPage|ListItem|Offer|Organization|Product|Question|SearchAction|WebSite,1,11,1,0,0,6,2,0,1,1,17495,3,0,1,1,1,1,11,https://smilrejser.dk/marokko/marokko-blandt-berbere-og-beduiner,"index, follow",0,0
https://smilrejser.dk/italien/vesuvs-arkaeologiske-skygge,/italien/vesuvs-arkaeologiske-skygge,italien,trip,200,1308,828320,Pompeji og Herculaneum | Historisk grupperejse til Vesuv,56,"Tag med på en fascinerende rejse til Syditalien med dansktalende rejseleder. Udforsk Pompeji, Herculaneum og Vesuv, og bo med udsigt over Napolibugten. Book din kulturrejse nu.",176,Vesuvs arkæologiske skygge,1,7,23,2977,49,49,0,0,21,AggregateOffer|BreadcrumbList|ListItem|Offer|Organization|Product|SearchAction|WebSite,1,9,6,0,0,2,2,0,1,1,11995,13,0,1,1,1,0,8,https://smilrejser.dk/italien/vesuvs-arkaeologiske-skygge,"index, follow",0,0
https://smilrejser.dk/italien/puccini-operarejse-til-toscana,/italien/puccini-operarejse-til-toscana,italien,trip,200,1186,663213,Puccini operarejse til Toscana | Operafestival under åben himmel,64,"Nyd Puccinis operafestival ved Lago Puccini og udforsk Lucca, Pisa og Firenze. 8 dages grupperejse med opera, vinsmagning og historiske byer i skønne Toscana.",158,Puccini operarejse til Toscana,1,9,17,2263,30,30,0,0,5,AggregateOffer|BreadcrumbList|ListItem|Offer|Organization|Product|SearchAction|WebSite,1,9,0,0,0,2,2,0,1,0,,0,0,1,1,1,0,8,https://smilrejser.dk/italien/puccini-operarejse-til-toscana,"index, follow",0,1
https://smilrejser.dk/italien/vidunderlige-toscana,/italien/vidunderlige-toscana,italien,trip,200,1367,829048,"Toscana i dybden | Kultur, kunst &amp; gastronomi med rejseleder",64,"Udforsk Toscanas skatte: Firenze, Siena, San Gimignano og Lucca. Nyd vingårdsbesøg, kulturelle perler og lokale specialiteter på vores grupperejse med tryghed og fællesskab.",173,Vidunderlige Toscana,1,7,20,2783,52,52,0,0,21,AggregateOffer|BreadcrumbList|ListItem|Offer|Organization|Product|SearchAction|WebSite,1,9,3,0,0,2,2,0,1,1,9995,7,0,1,1,1,0,8,https://smilrejser.dk/italien/vidunderlige-toscana,"index, follow",0,0
https://smilrejser.dk/italien/gardasoeens-herligheder,/italien/gardasoeens-herligheder,italien,trip,200,1795,801352,Gardasøens herligheder | 8 dages rejse med dansk rejseleder,59,"Oplev Italiens største sø med bådsejlads, besøg i Verona, Venedig og Dolomitterne. Nyd vinsmagning i Valpolicella og udforsk charmerende byer langs Gardasøen på en 8-dages grupperejse.",184,Gardasøens Herligheder,1,7,19,2636,47,47,0,0,19,AggregateOffer|BreadcrumbList|ListItem|Offer|Organization|Product|SearchAction|WebSite,1,9,2,0,0,2,2,0,1,1,9995,5,0,1,1,1,0,8,https://smilrejser.dk/italien/gardasoeens-herligheder,"index, follow",0,1
https://smilrejser.dk/portugal/nytaarsrejse-til-madeira,/portugal/nytaarsrejse-til-madeira,portugal,trip,200,1332,903665,"Nytårsoplevelser på Madeira | Fyrværkeri, natur og kulturelle indtryk",69,"Oplev Madeiras fascinerende natur, kultur og det berømte nytårsfyrværkeri. 8 dages rejse med all-inclusive ophold, Funchal byvandring og udflugter til øens kyster.",163,Nytårsrejse til Madeira,1,7,30,4367,68,68,0,0,24,AggregateOffer|Answer|BreadcrumbList|FAQPage|ListItem|Offer|Organization|Product|Question|SearchAction|WebSite,1,11,1,0,0,4,2,0,1,1,17495,3,0,1,1,1,1,8,https://smilrejser.dk/portugal/nytaarsrejse-til-madeira,"index, follow",0,0
https://smilrejser.dk/graekenland/unik-rundrejse-paa-peloponnes,/graekenland/unik-rundrejse-paa-peloponnes,graekenland,trip,200,2653,1244171,Oplev Peloponnes | Rundrejse til Grækenlands historiske perle,61,"Tag på opdagelse i Peloponnes med dansktalende rejseleder. Besøg Nafplio, Epidavros og Olympia på 8 dage. Kombiner historie, kultur og natur på denne unikke rundrejse i Grækenland.",180,Unik rundrejse på Peloponnes,1,7,16,3417,79,79,0,0,46,AggregateOffer|BreadcrumbList|ListItem|Offer|Organization|Product|SearchAction|WebSite,1,9,1,0,0,2,2,0,1,1,15095,2,0,1,1,1,0,8,https://smilrejser.dk/graekenland/unik-rundrejse-paa-peloponnes,"index, follow",0,0
https://smilrejser.dk/oman/oman-det-fortryllende-oerkenland,/oman/oman-det-fortryllende-oerkenland,oman,trip,200,1556,798231,Oplev Oman - Rundrejse i det fortryllende ørkenland | 11 dage,61,"Opdagerglæde venter i Oman! Oplev Wahiba-ørkenen, Jebel Shams, delfinsafari og skildpaddereservat på vores 11-dages grupperejse med tryghed og fællesskab.",154,Oman - et fortryllende ørkenland,1,6,29,2963,45,45,0,0,5,AggregateOffer|Answer|BreadcrumbList|FAQPage|ListItem|Offer|Organization|Product|Question|SearchAction|WebSite,1,11,0,0,0,14,2,0,1,0,,0,0,1,1,1,1,11,https://smilrejser.dk/oman/oman-det-fortryllende-oerkenland,"index, follow",0,0
https://smilrejser.dk/irland/fortryllende-irland,/irland/fortryllende-irland,irland,trip,200,2081,1241168,Oplev Irlands højdepunkter | Rundrejse med dansk rejseleder,59,"Fordyb dig i Irlands grønne landskaber, kystklinter og historiske byer. 8 dages grupperejse med dansktalende rejseleder til Dublin, Galway, Killarney og Kilkenny. Book nu.",171,Fortryllende Irland,1,7,22,4302,90,90,0,0,51,AggregateOffer|Answer|BreadcrumbList|FAQPage|ListItem|Offer|Organization|Product|Question|SearchAction|WebSite,1,11,2,0,0,3,2,0,1,1,15995,5,0,1,1,1,1,8,https://smilrejser.dk/irland/fortryllende-irland,"index, follow",0,0
https://smilrejser.dk/cypern/cypern-afrodites-smukke-oe,/cypern/cypern-afrodites-smukke-oe,cypern,trip,200,1075,838015,Oplevelsesrig rejse til Cypern | Afrodites ø venter på dig,58,"Tag med til Cypern og oplev Paphos, Nicosia og Troodos-bjergene. 8 dages rejse med dansktalende rejseleder, 4-stjernet hotel og udvalgte udflugter. Rejs i godt selskab!",168,Cypern - Afrodites smukke ø,1,7,18,2123,51,51,0,0,19,AggregateOffer|BreadcrumbList|ListItem|Offer|Organization|Product|SearchAction|WebSite,1,9,1,0,0,2,2,0,1,1,11495,3,0,1,1,1,0,8,https://smilrejser.dk/cypern/cypern-afrodites-smukke-oe,"index, follow",0,0
https://smilrejser.dk/italien/klassiske-sicilien,/italien/klassiske-sicilien,italien,trip,200,1414,1362350,Klassiske Sicilien: 8 dages rundrejse med dansk rejseleder,58,"Tag med på en 8-dages rejse gennem Siciliens fascinerende historie og kultur. Besøg Tempeldalen, Monreale, Taormina og Syracusa med dansktalende rejseleder i en lille gruppe.",174,Klassiske Sicilien,1,7,21,3485,115,115,0,0,84,AggregateOffer|BreadcrumbList|ListItem|Offer|Organization|Product|SearchAction|WebSite,1,9,2,0,0,2,2,0,1,1,15495,5,0,1,1,1,0,8,https://smilrejser.dk/italien/klassiske-sicilien,"index, follow",0,1
https://smilrejser.dk/portugal/paa-opdagelse-i-portugal,/portugal/paa-opdagelse-i-portugal,portugal,trip,200,1868,1537485,Portugal fra nord til syd | Rundrejse med dansk guide og vingårdsbesøg,70,Udforsk Portugals kulturarv og vinområder på vores 10-dages rundrejse. Fra Lissabons pulserende byliv til Douro-dalens vinmarker med dansk rejseleder som guide.,160,På opdagelse i Portugal,1,7,26,4637,111,111,0,0,56,AggregateOffer|BreadcrumbList|ListItem|Offer|Organization|Product|SearchAction|WebSite,1,9,3,0,0,2,2,0,1,1,15495,7,0,1,1,1,0,10,https://smilrejser.dk/portugal/paa-opdagelse-i-portugal,"index, follow",0,0
https://smilrejser.dk/portugal/porto-og-douro-dalens-herligheder,/portugal/porto-og-douro-dalens-herligheder,portugal,trip,200,1682,960266,Grupperejse til Porto og Douro-dalen | Vingårde og kulturperler,63,"Udforsk Porto og Douro-dalens herligheder med dansktalende rejseleder. Vingårdsbesøg, sejltur på floden og kulturelle oplevelser i Nordportugals smukke vinlandskaber. Rejs med tryghed og fællesskab.",198,Porto og Douro-dalens herligheder,1,7,25,4331,82,82,0,0,28,AggregateOffer|BreadcrumbList|ListItem|Offer|Organization|Product|SearchAction|WebSite,1,9,2,0,0,2,2,0,1,1,13695,4,0,1,1,1,0,8,https://smilrejser.dk/portugal/porto-og-douro-dalens-herligheder,"index, follow",0,0
https://smilrejser.dk/portugal/cascais-portugals-riviera,/portugal/cascais-portugals-riviera,portugal,trip,200,1445,824276,Cascais &amp; Lissabon - Grupperejse til Portugals kyststrækning,64,"Udforsk Cascais&#x27; idylliske kystby med dansktalende rejseleder. Nyd strandpromenader, besøg Sintra og Lissabon på 8-dages grupperejse med fokus på fællesskab og opdagerglæde.",178,Cascais – den charmerende kystby ved Lissabon,1,7,15,2753,53,53,0,0,24,AggregateOffer|BreadcrumbList|ListItem|Offer|Organization|Product|SearchAction|WebSite,1,9,2,0,0,2,2,0,1,1,7695,5,0,1,1,1,0,8,https://smilrejser.dk/portugal/cascais-portugals-riviera,"index, follow",0,0
https://smilrejser.dk/italien/vin-og-gastronomi-i-piemonte,/italien/vin-og-gastronomi-i-piemonte,italien,trip,200,1998,744243,Oplev Piemonte - Vinrejse med trøffeljagt og madlavningskursus,62,"Fordyb dig i Piemontes vinverden på 6 dage med besøg hos vinproducenter, madlavningskursus og trøffeljagt. Oplev det ægte italienske køkken.",140,Vin og gastronomi i Piemonte,1,7,20,2147,48,48,0,0,19,AggregateOffer|BreadcrumbList|ListItem|Offer|Organization|Product|SearchAction|WebSite,1,9,1,0,0,2,2,0,1,1,13995,2,0,1,1,1,0,6,https://smilrejser.dk/italien/vin-og-gastronomi-i-piemonte,"index, follow",0,0
https://smilrejser.dk/skotland/vandreferie-i-skotland,/skotland/vandreferie-i-skotland,skotland,trip,200,1725,1060696,"Vandring i Skotlands højland | Natur, kultur og whisky",54,"Vandre gennem Skotlands vilde natur på 8-dages rejse. Oplev Loch Ness, Glencoe og West Highland Way. Dansktalende rejseleder og håndplukkede vandreruter.",153,Vandreferie i Skotland,1,7,22,4102,67,67,0,0,37,AggregateOffer|Answer|BreadcrumbList|FAQPage|ListItem|Offer|Organization|Product|Question|SearchAction|WebSite,1,11,2,0,0,4,2,0,1,1,15995,4,0,1,1,1,1,8,https://smilrejser.dk/skotland/vandreferie-i-skotland,"index, follow",0,0
https://smilrejser.dk/frankrig/sydfranske-eventyr-i-provence,/frankrig/sydfranske-eventyr-i-provence,frankrig,trip,200,1273,825816,Provence &amp; Den Franske Riviera | Oplevelser i godt selskab,62,"Tag på en stemningsfuld rejse gennem Provence med base i Cannes. Besøg Saint-Tropez, Nice, Monaco og maleriske bjerglandsbyer. Oplev det sydfranske køkken, vinmarker og azurblåt hav.",182,Sydfranske eventyr i Provence,1,7,15,2786,47,47,0,0,16,AggregateOffer|BreadcrumbList|ListItem|Offer|Organization|Product|SearchAction|WebSite,1,9,2,0,0,0,2,0,1,1,13495,4,0,1,1,1,0,8,https://smilrejser.dk/frankrig/sydfranske-eventyr-i-provence,"index, follow",0,0
https://smilrejser.dk/flodkrydstogter/flodkrydstogt-paa-rhinen,/flodkrydstogter/flodkrydstogt-paa-rhinen,flodkrydstogter,trip,200,1201,801483,"Rhinen flodkrydstogt | Kultur, natur og komfort i 8 dage",56,"Tag med på en 8-dages rejse gennem Europas hjerte langs Rhinen. Oplev historiske byer, vinmarker og middelalderborge med helpension og dansktalende guide.",154,Flodkrydstogt på Rhinen,1,6,38,3195,31,31,0,0,5,AggregateOffer|Answer|BreadcrumbList|FAQPage|ListItem|Organization|Product|Question|SearchAction|WebSite,1,11,0,0,0,21,2,0,1,0,,0,0,1,1,1,1,8,https://smilrejser.dk/flodkrydstogter/flodkrydstogt-paa-rhinen,"index, follow",0,0
https://smilrejser.dk/flodkrydstogter/flodkrydstogt-paa-seinen,/flodkrydstogter/flodkrydstogt-paa-seinen,flodkrydstogter,trip,200,2354,895939,Flodkrydstogt Seinen | Fra Paris til Normandiet med dansk guide,63,"Sejl fra Paris til Normandiets kyst med dansktalende rejseleder. Udforsk Honfleur, Rouen og D-dags-strandene. Helpension og komfort på et stemningsfuldt flodkrydstogt.",167,Flodkrydstogt på Seinen,1,7,39,3298,42,42,0,0,14,AggregateOffer|Answer|BreadcrumbList|FAQPage|ListItem|Offer|Organization|Product|Question|SearchAction|WebSite,1,11,1,0,0,21,2,0,1,1,16995,2,0,1,1,1,1,8,https://smilrejser.dk/flodkrydstogter/flodkrydstogt-paa-seinen,"index, follow",0,0
https://smilrejser.dk/italien/nytaar-i-det-historiske-rom,/italien/nytaar-i-det-historiske-rom,italien,trip,200,1567,635623,Nytårsrejse til Rom | Oplev italiensk tradition og kultur,57,"Oplev nytåret i Roms hjerte med guidet byvandring, festmiddag på Ristorante Hostaria Costanza og kulinarisk vandring i Trastevere. Centralt hotel i historisk centrum.",166,Nytår i Rom,1,7,15,1852,46,46,0,0,20,AggregateOffer|Answer|BreadcrumbList|FAQPage|ListItem|Offer|Organization|Product|Question|SearchAction|WebSite,1,11,1,0,0,3,2,0,1,1,11995,2,0,1,1,1,1,4,https://smilrejser.dk/italien/nytaar-i-det-historiske-rom,"index, follow",0,0
https://smilrejser.dk/albanien/autentiske-albanien,/albanien/autentiske-albanien,albanien,trip,200,1623,852878,Grupperejse til Albanien | UNESCO-byer og lokale møder,54,"Oplev det autentiske Albanien på 8 dage med dansktalende rejseleder. Fra kommunisttidens Tirana til UNESCO-byerne Berat og Gjirokastër, plus afslapning ved Adriaterhavet.",170,Autentiske Albanien,1,7,16,2570,70,70,0,0,39,AggregateOffer|BreadcrumbList|ListItem|Offer|Organization|Product|SearchAction|WebSite,1,9,1,0,0,0,2,0,1,1,12295,2,0,1,1,1,0,8,https://smilrejser.dk/albanien/autentiske-albanien,"index, follow",0,0
https://smilrejser.dk/portugal/mageloese-madeira,/portugal/mageloese-madeira,portugal,trip,200,1959,1416843,Madeira all inclusive rejse med dansktalende rejseleder | 8 dage,64,"Oplev Madeiras fortryllende natur, levadavandring og vinsmagning på vores 8-dages grupperejse med all inclusive. Udforsk Funchal, nordkysten og Cabo Girão med erfaren dansk rejseleder.",184,Mageløse Madeira All Inclusive,1,9,54,6771,64,64,0,0,22,AggregateOffer|Answer|BreadcrumbList|FAQPage|ListItem|Offer|Organization|Product|Question|SearchAction|WebSite,1,11,34,0,0,3,2,0,1,1,10995,70,1,1,1,1,1,8,https://smilrejser.dk/portugal/mageloese-madeira,"index, follow",0,0
https://smilrejser.dk/spanien/andalusiens-herligheder,/spanien/andalusiens-herligheder,spanien,trip,200,1736,732688,Oplev Andalusiens herligheder | 8 dage med dansktalende rejseleder,66,"Tag med til Andalusien og oplev Alhambra, hvide landsbyer og lokal gastronomi. 8 dages rejse med dansktalende rejseleder, halvpension og perfekt balance mellem oplevelser og afslapning.",185,Andalusiens herligheder,1,7,17,2368,42,42,0,0,22,AggregateOffer|BreadcrumbList|ListItem|Offer|Organization|Product|SearchAction|WebSite,1,9,2,0,0,0,2,0,1,1,7495,5,0,1,1,1,0,8,https://smilrejser.dk/spanien/andalusiens-herligheder,"index, follow",0,1
https://smilrejser.dk/sri-lanka/klassiske-sri-lanka,/sri-lanka/klassiske-sri-lanka,sri-lanka,trip,200,3117,1353795,Oplev klassiske Sri Lanka | Rundrejse med dansktalende rejseleder,65,"Tag på en 14-dages eventyrlig rundrejse gennem Sri Lanka. Udforsk UNESCO-verdensarvssteder, teplantager, strande og nationalparker. Inkl. dansk rejseleder og safari.",165,Klassiske Sri Lanka,1,7,33,5452,98,98,0,0,52,AggregateOffer|Answer|BreadcrumbList|FAQPage|ListItem|Offer|Organization|Product|Question|SearchAction|WebSite,1,11,1,0,0,11,2,0,1,1,26995,3,0,1,1,1,1,14,https://smilrejser.dk/sri-lanka/klassiske-sri-lanka,"index, follow",0,1
https://smilrejser.dk/england/sydenglands-stolthed-og-charme-fra-stonehenge-og-shakespeare-til-downton-abbey,/england/sydenglands-stolthed-og-charme-fra-stonehenge-og-shakespeare-til-downton-abbey,england,trip,200,1384,742047,"Sydengland: Kultur, historie og idyl | Grupperejse med rejseleder",65,"Oplev det bedste af Sydengland: Stonehenge, Blenheim Palace, Windsor Castle og Shakespeares fødeby. Inkl. afternoon tea, romerske bade og Downton Abbey. Rejs med dansk guide.",174,Sydenglands stolthed og charme,1,6,24,3050,42,42,0,0,5,AggregateOffer|Answer|BreadcrumbList|FAQPage|ListItem|Organization|Product|Question|SearchAction|WebSite,1,11,0,0,0,4,2,0,1,0,,0,0,1,1,1,1,7,https://smilrejser.dk/england/sydenglands-stolthed-og-charme-fra-stonehenge-og-shakespeare-til-downton-abbey,"index, follow",0,0
https://smilrejser.dk/jordan/jordan-et-magisk-kongerige,/jordan/jordan-et-magisk-kongerige,jordan,trip,200,1543,770765,"Oplev Jordan: Rundrejse til Petra, ørkensafari &amp; antikke byer",65,"Nyd 8 dages eventyr i Jordan med dansktalende rejseleder. Udforsk Petra, oplev Wadi Rum, besøg Jerash og slap af ved Det Røde Hav. Rejsen til historiske skatte og naturvidundere.",178,Jordan - Et magisk Kongerige,1,6,26,3172,43,43,0,0,5,AggregateOffer|Answer|BreadcrumbList|FAQPage|ListItem|Offer|Organization|Product|Question|SearchAction|WebSite,1,11,0,0,0,9,2,0,1,0,,0,0,1,1,1,1,8,https://smilrejser.dk/jordan/jordan-et-magisk-kongerige,"index, follow",0,0
https://smilrejser.dk/spanien/det-gode-liv-langtidsferie-i-andalusien,/spanien/det-gode-liv-langtidsferie-i-andalusien,spanien,trip,200,1539,720671,Andalusien langtidsferie - 4 uger ved Middelhavet,49,Rejs til solrige Andalusien på 4 ugers langtidsferie med dansktalende værter. Komfortable lejligheder ved havet og valgfrie aktiviteter i godt selskab.,151,Det Gode Liv - Langtidsferie i Andalusien,1,6,19,1854,41,41,0,0,20,AggregateOffer|BreadcrumbList|ListItem|Offer|Organization|Product|SearchAction|WebSite,1,9,2,0,0,2,2,0,1,1,15490,5,0,1,1,1,0,29,https://smilrejser.dk/spanien/det-gode-liv-langtidsferie-i-andalusien,"index, follow",0,0
https://smilrejser.dk/skotland/sagnomspundne-skotland,/skotland/sagnomspundne-skotland,skotland,trip,200,2876,1124914,Skotlands sagn &amp; slotte | Grupperejse med dansktalende guide,64,"Oplev det bedste af Skotland på 7 dage: Edinburgh Castle, det vilde højland, Loch Ness og Glenfinnan-viadukten. Grupperejse med dansktalende rejseleder og fællesskab.",166,Sagnomspundne Skotland,1,7,26,3878,68,68,0,0,27,AggregateOffer|Answer|BreadcrumbList|FAQPage|ListItem|Offer|Organization|Product|Question|SearchAction|WebSite,1,11,4,0,0,4,2,0,1,1,14995,9,0,1,1,1,1,7,https://smilrejser.dk/skotland/sagnomspundne-skotland,"index, follow",0,0
https://smilrejser.dk/italien/vandreferie-ved-gardasoeen,/italien/vandreferie-ved-gardasoeen,italien,trip,200,1582,675151,"Vandretur ved Gardasøen | Oplevelser, natur og vinkultur",56,"Tag på 8 dages vandreferie i Norditalien. Udforsk Monte Baldo, Valpolicella og charmerende landsbyer. Nyd lokale specialiteter og vinsmagning med dansktalende guide.",165,Vandreferie ved Gardasøen,1,6,13,2202,33,33,0,0,5,AggregateOffer|BreadcrumbList|ListItem|Offer|Organization|Product|SearchAction|WebSite,1,9,0,0,0,2,2,0,1,0,,0,0,1,1,1,0,8,https://smilrejser.dk/italien/vandreferie-ved-gardasoeen,"index, follow",0,0
https://smilrejser.dk/marokko/magiske-marrakech-og-essaouira,/marokko/magiske-marrakech-og-essaouira,marokko,trip,200,1691,1046357,Oplev Essaouira &amp; Marrakech - Magisk rundrejse i Marokko | 8 dage,69,"Tag på en betagende rejse gennem Marokkos perler med Majorelle Haven, UNESCO-medina og Atlasbjergene. Nyd lokale traditioner og fællesskab med dansktalende rejseleder.",167,Magiske Marrakech og Essaouira,1,7,27,3775,87,87,0,0,48,AggregateOffer|Answer|BreadcrumbList|FAQPage|ListItem|Offer|Organization|Product|Question|SearchAction|WebSite,1,11,4,0,0,8,2,0,1,1,11995,9,0,1,1,1,1,8,https://smilrejser.dk/marokko/magiske-marrakech-og-essaouira,"index, follow",0,0
https://smilrejser.dk/sydkorea/essensen-af-sydkorea,/sydkorea/essensen-af-sydkorea,sydkorea,trip,200,2070,1112635,Sydkorea rundrejse | Fra Seoul til Busan med danske guider,58,"Oplev kontrasten mellem tradition og modernitet på vores rundrejse gennem Sydkorea. Besøg Seoul, DMZ, Busan og overnat i traditionel hanok med dansktalende rejseleder.",167,Essensen af Sydkorea,1,7,34,4066,91,91,0,0,53,AggregateOffer|Answer|BreadcrumbList|FAQPage|ListItem|Offer|Organization|Product|Question|SearchAction|WebSite,1,11,4,0,0,7,2,0,1,1,24995,8,0,1,1,1,1,11,https://smilrejser.dk/sydkorea/essensen-af-sydkorea,"index, follow",0,0
https://smilrejser.dk/graekenland/oe-hop-i-graekenland,/graekenland/oe-hop-i-graekenland,graekenland,trip,200,1752,1166661,Ø-hop i det græske øhav: Saroniske øer med dansk guide,54,"Udforsk Grækenlands saroniske øer på 8 dage. Fra Akropolis til Hydras bilfri gader og Æginas pistacielunde. Grupperejse med dansk rejseleder, lokale oplevelser og fællesskab.",174,Ø-hop i Grækenland,1,7,14,3194,68,68,0,0,42,AggregateOffer|BreadcrumbList|ListItem|Offer|Organization|Product|SearchAction|WebSite,1,9,1,0,0,2,2,0,1,1,13795,2,0,1,1,1,0,8,https://smilrejser.dk/graekenland/oe-hop-i-graekenland,"index, follow",0,0
https://smilrejser.dk/england/haverejse-i-england-med-chelsea-flower-show,/england/haverejse-i-england-med-chelsea-flower-show,england,trip,200,1449,838204,Haverejse til Chelsea Flower Show | Botaniske oplevelser i England,66,"Tag med på en blomstrende rejse gennem Englands ikoniske haver. Besøg Chelsea Flower Show, Kew Gardens og RHS Wisley med dansktalende rejseleder og 4* hotel i London.",166,Haverejse i England med Chelsea Flower Show,1,7,22,2851,58,58,0,0,26,AggregateOffer|Answer|BreadcrumbList|FAQPage|ListItem|Offer|Organization|Product|Question|SearchAction|WebSite,1,11,1,0,0,5,2,0,1,1,13995,3,0,1,1,1,1,5,https://smilrejser.dk/england/haverejse-i-england-med-chelsea-flower-show,"index, follow",0,0
https://smilrejser.dk/portugal/vidunderlige-madeira,/portugal/vidunderlige-madeira,portugal,trip,200,1139,640309,Oplev vidunderlige Madeira | 8 dages grupperejse med dansk rejseleder,69,"Tag med på grupperejse til Madeira og oplev levada-vandringer, Funchals charmerende gader og betagende udsigter. 8 dage med all inclusive og håndplukkede oplevelser.",165,Vidunderlige Madeira,1,6,13,2282,34,34,0,0,5,AggregateOffer|BreadcrumbList|ListItem|Organization|Product|SearchAction|WebSite,1,9,0,0,0,0,2,0,1,0,,0,0,1,1,1,0,8,https://smilrejser.dk/portugal/vidunderlige-madeira,"index, follow",0,1
https://smilrejser.dk/portugal/idylliske-tavira,/portugal/idylliske-tavira,portugal,trip,200,2019,654979,"Tavira grupperejse - Kultur, natur og afslapning i Portugal",59,"Tag på opdagelse i Taviras historiske centrum, Silves&#x27; mauriske borg og Algarves naturskønne kork-rute. 8 dages grupperejse med halvpension og spændende udflugter.",168,Idylliske Tavira - ferie på Algarvekysten,1,6,15,1886,32,32,0,0,5,AggregateOffer|BreadcrumbList|ListItem|Offer|Organization|Product|SearchAction|WebSite,1,9,0,0,0,0,2,0,1,0,,0,0,1,1,1,0,8,https://smilrejser.dk/portugal/idylliske-tavira,"index, follow",0,0
https://smilrejser.dk/portugal/vandreferie-i-portugal,/portugal/vandreferie-i-portugal,portugal,trip,200,1335,837043,Vandreferie på portugisiske pilgrimsruter | Book nu,51,Vandre gennem Douro-dalens vinmarker og på historiske pilgrimsruter i Nordportugal. Nyd lokale vinsmagninger og autentisk gastronomi med dansktalende rejseleder.,161,Vandreferie i Portugal,1,6,27,3147,48,48,0,0,7,AggregateOffer|Answer|BreadcrumbList|FAQPage|ListItem|Offer|Organization|Product|Question|SearchAction|WebSite,1,11,0,0,0,6,2,0,1,0,,0,0,1,1,1,1,8,https://smilrejser.dk/portugal/vandreferie-i-portugal,"index, follow",0,0
https://smilrejser.dk/irland/vandreferie-i-irland,/irland/vandreferie-i-irland,irland,trip,200,1101,676869,Oplev Irlands storslåede natur | Guidet vandreferie i Irland,60,"Kom tæt på Irlands fascinerende natur på 8 dages vandreferie. Oplev Killarney National Park, Torc Mountain og Dingle-halvøen med dansktalende rejseleder. Se program!",165,Vandreferie i Irland,1,6,23,3060,38,38,0,0,5,AggregateOffer|Answer|BreadcrumbList|FAQPage|ListItem|Organization|Product|Question|SearchAction|WebSite,1,11,0,0,0,6,2,0,1,0,,0,0,1,1,1,1,8,https://smilrejser.dk/irland/vandreferie-i-irland,"index, follow",0,1
https://smilrejser.dk/indien/sydindiens-guddommelige-hjerte-kerala,/indien/sydindiens-guddommelige-hjerte-kerala,indien,trip,200,2782,1149699,Oplev Sydindiens Kerala - Rundrejse med dansktalende rejseleder,63,"Fortryllende 12-dages grupperejse til Kerala med Kathakali-dans, teplantager, husbåd og strandophold. Oplev Indiens smukke sydstat i trygge rammer.",147,Sydindiens guddommelige hjerte - Kerala,1,7,32,4591,96,96,0,0,49,AggregateOffer|Answer|BreadcrumbList|FAQPage|ListItem|Offer|Organization|Product|Question|SearchAction|WebSite,1,11,2,0,0,9,2,0,1,1,19995,5,0,1,1,1,1,12,https://smilrejser.dk/indien/sydindiens-guddommelige-hjerte-kerala,"index, follow",0,0
https://smilrejser.dk/flodkrydstogter/flodkrydstogt-fra-alsace-til-toppen-af-de-schweiziske-alper,/flodkrydstogter/flodkrydstogt-fra-alsace-til-toppen-af-de-schweiziske-alper,flodkrydstogter,trip,200,1225,572836,Fra Alsace til alpetinder | Flodkrydstogt med dansk guide,57,"Sejl gennem Alsace og oplev de Schweiziske Alper på 5 dage. Besøg Strasbourg, Colmar og tag med Jungfrau-banen til Europas højeste togstation.",142,Flodkrydstogt fra Alsace til toppen af de Schweiziske Alper,1,6,13,1359,26,26,0,0,5,AggregateOffer|BreadcrumbList|ListItem|Organization|Product|SearchAction|WebSite,1,9,0,0,0,0,2,0,1,0,,0,0,1,1,1,0,5,https://smilrejser.dk/flodkrydstogter/flodkrydstogt-fra-alsace-til-toppen-af-de-schweiziske-alper,"index, follow",0,0
https://smilrejser.dk/italien/sommer-paa-amalfikysten,/italien/sommer-paa-amalfikysten,italien,trip,200,960,622585,Sommerrejse til Amalfikysten | Oplev Italien med rejseleder,59,"Oplev det bedste af Amalfikysten på 8 dage. Udforsk charmerende byer, nyd lokal gastronomi og vandre på den smukke Citronsti. Tryghed og fællesskab med dansktalende rejseleder.",176,Sommer på Amalfikysten,1,6,15,2296,39,39,0,0,5,AggregateOffer|BreadcrumbList|ListItem|Organization|Product|SearchAction|WebSite,1,9,0,0,0,2,2,0,1,0,,0,0,1,1,1,0,8,https://smilrejser.dk/italien/sommer-paa-amalfikysten,"index, follow",0,0
https://smilrejser.dk/spanien/tenerife-det-evige-foraars-oe,/spanien/tenerife-det-evige-foraars-oe,spanien,trip,200,1980,643963,Oplev Tenerife - Det evige forårs ø med dansktalende guide,58,Tag med til Tenerife og oplev kontrastfyldte landskaber fra Teide Nationalpark til Anaga-bjergene. 8 dages rejse med dansktalende rejseleder og håndplukkede oplevelser.,168,Tenerife - Det evige forårs ø,1,6,27,1760,41,41,0,0,5,AggregateOffer|BreadcrumbList|ListItem|Organization|Product|SearchAction|WebSite,1,9,0,0,0,2,2,0,0,1,10995,1,0,1,1,1,0,8,https://smilrejser.dk/spanien/tenerife-det-evige-foraars-oe,"index, follow",0,1
https://smilrejser.dk/kroatien/kroatiens-smukke-kyst,/kroatien/kroatiens-smukke-kyst,kroatien,trip,200,1511,614618,Kroatiens smukke kyst | 8 dages rejse med dansktalende rejseleder,65,"Tag med på 8 dages rejse langs Kroatiens betagende Adriaterhavskyst. Oplev historiske byer, spektakulære udsigter og lokale seværdigheder med dansktalende rejseleder.",166,Kroatiens smukke kyst,1,6,15,1739,35,35,0,0,5,AggregateOffer|BreadcrumbList|ListItem|Organization|Product|SearchAction|WebSite,1,9,0,0,0,2,2,0,1,0,,0,0,1,1,1,0,8,https://smilrejser.dk/kroatien/kroatiens-smukke-kyst,"index, follow",0,1
https://smilrejser.dk/italien/vandreferie-i-cinque-terre,/italien/vandreferie-i-cinque-terre,italien,trip,200,1127,634054,Vandring i Cinque Terre | 8 dage med dansktalende rejseleder,60,"Udforsk de fem ikoniske landsbyer i Cinque Terre på guidet vandreferie. Oplev dramatiske kystlandskaber, pastelfarvede huse og autentisk italiensk atmosfære med dansk rejseleder.",178,Vandreferie i Cinque Terre,1,6,15,2312,41,41,0,0,5,AggregateOffer|BreadcrumbList|ListItem|Offer|Organization|Product|SearchAction|WebSite,1,9,0,0,0,2,2,0,1,1,12995,1,0,1,1,1,0,8,https://smilrejser.dk/italien/vandreferie-i-cinque-terre,"index, follow",0,0
https://smilrejser.dk/portugal/praegtige-portugal,/portugal/praegtige-portugal,portugal,trip,200,1740,701673,Oplev Portugals højdepunkter | 8 dages rundrejse med rejseleder,63,"Oplev Porto, Lissabon og Portugals kulturarv på 8-dages rundrejse. Besøg historiske byer, smag portvin og nyd de smukke kyster med dansktalende rejseleder og håndplukkede oplevelser.",182,Prægtige Portugal,1,6,19,2588,40,40,0,0,5,AggregateOffer|BreadcrumbList|ListItem|Organization|Product|SearchAction|WebSite,1,9,0,0,0,0,2,0,1,0,,0,0,1,1,1,0,8,https://smilrejser.dk/portugal/praegtige-portugal,"index, follow",0,0
https://smilrejser.dk/polen/kulturel-kvalitetstid-i-krakow,/polen/kulturel-kvalitetstid-i-krakow,polen,trip,200,1383,616777,Oplev historiske Krakow | 5 dages kulturrejse med dansk guide,61,"Oplev Krakows tusindårige historie, den jødiske bydel og UNESCO-verdensarv. 5 dages rejse med dansktalende guide og håndplukkede seværdigheder.",143,Kulturel kvalitetstid i krakow,1,6,15,1922,30,30,0,0,5,AggregateOffer|BreadcrumbList|ListItem|Organization|Product|SearchAction|WebSite,1,9,0,0,0,0,2,0,1,0,,0,0,1,1,1,0,5,https://smilrejser.dk/polen/kulturel-kvalitetstid-i-krakow,"index, follow",0,0
https://smilrejser.dk/portugal/nytaar-paa-algarvekysten,/portugal/nytaar-paa-algarvekysten,portugal,trip,200,968,587853,Nytår på Algarvekysten | Festlig rejse med dansktalende rejseleder,66,"Nyd en uforglemmelig nytårsrejse til Albufeira med festmiddag, byvandringer og udflugter til gyldne strande. 8 dages ophold på 4* hotel med dansktalende rejseleder.",164,Nytår på Algarvekysten,1,6,13,2255,24,24,0,0,5,AggregateOffer|BreadcrumbList|ListItem|Organization|Product|SearchAction|WebSite,1,9,0,0,0,0,2,0,1,0,,0,0,1,1,1,0,8,https://smilrejser.dk/portugal/nytaar-paa-algarvekysten,"index, follow",0,1
https://smilrejser.dk/spanien/andalusien-til-saerpris,/spanien/andalusien-til-saerpris,spanien,trip,200,721,588382,Oplev Andalusien til særpris | 8 dages rejse med rejseleder,59,"Udforsk Andalusiens skatte på 8 dage. Bo tæt på stranden, besøg Granadas mauriske kvarter, charmerende Mijas og livlige Malaga med dansktalende rejseleder som guide.",165,Andalusien til særpris,1,6,11,1894,38,38,0,0,5,AggregateOffer|BreadcrumbList|ListItem|Organization|Product|SearchAction|WebSite,1,9,0,0,0,0,2,0,1,0,,0,0,1,1,1,0,8,https://smilrejser.dk/spanien/andalusien-til-saerpris,"index, follow",0,1
https://smilrejser.dk/spanien/vandreferie-paa-caminoen,/spanien/vandreferie-paa-caminoen,spanien,trip,200,2296,659585,Vandring på Caminoen | Oplev Spaniens pilgrimsrute til fods,59,"Tag på 8 dages vandreferie langs Caminoen med dansktalende rejseleder. Oplev Bilbao, Santiago de Compostela og vandre gennem Nordspaniens smukke landskaber.",156,Vandreferie på Caminoen,1,6,15,2115,34,34,0,0,5,AggregateOffer|BreadcrumbList|ListItem|Offer|Organization|Product|SearchAction|WebSite,1,9,0,0,0,2,2,0,1,0,,0,0,1,1,1,0,8,https://smilrejser.dk/spanien/vandreferie-paa-caminoen,"index, follow",0,0
https://smilrejser.dk/spanien/maleriske-mallorca,/spanien/maleriske-mallorca,spanien,trip,200,1485,602294,Maleriske Mallorca | Grupperejse til Middelhavets perle,55,"Tag med på en 8-dages oplevelsesrig rejse til Mallorca. Oplev Palma, kør med veterantog, besøg Dragegrotterne og nyd Tramuntana-bjergene med dansktalende rejseleder.",165,Maleriske Mallorca,1,6,13,1735,36,36,0,0,5,AggregateOffer|BreadcrumbList|ListItem|Organization|Product|SearchAction|WebSite,1,9,0,0,0,0,2,0,0,0,,0,0,1,1,1,0,8,https://smilrejser.dk/spanien/maleriske-mallorca,"index, follow",0,1
https://smilrejser.dk/irland/musikfestival-i-dublin,/irland/musikfestival-i-dublin,irland,trip,200,2405,788499,Tradfest i Dublin - Musikrejse med koncerter og byvandring | 4 dage,67,Rejs til Irlands hovedstad og oplev den autentiske Tradfest musikfestival. Dansktalende rejseleder guider dig gennem Dublins seværdigheder og tre unikke koncertoplevelser.,171,Musikfestival i Dublin – Tradfest,1,7,14,1941,42,42,0,0,25,AggregateOffer|Answer|BreadcrumbList|FAQPage|ListItem|Offer|Organization|Product|Question|SearchAction|WebSite,1,11,1,0,0,4,2,0,1,1,9395,3,0,1,1,1,1,4,https://smilrejser.dk/irland/musikfestival-i-dublin,"index, follow",0,0
https://smilrejser.dk/portugal/azorerne-den-groenne-oe-sao-miguel,/portugal/azorerne-den-groenne-oe-sao-miguel,portugal,trip,200,1577,700680,Oplev Azorernes grønne ø São Miguel | 8-dages grupperejse,57,"Tag på grupperejse til Azorernes smaragdgrønne juvel. Oplev tvillingesøerne ved Sete Cidades, de varme kilder i Furnas og charmerende Ponta Delgada. Rejs i trygge rammer.",170,Azorerne - São Miguel - den grønne ø,1,6,19,1984,40,40,0,0,5,AggregateOffer|BreadcrumbList|ListItem|Organization|Product|SearchAction|WebSite,1,9,0,0,0,2,2,0,1,1,14995,1,0,1,1,1,0,8,https://smilrejser.dk/portugal/azorerne-den-groenne-oe-sao-miguel,"index, follow",0,0
https://smilrejser.dk/slovenien/ljubljana-og-de-slovenske-perler,/slovenien/ljubljana-og-de-slovenske-perler,slovenien,trip,200,1416,600721,Ljubljana og de Juliske Alper | Grupperejse med dansk guide,59,"Opdag Sloveniens betagende natur og rige kultur på vores 5-dages rejse. Besøg Ljubljana, Bled-søen og Postojna-grotterne med dansk rejseleder og oplev ægte opdagerglæde.",169,Ljubljana - og de slovenske perler,1,6,19,1809,38,38,0,0,5,AggregateOffer|BreadcrumbList|ListItem|Organization|Product|SearchAction|WebSite,1,9,0,0,0,2,2,0,1,0,,0,0,1,1,1,0,5,https://smilrejser.dk/slovenien/ljubljana-og-de-slovenske-perler,"index, follow",0,0
https://smilrejser.dk/italien/charmerende-cinque-terre,/italien/charmerende-cinque-terre,italien,trip,200,1505,774545,Oplev magiske Cinque Terre | Kulturrejse til Ligurien,53,"Tag med til Italiens farverige kystbyer, hvor pastellfarvede huse klamrer sig til klipperne. Sejltur langs kysten, besøg i Portofino og Genova med dansktalende rejseleder.",171,Charmerende Cinque Terre,1,7,17,2414,45,45,0,0,20,AggregateOffer|BreadcrumbList|ListItem|Offer|Organization|Product|SearchAction|WebSite,1,9,2,0,0,0,2,0,1,1,12495,5,0,1,1,1,0,8,https://smilrejser.dk/italien/charmerende-cinque-terre,"index, follow",0,0
https://smilrejser.dk/spanien/madrid-spaniens-hjerte,/spanien/madrid-spaniens-hjerte,spanien,trip,200,1498,747980,Madrid rejse - Uforglemmelige oplevelser i Spaniens hovedstad,61,"Kom tæt på Madrids autentiske kvarterer, besøg UNESCO-byen Toledo og oplev Segovias imponerende akvædukt. Grupperejse med dansktalende rejseleder og lokale smagsoplevelser.",172,Madrid - Spaniens hjerte,1,7,15,1980,37,37,0,0,12,AggregateOffer|BreadcrumbList|ListItem|Offer|Organization|Product|SearchAction|WebSite,1,9,4,0,0,2,2,0,1,1,8495,9,0,1,1,1,0,5,https://smilrejser.dk/spanien/madrid-spaniens-hjerte,"index, follow",0,0
https://smilrejser.dk/italien/rom-den-evige-stad,/italien/rom-den-evige-stad,italien,trip,200,1772,763588,Oplev Roms højdepunkter | Grupperejse med dansk rejseleder,58,"Tag på en rejse gennem tid i Roms gader. Besøg Colosseum, Vatikanet og Ostia Antica med dansktalende ekspert og bo centralt i den historiske bydel.",147,Rom - Den Evige Stad,1,7,20,3439,46,46,0,0,20,AggregateOffer|BreadcrumbList|ListItem|Offer|Organization|Product|SearchAction|WebSite,1,9,3,0,0,2,2,0,1,1,12995,7,0,1,1,1,0,7,https://smilrejser.dk/italien/rom-den-evige-stad,"index, follow",0,0
https://smilrejser.dk/graekenland/vandreferie-i-graekenland,/graekenland/vandreferie-i-graekenland,graekenland,trip,200,1437,766086,Oplev Grækenland til fods | Vandreferie med dansk guide,55,"Udforsk antikke ruiner, dramatiske kløfter og charmerende øer på vandreferie i Grækenland. 8 dage med vandring i Peloponnes, Hydra og Athen i selskab med ligesindede.",166,Vandreferie i Grækenland,1,6,22,2959,41,41,0,0,5,AggregateOffer|Answer|BreadcrumbList|FAQPage|ListItem|Offer|Organization|Product|Question|SearchAction|WebSite,1,11,0,0,0,4,2,0,1,0,,0,0,1,1,1,1,8,https://smilrejser.dk/graekenland/vandreferie-i-graekenland,"index, follow",0,0
https://smilrejser.dk/italien/andrea-bocelli-i-toscana,/italien/andrea-bocelli-i-toscana,italien,trip,200,1030,585924,Andrea Bocelli koncert i Toscana | Grupperejse med musik og kultur,66,"Kombiner en magisk koncertoplevelse med Andrea Bocelli i hans hjemby med besøg i Firenze, Lucca og Montecatini. Rejsen inkluderer fly, 4-stjernet hotel og dansk rejseleder.",172,Andrea Bocelli i Toscana,1,6,13,1663,35,35,0,0,5,AggregateOffer|BreadcrumbList|ListItem|Organization|Product|SearchAction|WebSite,1,9,0,0,0,0,2,0,1,1,11995,1,0,1,1,1,0,5,https://smilrejser.dk/italien/andrea-bocelli-i-toscana,"index, follow",0,0
https://smilrejser.dk/graekenland/smagen-af-kreta,/graekenland/smagen-af-kreta,graekenland,trip,200,2115,688336,Kulinarisk kulturrejse til Kreta - Opdag øens sande sjæl,56,"Fordyb dig i Kretas rige madkultur og historie på vores 8-dages rejse. Oplev Chania, besøg vingårde, udforsk olivenproduktion og nyd lokale specialiteter med dansktalende guide.",177,Smagen af Kreta,1,6,17,1754,30,30,0,0,5,AggregateOffer|BreadcrumbList|ListItem|Offer|Organization|Product|SearchAction|WebSite,1,9,0,0,0,2,2,0,1,1,11995,1,0,1,1,1,0,8,https://smilrejser.dk/graekenland/smagen-af-kreta,"index, follow",0,0
https://smilrejser.dk/tyrkiet/maegtige-istanbul,/tyrkiet/maegtige-istanbul,tyrkiet,trip,200,1576,570620,Istanbul med dansk rejseleder - Opdag byens skjulte skatte,58,"Tag med på en uforglemmelig rejse gennem Istanbuls fascinerende historie og kultur. Topkapi-paladset, Basilika-cisternen og Grand Bazaar venter - book din drømmerejse nu.",170,Mægtige Istanbul,1,6,17,1532,32,32,0,0,5,AggregateOffer|BreadcrumbList|ListItem|Offer|Organization|Product|SearchAction|WebSite,1,9,0,0,0,0,2,0,1,0,,0,0,1,1,1,0,5,https://smilrejser.dk/tyrkiet/maegtige-istanbul,"index, follow",0,0
https://smilrejser.dk/indien/rajasthan-indiens-juvel,/indien/rajasthan-indiens-juvel,indien,trip,200,3836,1430009,Rajasthan rundrejse: Oplev Indiens farverige juvel med dansk rejseleder,71,"13 dages rundrejse med dansk rejseleder gennem Rajasthan. Oplev Delhi, Pushkar, Jodhpur, Udaipur, Jaipur og Agra med Taj Mahal. Kulturelle oplevelser og lokale møder venter.",173,Rajasthan – Indiens juvel,1,7,38,5455,168,168,0,0,113,AggregateOffer|Answer|BreadcrumbList|FAQPage|ListItem|Offer|Organization|Product|Question|SearchAction|WebSite,1,11,2,0,0,11,2,0,1,1,19995,5,0,1,1,1,1,13,https://smilrejser.dk/indien/rajasthan-indiens-juvel,"index, follow",0,0
https://smilrejser.dk/spanien/fra-bilbao-til-toulouse,/spanien/fra-bilbao-til-toulouse,spanien,trip,200,2025,699936,Fra Bilbao til Toulouse - Rundrejse i Nordspanien &amp; Sydfrankrig,67,"Tag med på en fascinerende rejse fra Bilbao til Toulouse. Besøg Guggenheim, smag på pintxos i San Sebastián, oplev Rioja-vin og udforsk den lyserøde by.",152,Fra Bilbao til Toulouse - en rundrejse i Nordspanien og Sydfrankrig,1,6,19,2244,44,44,0,0,5,AggregateOffer|BreadcrumbList|ListItem|Organization|Product|SearchAction|WebSite,1,9,0,0,0,2,2,0,1,0,,0,0,1,1,1,0,9,https://smilrejser.dk/spanien/fra-bilbao-til-toulouse,"index, follow",0,0
https://smilrejser.dk/egypten,/egypten,egypten,destination-hub,200,925,501042,Oplev Egypten på grupperejse – book din plads nu,48,"Nilkrydstogt, faraonernes templer og farverige basarer venter. Udforsk Egypten med dansk rejseleder, trygge rammer og tid til ægte fordybelse.",142,Rejser tilEgypten,1,2,3,367,18,18,0,0,5,BreadcrumbList|Collection|ItemList|ListItem|Organization|Product|SearchAction|TouristDestination|WebSite,1,10,0,0,0,2,2,0,0,1,18999,1,1,1,1,1,0,11,https://smilrejser.dk/egypten,"index, follow",0,0
https://smilrejser.dk/thailand,/thailand,thailand,destination-hub,200,1808,497432,Thailand venter – grupperejse med dansk rejseleder,50,"Thailand taler til alle sanser. Med gennemtænkte ruter, dansktalende rejseleder og stærkt fællesskab giver vi dig den autentiske oplevelse af smilets land.",155,Rejser tilThailand,1,2,3,355,16,16,0,0,5,BreadcrumbList|Collection|ItemList|ListItem|Organization|Product|SearchAction|TouristDestination|WebSite,1,10,0,0,0,2,2,0,0,1,25999,1,1,1,1,1,0,15,https://smilrejser.dk/thailand,"index, follow",0,0
https://smilrejser.dk/vietnam,/vietnam,vietnam,destination-hub,200,2844,492213,Rejser til Vietnam – oplev landet fra nord til syd,50,"Rismarker, tempelstæder og neonbelyste byer venter. Find din grupperejse til Vietnam og oplev et land fyldt med kontraster, historie og uforglemmelige smagsoplevelser.",167,Rejser tilVietnam,1,2,3,448,16,16,0,0,5,BreadcrumbList|Collection|ItemList|ListItem|Organization|Product|SearchAction|TouristDestination|WebSite,1,10,0,0,0,2,2,0,0,1,24499,1,1,1,1,1,0,16,https://smilrejser.dk/vietnam,"index, follow",0,0
https://smilrejser.dk/seniorrejser,/seniorrejser,seniorrejser,travel-type,200,3146,4910285,Oplev verden som senior – grupperejser med ekspertise,53,"Mere end 30 års erfaring med grupperejser til seniorer. Kulturelle oplevelser, smukke destinationer og trygge rammer med dansktalende rejseledere.",146,Seniorrejser,1,131,3,6206,186,186,0,0,6,BreadcrumbList|Collection|ItemList|ListItem|Organization|Product|SearchAction|TouristDestination|WebSite,1,10,0,0,0,2,2,0,0,1,7495,72,1,1,1,1,0,8,https://smilrejser.dk/seniorrejser,"index, follow",0,0
https://smilrejser.dk/jul-og-nytaar/nytaars-rejser,/jul-og-nytaar/nytaars-rejser,jul-og-nytaar,trip,200,607,632292,Nytårsrejser med dansk rejseleder | Uforglemmelig afslutning,60,"Fejr nytår under sydlige himmelstrøg. Vælg mellem Portugal og Italien med festmiddag, kulturelle oplevelser og dansktalende rejseleder på vores nytårs rejser.",158,Nytårsrejser,1,6,3,352,17,17,0,0,5,BreadcrumbList|Collection|ItemList|ListItem|Organization|Product|SearchAction|TouristDestination|WebSite,1,10,0,0,0,0,2,0,0,1,9995,4,1,1,1,1,0,5,https://smilrejser.dk/jul-og-nytaar/nytaars-rejser,"index, follow",0,1
https://smilrejser.dk/paaskerejser,/paaskerejser,paaskerejser,travel-type,200,3554,3294531,Påske rejser | Oplev verden i påsken med ligesindede,52,"Find din drømmerejse til påsken blandt vores udvalgte destinationer. Oplev kultur, natur og fællesskab med dansktalende rejseledere og nøje tilrettelagte oplevelser.",165,Påske rejser,1,68,3,3655,80,80,0,0,6,BreadcrumbList|Collection|ItemList|ListItem|Organization|Product|SearchAction|TouristDestination|WebSite,1,10,0,0,0,0,2,0,0,1,7495,67,1,1,1,1,0,8,https://smilrejser.dk/paaskerejser,"index, follow",0,1
https://smilrejser.dk/laeserrejser,/laeserrejser,laeserrejser,info,200,1042,527767,"Læserrejser med fokus på kultur, viden og fællesskab | Rejs nu",62,"Find din næste læserrejse og oplev verden i trygge rammer. Vores grupperejser kombinerer kulturelle oplevelser, viden og fællesskab med dansktalende rejseledere.",161,Læserrejser,1,4,3,364,13,13,0,0,5,BreadcrumbList|Collection|ItemList|ListItem|Organization|Product|SearchAction|TouristDestination|WebSite,1,10,0,0,0,0,2,0,0,1,10495,1,1,1,1,1,0,8,https://smilrejser.dk/laeserrejser,"index, follow",0,1
https://smilrejser.dk/sydkorea,/sydkorea,sydkorea,destination-hub,200,1162,578896,Rejser til Sydkorea | Oplevelser med dansktalende rejseleder,60,Udforsk Sydkoreas fascinerende kontraster med dansktalende rejseleder. Fra Seouls pulserende storbyliv til ældgamle templer og betagende natur. Book din grupperejse nu.,168,Rejser tilSydkorea,1,6,3,1885,21,20,1,0,5,BreadcrumbList|Collection|ItemList|ListItem|Organization|Product|SearchAction|TouristDestination|WebSite,1,10,0,0,0,2,2,0,0,1,24995,1,1,1,1,1,0,11,https://smilrejser.dk/sydkorea,"index, follow",0,0
https://smilrejser.dk/flyrejser/flyrejser-fra-billund-lufthavn,/flyrejser/flyrejser-fra-billund-lufthavn,flyrejser,info,200,2869,437043,Oplevelsesrige flyrejser fra Billund - Find din drømmerejse,59,"Tag på kulturel opdagelse i Europa med afgang fra Billund. Vores rejser til Porto, Bulgarien, Balkan og Sydengland kombinerer håndplukkede oplevelser med fællesskab og tryghed.",176,FlyrejserFra Billund lufthavn,1,0,3,132,7,7,0,0,5,BreadcrumbList|Collection|ListItem|Organization|SearchAction|TouristDestination|WebSite,0,9,0,0,0,0,2,0,0,0,,0,0,1,1,1,0,,https://smilrejser.dk/flyrejser/flyrejser-fra-billund-lufthavn,"index, follow",0,0
https://smilrejser.dk/flyrejser/flyrejser-fra-aalborg-lufthavn,/flyrejser/flyrejser-fra-aalborg-lufthavn,flyrejser,info,200,1220,498711,Flyrejser fra Aalborg lufthavn - Rejs i godt selskab,52,"Find din næste rejseoplevelse med afgang fra Aalborg lufthavn. Vores grupperejser kombinerer unikke oplevelser, tryghed og fællesskab med andre rejseglade danskere.",164,FlyrejserFra Aalborg Lufthavn,1,2,3,227,10,10,0,0,5,BreadcrumbList|Collection|ItemList|ListItem|Organization|Product|SearchAction|TouristDestination|WebSite,1,10,0,0,0,0,2,0,0,1,16495,2,1,1,1,1,0,8,https://smilrejser.dk/flyrejser/flyrejser-fra-aalborg-lufthavn,"index, follow",0,0
https://smilrejser.dk/marokko/rabat,/marokko/rabat,marokko,trip,200,2496,564075,Rejser til Rabat - Marokkos hovedstad mellem tradition og nutid,63,"Udforsk Rabats fascinerende blanding af historie, kultur og moderne byliv. Oplev Hassan-tårnet, den blåhvide kasbah og lokale markeder med duften af mynte og krydderier.",169,Rejser tilRabat,1,6,3,2052,18,18,0,0,5,BreadcrumbList|Collection|ItemList|ListItem|Organization|Product|SearchAction|TouristDestination|WebSite,1,10,0,0,0,2,2,0,0,0,,0,0,1,1,1,0,,https://smilrejser.dk/marokko/rabat,"index, follow",0,0
https://smilrejser.dk/naturrejser/solfoermoerkelsesrejser,/naturrejser/solfoermoerkelsesrejser,naturrejser,trip,200,721,489302,Oplev solformørkelsesrejser med ekspert | Se himmelens magi,59,Rejs med og oplev total solformørkelse i godt selskab. Vores solformørkelsesrejser kombinerer astronomisk vidunder med kultur og lokale oplevelser.,147,Solformørkelsesrejser,1,3,3,367,10,10,0,0,5,BreadcrumbList|Collection|ItemList|ListItem|Organization|Product|SearchAction|TouristDestination|WebSite,1,10,0,0,0,2,2,0,0,0,,0,0,1,1,1,0,,https://smilrejser.dk/naturrejser/solfoermoerkelsesrejser,"index, follow",0,1
https://smilrejser.dk/polen/krakow,/polen/krakow,polen,trip,200,951,561686,Rejser til Krakow | Oplev Polen med dansktalende rejseleder,59,"Udforsk Krakow med vores erfarne rejseledere. Oplev UNESCO-beskyttet arkitektur, Europas største middelalderlige torv, jødisk kulturarv og autentisk polsk gastronomi i trygge rammer.",182,Rejser tilKrakow,1,6,3,2025,21,21,0,0,6,BreadcrumbList|Collection|ItemList|ListItem|Organization|Product|SearchAction|TouristDestination|WebSite,1,10,0,0,0,2,2,0,0,0,,0,0,1,1,1,0,,https://smilrejser.dk/polen/krakow,"index, follow",0,0
https://smilrejser.dk/spanien/madrid,/spanien/madrid,spanien,trip,200,864,585665,Rejser til Madrid | Opdag Spaniens hjerte med rejseleder,56,"Oplev Madrids kongelige paladser, verdensberømte museer og autentiske kvarterer. Grupperejser med håndplukkede oplevelser og dansktalende guide.",144,Rejser tilMadrid,1,6,3,1976,20,20,0,0,6,BreadcrumbList|Collection|ItemList|ListItem|Organization|Product|SearchAction|TouristDestination|WebSite,1,10,0,0,0,2,2,0,0,1,8495,1,1,1,1,1,0,5,https://smilrejser.dk/spanien/madrid,"index, follow",0,0
https://smilrejser.dk/polen,/polen,polen,destination-hub,200,671,558472,"Rejser til Polen: Oplev historie, kultur og naturskønhed | Bestil nu",68,"Tag på en rejse til Polen med dansktalende guide. Udforsk historiske byer, smag det lokale køkken og oplev landets kontrastfyldte natur. Få uforglemmelige oplevelser i godt selskab.",181,Rejser tilPolen,1,8,3,1939,19,19,0,0,6,BreadcrumbList|Collection|ItemList|ListItem|Organization|Product|SearchAction|TouristDestination|WebSite,1,10,0,0,0,2,2,0,0,0,,0,0,1,1,1,0,,https://smilrejser.dk/polen,"index, follow",0,0
https://smilrejser.dk/naturrejser/haverejser,/naturrejser/haverejser,naturrejser,trip,200,1286,645386,Haverejser i Europa og verden | Opdag botaniske eventyr,55,Oplev fantastiske haver på vores guidede haverejser med dansktalende rejseledere. Fra Chelsea Flower Show til Madeiras frodige landskaber - book din botaniske rejseoplevelse nu.,177,Haverejser,1,7,3,733,22,22,0,0,5,BreadcrumbList|Collection|ItemList|ListItem|Organization|Product|SearchAction|TouristDestination|WebSite,1,10,0,0,0,2,2,0,0,1,10995,4,1,1,1,1,0,8,https://smilrejser.dk/naturrejser/haverejser,"index, follow",0,1
https://smilrejser.dk/musik-og-underholdning/koncert-rejser,/musik-og-underholdning/koncert-rejser,musik-og-underholdning,trip,200,770,508282,Koncertrejser med dansktalende rejseledere | Oplev musik,56,Rejs til koncerter og musikbegivenheder med andre musikentusiaster. Vores koncertrejser kombinerer unikke musikoplevelser med kulturelle opdagelser i godt selskab.,163,Koncertrejser,1,3,3,222,14,14,0,0,5,BreadcrumbList|Collection|ItemList|ListItem|Organization|Product|SearchAction|TouristDestination|WebSite,1,10,0,0,0,0,2,0,0,1,9395,1,1,1,1,1,0,4,https://smilrejser.dk/musik-og-underholdning/koncert-rejser,"index, follow",0,1
https://smilrejser.dk/portugal/algarve,/portugal/algarve,portugal,trip,200,1017,661411,Algarve rejser - Oplev Portugals solrige sydkyst | Grupperejser,63,"Nyd Algarves spektakulære natur, historiske byer og lokale gastronomi. Rejs med ligesindede og dansktalende rejseleder til Portugals mest solbeskinnede region.",159,Rejser tilAlgarve,1,8,3,2233,22,22,0,0,6,BreadcrumbList|Collection|ItemList|ListItem|Organization|Product|SearchAction|TouristDestination|WebSite,1,10,0,0,0,2,2,0,0,1,13995,1,1,1,1,1,0,8,https://smilrejser.dk/portugal/algarve,"index, follow",0,0
https://smilrejser.dk/langtidsferier,/langtidsferier,langtidsferier,travel-type,200,710,564036,Langtidsferie med kvalitet og tryghed | Oplev mere på rejsen,60,"Nyd længerevarende rejseoplevelser med dansktalende rejseledere. Oplev Madeira, Azorerne og andre destinationer i trygge rammer med fokus på kultur, natur og fællesskab.",169,Langtidsferier,1,4,9,884,13,13,0,0,5,BreadcrumbList|Collection|ItemList|ListItem|Organization|Product|SearchAction|TouristDestination|WebSite,1,10,0,0,0,2,2,0,0,1,15490,2,1,1,1,1,0,29,https://smilrejser.dk/langtidsferier,"index, follow",0,0
https://smilrejser.dk/portugal/tavira,/portugal/tavira,portugal,trip,200,2090,660215,"Rejser til Tavira - Kultur, natur og strande i Algarve",54,"Oplev Taviras unikke blanding af maurisk og portugisisk kultur. Udforsk den historiske by, Ria Formosa naturpark og Ilha de Taviras gyldne strande på grupperejse med dansk rejseleder.",183,Rejser tilTavira,1,8,3,2228,21,21,0,0,5,BreadcrumbList|Collection|ItemList|ListItem|Organization|Product|SearchAction|TouristDestination|WebSite,1,10,0,0,0,2,2,0,0,1,13995,1,1,1,1,1,0,8,https://smilrejser.dk/portugal/tavira,"index, follow",0,0
https://smilrejser.dk/spanien,/spanien,spanien,destination-hub,200,1335,1129676,Rejser til Spanien | Fra Costa Brava til Andalusien,51,Drømmer du om rejser til Spanien? Udforsk vores unikke rejseoplevelser fra Andalusiens hvide landsbyer til Nordspaniens vinmarker. Altid med dansktalende rejseledere og håndplukkede hoteller.,191,Rejser tilSpanien,1,22,3,3174,44,44,0,0,5,BreadcrumbList|Collection|ItemList|ListItem|Organization|Product|SearchAction|TouristDestination|WebSite,1,10,0,0,0,2,2,0,0,1,7495,7,1,1,1,1,0,9,https://smilrejser.dk/spanien,"index, follow",0,0
https://smilrejser.dk/oestrig,/oestrig,oestrig,destination-hub,200,1079,591994,Rejser til Østrig | Uforglemmelige oplevelser i alpelandet,58,"Oplev Østrigs fascinerende kontraster: kejserlige slotte, charmerende bjerglandsbyer og betagende alpelandskaber. Grupperejser med fokus på tryghed og kvalitet.",160,Rejser tilØstrig,1,9,3,2068,20,20,0,0,6,BreadcrumbList|Collection|ItemList|ListItem|Organization|Product|SearchAction|TouristDestination|WebSite,1,10,0,0,0,2,2,0,0,0,,0,0,1,1,1,0,,https://smilrejser.dk/oestrig,"index, follow",0,0
https://smilrejser.dk/marokko,/marokko,marokko,destination-hub,200,611,687655,Rejser til Marokko | Grupperejser med dansktalende guide,56,"Tag på en sanselig rejse gennem Marokkos farverige medinaer, majestætiske bjerge og gyldne ørkenlandskaber. Oplev landets unikke kultur og gastronomi i trygt selskab.",166,Rejser tilMarokko,1,8,3,2323,23,23,0,0,5,BreadcrumbList|Collection|ItemList|ListItem|Organization|Product|SearchAction|TouristDestination|WebSite,1,10,0,0,0,2,2,0,0,1,11995,2,1,1,1,1,0,8,https://smilrejser.dk/marokko,"index, follow",0,0
https://smilrejser.dk/marokko/marrakech,/marokko/marrakech,marokko,trip,200,1556,658827,Rejser til Marrakech - opdag Marokkos perle med dansk guide,59,"Rejs til Marrakech og udforsk historiske paladser, farverige markeder og lokal madkultur. Få unikke oplevelser med dansktalende rejseleder i trygge rammer.",155,Rejser tilMarrakech,1,10,3,2000,21,20,1,0,5,BreadcrumbList|Collection|ItemList|ListItem|Organization|Product|SearchAction|TouristDestination|WebSite,1,10,0,0,0,2,2,0,0,1,11995,2,1,1,1,1,0,8,https://smilrejser.dk/marokko/marrakech,"index, follow",0,0
https://smilrejser.dk/marokko/tanger,/marokko/tanger,marokko,trip,200,1270,564666,Rejser til Tanger - Hvor Middelhavet møder Atlanterhavet,56,"Udforsk Tangers fascinerende kontraster med dansktalende rejseleder. Oplev den historiske medina, besøg Hercules-grotterne og nyd panoramaudsigten fra Kasbahen over to have og kontinenter.",188,Rejser tilTanger,1,8,3,1920,18,17,1,0,5,BreadcrumbList|Collection|ItemList|ListItem|Organization|Product|SearchAction|TouristDestination|WebSite,1,10,0,0,0,2,2,0,0,0,,0,0,1,1,1,0,70,https://smilrejser.dk/marokko/tanger,"index, follow",0,0
https://smilrejser.dk/oestrig/salzburg,/oestrig/salzburg,oestrig,trip,200,1275,563406,"Rejser til Salzburg: Kultur, historie og alpin skønhed",54,"Tag på opdagelse i Mozarts fødeby med dansk rejseleder. Oplev UNESCO-verdensarv, &quot;Sound of Music&quot;-lokationer, klassiske koncerter og den østrigske madkultur i historiske omgivelser.",191,Rejser tilSalzburg,1,6,3,2095,21,20,1,0,5,BreadcrumbList|Collection|ItemList|ListItem|Organization|Product|SearchAction|TouristDestination|WebSite,1,10,0,0,0,2,2,0,0,0,,0,0,1,1,1,0,,https://smilrejser.dk/oestrig/salzburg,"index, follow",0,0
https://smilrejser.dk/asien,/asien,asien,destination-hub,200,2243,983235,Rejser til Asien | Grupperejser med dansk rejseleder og ekspertise,66,"Tag på uforglemmelige grupperejser til Asien med dansk rejseleder. Udforsk templer, metropoler og naturperler på tværs af kontinentet. Oplev ægte fællesskab og tryghed undervejs.",178,Rejser tilAsien,1,18,3,2920,40,40,0,0,6,BreadcrumbList|Collection|ItemList|ListItem|Organization|Product|SearchAction|TouristDestination|WebSite,1,10,0,0,0,2,2,0,0,1,17495,10,1,1,1,1,0,10,https://smilrejser.dk/asien,"index, follow",0,0
https://smilrejser.dk/portugal/porto,/portugal/porto,portugal,trip,200,1079,814831,Rejser til Porto: Oplev vinkultur og UNESCO-arv ved Douro-floden,64,"Udforsk Portos UNESCO-beskyttede bydel, smag portvin i historiske vinhuse og nyd udsigten fra Dom Luís I-broen. Oplev autentisk portugisisk kultur på vores grupperejser med dansktalende rejseleder.",197,Rejser tilPorto,1,14,3,2630,28,28,0,0,5,BreadcrumbList|Collection|ItemList|ListItem|Organization|Product|SearchAction|TouristDestination|WebSite,1,10,0,0,0,2,2,0,0,1,10995,4,1,1,1,1,0,8,https://smilrejser.dk/portugal/porto,"index, follow",0,0
https://smilrejser.dk/spanien/granada,/spanien/granada,spanien,trip,200,836,626877,Rejser til Granada: Oplev det andalusisk liv med dansk rejseleder,65,"Udforsk Alhambra, Albaicín og Sacromonte på en grupperejse til Granada. Nyd tapas, flamenco og maurisk arkitektur med erfarne rejseledere og et trygt fællesskab.",161,Rejser tilGranada,1,8,3,2209,22,22,0,0,5,BreadcrumbList|Collection|ItemList|ListItem|Organization|Product|SearchAction|TouristDestination|WebSite,1,10,0,0,0,2,2,0,0,1,7495,2,1,1,1,1,0,8,https://smilrejser.dk/spanien/granada,"index, follow",0,0
https://smilrejser.dk/slovenien,/slovenien,slovenien,destination-hub,200,822,585667,Rejser til Slovenien | Fra Alperne til Adriaterhavets kyst,58,"Oplev Sloveniens mangfoldige natur og rige kulturarv på vores grupperejser. Vandre i Alperne, udforsk historiske byer og nyd lokale specialiteter sammen med ligesindede.",169,Rejser tilSlovenien,1,7,3,2242,20,20,0,0,5,BreadcrumbList|Collection|ItemList|ListItem|Organization|Product|SearchAction|TouristDestination|WebSite,1,10,0,0,0,2,2,0,0,0,,0,0,1,1,1,0,,https://smilrejser.dk/slovenien,"index, follow",0,0
https://smilrejser.dk/portugal/azorerne,/portugal/azorerne,portugal,trip,200,1031,592879,Rejser til Azorerne | Vulkansk skønhed og frodige landskaber,60,"Tag på en rejse til Azorernes dramatiske vulkanlandskaber, blå kratersøer og varme kilder. Oplev øernes rige kultur og natur på vores grupperejser med dansk rejseleder.",168,Rejser tilAzorerne,1,9,3,2293,21,21,0,0,6,BreadcrumbList|Collection|ItemList|ListItem|Organization|Product|SearchAction|TouristDestination|WebSite,1,10,0,0,0,2,2,0,0,1,14995,1,1,1,1,1,0,11,https://smilrejser.dk/portugal/azorerne,"index, follow",0,0
https://smilrejser.dk/oestrig/wien,/oestrig/wien,oestrig,trip,200,766,556758,"Rejser til Wien | Kultur, musik og kejserlig historie i Østrig",62,"Udforsk Wiens klassiske skønhed, historiske kaffehuse og musikalske arv på vores grupperejser. Få indblik i kejserbyen med dansktalende rejseledere og oplev ægte wienercharme.",175,Rejser tilWien,1,8,3,1962,19,19,0,0,6,BreadcrumbList|Collection|ItemList|ListItem|Organization|Product|SearchAction|TouristDestination|WebSite,1,10,0,0,0,2,2,0,0,0,,0,0,1,1,1,0,,https://smilrejser.dk/oestrig/wien,"index, follow",0,0
https://smilrejser.dk/italien/milano,/italien/milano,italien,trip,200,786,524816,"Milano rejser - Storby med mode, kunst og italiensk mad",55,"Rejs til Milano og nyd arkitektoniske mesterværker, verdensklasse kunst og lokal madkultur. Udforsk modebyen med dansktalende rejseleder og nyt rejsefællesskab.",160,Rejser tilMilano,1,8,3,1763,13,13,0,0,5,BreadcrumbList|Collection|ListItem|Organization|SearchAction|TouristDestination|WebSite,0,9,0,0,0,2,2,0,0,0,,0,0,1,1,1,0,,https://smilrejser.dk/italien/milano,"index, follow",0,0
https://smilrejser.dk/malta,/malta,malta,destination-hub,200,873,552577,"Rejser til Malta - Fællesskab, sol og 7000 års historie",55,"Udforsk Malta med dansktalende rejseleder og oplev alt fra UNESCO-beskyttede Valletta til Gozos ældgamle templer. Nyd honningfarvede bygninger, azurblåt hav og lokale delikatesser.",180,Rejser tilMalta,1,7,3,2377,19,19,0,0,6,BreadcrumbList|Collection|ListItem|Organization|SearchAction|TouristDestination|WebSite,0,9,0,0,0,2,2,0,0,0,,0,0,1,1,1,0,,https://smilrejser.dk/malta,"index, follow",0,0
https://smilrejser.dk/mellemoesten,/mellemoesten,mellemoesten,destination-hub,200,1032,663843,Oplev Mellemøstens magi - grupperejser med dansktalende rejseleder,66,"Tag med på en rejse gennem Mellemøstens fascinerende verden af gyldne ørkener, krydrede markeder og betagende arkitektur. Oplev Jordan, Oman og Istanbul med dansktalende rejseleder.",181,Mellemøsten,1,12,3,1762,22,22,0,0,5,BreadcrumbList|Collection|ItemList|ListItem|Organization|Product|SearchAction|TouristDestination|WebSite,1,10,0,0,0,2,2,0,0,1,18999,1,1,1,1,1,0,11,https://smilrejser.dk/mellemoesten,"index, follow",0,1
https://smilrejser.dk/bulgarien,/bulgarien,bulgarien,destination-hub,200,1006,577932,"Rejser til Bulgarien | Kultur, natur og autentiske oplevelser",61,"Tag på opdagelse i Bulgarien mellem Sortehavets strande og Balkans bjerge. Oplev antikke ruiner, ortodokse klostre og lokal gæstfrihed på vores grupperejser.",157,Rejser tilBulgarien,1,6,3,2350,21,21,0,0,5,BreadcrumbList|Collection|ItemList|ListItem|Organization|Product|SearchAction|TouristDestination|WebSite,1,10,0,0,0,2,2,0,0,0,,0,0,1,1,1,0,,https://smilrejser.dk/bulgarien,"index, follow",0,0
https://smilrejser.dk/tjekkiet/prag,/tjekkiet/prag,tjekkiet,trip,200,762,543640,Grupperejser med danktalende rejseleder | Oplev den gyldne stad,63,"Udforsk Prag med dansktalende rejseledere. Oplev Karlsbroen, den UNESCO-beskyttede gamle bydel og byens rige kultur. Book din grupperejse til Tjekkiets magiske hovedstad.",170,Rejser tilPrag,1,9,3,1666,17,17,0,0,5,BreadcrumbList|Collection|ItemList|ListItem|Organization|Product|SearchAction|TouristDestination|WebSite,1,10,0,0,0,2,2,0,0,0,,0,0,1,1,1,0,,https://smilrejser.dk/tjekkiet/prag,"index, follow",0,0
https://smilrejser.dk/oestrig/tyrol,/oestrig/tyrol,oestrig,trip,200,916,553888,Rejser til Tyrol - Opdag Alpernes skjulte perle i Østrig,56,"Rejs til hjertet af Alperne og oplev Tyrols fascinerende blanding af østrigsk varme og italiensk charme. Udforsk historiske byer, bjergsøer og lokale traditioner.",162,Rejser tilTyrol,1,8,3,1904,19,18,1,0,5,BreadcrumbList|Collection|ItemList|ListItem|Organization|Product|SearchAction|TouristDestination|WebSite,1,10,0,0,0,2,2,0,0,0,,0,0,1,1,1,0,,https://smilrejser.dk/oestrig/tyrol,"index, follow",0,0
https://smilrejser.dk/kina/beijing,/kina/beijing,kina,trip,200,1082,607198,Rejser til Beijing: Mellem tradition og moderne storby liv,58,"Rejser til Beijing med dansk rejseleder. Oplev Forbudte By, Den Kinesiske Mur og Himmelens Tempel .Læs mere om Beijing her.",123,Rejser til Beijing,1,11,3,1675,19,19,0,0,5,BreadcrumbList|Collection|ItemList|ListItem|Organization|Product|SearchAction|TouristDestination|WebSite,1,10,0,0,0,2,2,0,0,1,17495,3,1,1,1,1,0,10,https://smilrejser.dk/kina/beijing,"index, follow",0,1
https://smilrejser.dk/serbien/beograd,/serbien/beograd,serbien,trip,200,895,563058,Rejser til Beograd - Balkans dragende storby ved to floder,58,"Mærk stemningen i Beograd, hvor årtusinders historie møder moderne byliv. Besøg Sveti Sava-templet, Skadarlija-kvarteret og oplev den særlige balkanske atmosfære i godt selskab.",177,Rejser tilBeograd,1,6,3,1769,19,18,1,0,5,BreadcrumbList|Collection|ItemList|ListItem|Organization|Product|SearchAction|TouristDestination|WebSite,1,10,0,0,0,2,2,0,0,0,,0,0,1,1,1,0,,https://smilrejser.dk/serbien/beograd,"index, follow",0,0
https://smilrejser.dk/portugal/cascais,/portugal/cascais,portugal,trip,200,860,663135,Rejser til Cascais - Portugals riviera med strand og kultur,59,"Udforsk charmerende Cascais med gyldne strande, kongelig historie og livlig atmosfære. Rejs til Portugals riviera og oplev det bedste af kystliv og kultur tæt på Lissabon.",171,Rejser tilCascais,1,10,3,2204,20,20,0,0,6,BreadcrumbList|Collection|ItemList|ListItem|Organization|Product|SearchAction|TouristDestination|WebSite,1,10,0,0,0,2,2,0,0,1,7695,3,1,1,1,1,0,8,https://smilrejser.dk/portugal/cascais,"index, follow",0,0
https://smilrejser.dk/skotland/edinburgh,/skotland/edinburgh,skotland,trip,200,1681,650488,Rejser til Edinburgh | Oplev Skotlands fascinerende hovedstad,61,"Udforsk Edinburgh med dansk rejseleder. Oplev historiske Royal Mile, Edinburgh Castle og skotsk kultur. Få mindeværdige oplevelser i UNESCO-byens snævre stræder og storslåede natur.",181,Rejser tilEdinburgh,1,7,3,2400,21,21,0,0,5,BreadcrumbList|Collection|ItemList|ListItem|Organization|Product|SearchAction|TouristDestination|WebSite,1,10,0,0,0,2,2,0,0,1,14995,2,1,1,1,1,0,7,https://smilrejser.dk/skotland/edinburgh,"index, follow",0,0
https://smilrejser.dk/oestrig/innsbruck,/oestrig/innsbruck,oestrig,trip,200,592,558778,Rejser til Innsbruck | Mellem bjergtoppe og historiske skatte,61,"Udforsk Innsbruck med pastelfarvet arkitektur, kejserlige paladser og bjergtagende udsigter. Oplev tyrolsk folkekultur, gastronomiske specialiteter og naturens storhed i fællesskab med andre.",191,Rejser tilInnsbruck,1,7,3,2011,19,19,0,0,5,BreadcrumbList|Collection|ItemList|ListItem|Organization|Product|SearchAction|TouristDestination|WebSite,1,10,0,0,0,2,2,0,0,0,,0,0,1,1,1,0,,https://smilrejser.dk/oestrig/innsbruck,"index, follow",0,0
https://smilrejser.dk/norge,/norge,norge,destination-hub,200,833,578690,"Rejser til Norge | Opdag fjorde, bjerge og nordisk kultur",57,"Oplev Norges storslåede natur fra fjord til fjeld. Udforsk UNESCO-beskyttede landskaber, charmerende byer og samisk kultur med erfarne, dansktalende rejseledere.",161,Rejser tilNorge,1,9,3,2515,18,18,0,0,5,BreadcrumbList|Collection|ItemList|ListItem|Organization|Product|SearchAction|TouristDestination|WebSite,1,10,0,0,0,2,2,0,0,0,,0,0,1,1,1,0,,https://smilrejser.dk/norge,"index, follow",0,0
https://smilrejser.dk/serbien,/serbien,serbien,destination-hub,200,2588,567504,Rejser til Serbien | Opdag Balkans autentiske kulturperle,57,"Udforsk Serbiens rige kulturarv, imponerende natur og autentiske madkultur. Vores grupperejser med dansk rejseleder giver dig tryghed og fællesskab på din opdagelsesrejse i Balkan.",180,Rejser tilSerbien,1,6,3,2257,18,18,0,0,5,BreadcrumbList|Collection|ItemList|ListItem|Organization|Product|SearchAction|TouristDestination|WebSite,1,10,0,0,0,2,2,0,0,0,,0,0,1,1,1,0,,https://smilrejser.dk/serbien,"index, follow",0,0
https://smilrejser.dk/skotland,/skotland,skotland,destination-hub,200,1157,752030,"Rejser til Skotland | Vandreture, whisky og keltiske sagn",57,"Fordyb dig i Skotlands fascinerende kultur, dramatiske natur og rige historie. Vores grupperejser med dansk rejseleder giver dig uforglemmelige oplevelser i kiltens og sækkepibens land.",185,Rejser tilSkotland,1,10,3,2248,31,31,0,0,6,BreadcrumbList|Collection|ItemList|ListItem|Organization|Product|SearchAction|TouristDestination|WebSite,1,10,0,0,0,2,2,0,0,1,14995,3,1,1,1,1,0,8,https://smilrejser.dk/skotland,"index, follow",0,0
https://smilrejser.dk/schweiz,/schweiz,schweiz,destination-hub,200,1156,678430,"Rejser til Schweiz | Oplev alper, søer og kultur med rejseleder",63,"Udforsk Schweiz med guidede grupperejser til sneklædte alper, spejlblanke søer og charmerende bjerglandsbyer. Oplev ægte schweizisk kultur og natur i godt selskab.",163,Rejser tilSchweiz,1,9,3,2358,23,23,0,0,5,BreadcrumbList|Collection|ItemList|ListItem|Organization|Product|SearchAction|TouristDestination|WebSite,1,10,0,0,0,2,2,0,0,1,11995,3,1,1,1,1,0,7,https://smilrejser.dk/schweiz,"index, follow",0,0
https://smilrejser.dk/tjekkiet,/tjekkiet,tjekkiet,destination-hub,200,891,548221,Rejser til Tjekkiet med dansktalende rejseleder | Kultur og oplevelser,70,"Tag på grupperejse til Tjekkiet og oplev et land med middelalderborge, barokarkitektur og livlig ølkultur. Nyd autentiske oplevelser med erfarne rejseledere i hjertet af Europa.",177,Rejser tilTjekkiet,1,9,3,1819,17,17,0,0,5,BreadcrumbList|Collection|ItemList|ListItem|Organization|Product|SearchAction|TouristDestination|WebSite,1,10,0,0,0,2,2,0,0,0,,0,0,1,1,1,0,,https://smilrejser.dk/tjekkiet,"index, follow",0,0
https://smilrejser.dk/kina,/kina,kina,destination-hub,200,1350,613035,Grupperejser til Kina - kultur og oplevelser venter dig,55,"Oplev Kina med dansktalende rejseleder. Fra Den Kinesiske Mur til Shanghai. Grupperejser med fokus på kultur, historie og fællesskab.",133,Rejser tilKina,1,11,3,1866,19,19,0,0,5,BreadcrumbList|Collection|ItemList|ListItem|Organization|Product|SearchAction|TouristDestination|WebSite,1,10,0,0,0,2,2,0,0,1,17495,3,1,1,1,1,0,10,https://smilrejser.dk/kina,"index, follow",0,0
https://smilrejser.dk/danmark,/danmark,danmark,destination-hub,200,901,461641,Oplevelsesrige grupperejser i Danmark | Find din næste rejse,60,"Oplev Danmark med andre på vores grupperejser. Nyd rejseglæde, fællesskab og tryghed. Se mere her.",98,Rejser tilDanmark,1,1,3,240,13,13,0,0,5,BreadcrumbList|Collection|ListItem|Organization|SearchAction|TouristDestination|WebSite,0,9,0,0,0,2,2,0,0,0,,0,0,1,1,1,0,,https://smilrejser.dk/danmark,"index, follow",0,0
https://smilrejser.dk/spanien/bilbao,/spanien/bilbao,spanien,trip,200,1190,665516,"Rejser til Bilbao - Guggenheim, pintxos &amp; baskisk kultur",60,"Oplev Bilbaos transformation fra industriby til kulturmetropol. Udforsk Guggenheim, Casco Viejo og den prisbelønnede gastronomi med dansktalende rejseleder.",156,Rejser tilBilbao,1,9,3,1985,22,21,1,0,5,BreadcrumbList|Collection|ItemList|ListItem|Organization|Product|SearchAction|TouristDestination|WebSite,1,10,0,0,0,2,2,0,0,1,15995,1,1,1,1,1,0,9,https://smilrejser.dk/spanien/bilbao,"index, follow",0,0
https://smilrejser.dk/england/chester,/england/chester,england,trip,200,1238,537346,Rejser til Chester | Historiske oplevelser og fællesskab,56,"Tag på grupperejse til Chester og oplev velbevarede romerske mure, middelalderlige &quot;Rows&quot; og historiske skatte. Udforsk en af Englands ældste og smukkeste byer.",170,Rejser tilChester,1,5,3,1562,18,17,1,0,5,BreadcrumbList|Collection|ListItem|Organization|SearchAction|TouristDestination|WebSite,0,9,0,0,0,2,2,0,0,0,,0,0,1,1,1,0,,https://smilrejser.dk/england/chester,"index, follow",0,0
https://smilrejser.dk/england/liverpool,/england/liverpool,england,trip,200,575,542736,"Rejser til Liverpool | Kultur, musik og britisk charme",54,"Rejs til Liverpool og opdag en by med rig kulturarv, Beatles-historie og UNESCO-beskyttet havnefront. Oplev den perfekte blanding af historie og moderne britisk charme.",168,Rejser tilLiverpool,1,5,3,1891,18,17,1,0,5,BreadcrumbList|Collection|ListItem|Organization|SearchAction|TouristDestination|WebSite,0,9,0,0,0,2,2,0,0,0,,0,0,1,1,1,0,,https://smilrejser.dk/england/liverpool,"index, follow",0,0
https://smilrejser.dk/musik-og-underholdning,/musik-og-underholdning,musik-og-underholdning,travel-type,200,2043,795340,Oplevelsesrige rejser med musik og underholdning | Book nu,58,"Kombiner rejseglæde med musikalske oplevelser på vores nøje tilrettelagte grupperejser. Oplev opera, festivaler og lokal musik i autentiske rammer med dansktalende rejseledere.",176,Rejser medMusik og underholdning,1,10,3,553,20,20,0,0,5,BreadcrumbList|Collection|ItemList|ListItem|Organization|Product|SearchAction|TouristDestination|WebSite,1,10,0,0,0,0,2,0,0,1,9395,6,1,1,1,1,0,5,https://smilrejser.dk/musik-og-underholdning,"index, follow",0,0
https://smilrejser.dk/portugal/lissabon,/portugal/lissabon,portugal,trip,200,1129,803321,Rejser til Lissabon - Oplev Portugals farverige hovedstad,57,"Udforsk Lissabons pastelfarvede huse, historiske kvarterer og livlige atmosfære. Nyd udsigten fra miradouros, smag på det lokale køkken og oplev fadoens melankolske toner på grupperejse.",186,Rejser tilLissabon,1,12,3,2511,27,27,0,0,6,BreadcrumbList|Collection|ItemList|ListItem|Organization|Product|SearchAction|TouristDestination|WebSite,1,10,0,0,0,2,2,0,0,1,7695,4,1,1,1,1,0,10,https://smilrejser.dk/portugal/lissabon,"index, follow",0,0
https://smilrejser.dk/spanien/andalusien,/spanien/andalusien,spanien,trip,200,1241,706340,Rejser til Andalusien | Oplev Spaniens solrige sjæl,51,"Mærk den ægte spanske sjæl på rejse til Andalusien. Fra Alhambras skønhed til lokale tapasbarer - oplev det hele med vores erfarne, dansktalende rejseledere.",157,Rejser tilAndalusien,1,11,3,2376,23,23,0,0,5,BreadcrumbList|Collection|ItemList|ListItem|Organization|Product|SearchAction|TouristDestination|WebSite,1,10,0,0,0,2,2,0,0,1,7495,4,1,1,1,1,0,8,https://smilrejser.dk/spanien/andalusien,"index, follow",0,0
https://smilrejser.dk/montenegro,/montenegro,montenegro,destination-hub,200,768,570546,Rejser til Montenegro - Kultur &amp; natur i perfekt harmoni,60,"Udforsk Montenegros UNESCO-beskyttede bugter, middelalderlige byer og betagende bjerglandskaber. Grupperejser med dansktalende rejseledere og håndplukkede oplevelser.",166,Rejser tilMontenegro,1,6,3,1947,21,21,0,0,5,BreadcrumbList|Collection|ItemList|ListItem|Organization|Product|SearchAction|TouristDestination|WebSite,1,10,0,0,0,2,2,0,0,0,,0,0,1,1,1,0,,https://smilrejser.dk/montenegro,"index, follow",0,0
https://smilrejser.dk/oman,/oman,oman,destination-hub,200,1110,598866,Rejser til Oman | Opdag arabisk kultur og storslået natur,57,"Udforsk Omans kontraster fra Muscats moskéer til Wahiba Sands&#x27; gyldne klitter. Oplev ægte arabisk kultur, traditionel mad og betagende natur.",146,Rejser tilOman,1,6,3,2285,22,22,0,0,6,BreadcrumbList|Collection|ItemList|ListItem|Organization|Product|SearchAction|TouristDestination|WebSite,1,10,0,0,0,2,2,0,0,0,,0,0,1,1,1,0,,https://smilrejser.dk/oman,"index, follow",0,0
https://smilrejser.dk/samvirke,/samvirke,samvirke,info,200,922,489993,Læserrejser med Samvirke,24,Rejser i godt selskab med andre Samvirke-læsere. Dansktalende rejseleder guider dig gennem historiske lokationer og lokale traditioner verden over.,147,Samvirke,1,2,3,362,10,9,1,0,5,BreadcrumbList|Collection|ItemList|ListItem|Organization|Product|SearchAction|TouristDestination|WebSite,1,10,0,0,0,0,2,0,0,1,10495,1,1,1,1,1,0,8,https://smilrejser.dk/samvirke,"index, follow",0,1
https://smilrejser.dk/spanien/caminoen,/spanien/caminoen,spanien,trip,200,962,583357,Caminoen | Oplev pilgrimsruten i Spanien med dansk guide,56,"Udforsk den legendariske Camino med komfort og tryghed. Vandre gennem vinmarker, middelalderlige landsbyer og bjergpas på vej til Santiago de Compostela. Sikr dig plads nu.",172,Rejser tilCaminoen,1,8,3,1861,17,17,0,0,5,BreadcrumbList|Collection|ItemList|ListItem|Organization|Product|SearchAction|TouristDestination|WebSite,1,10,0,0,0,2,2,0,0,0,,0,0,1,1,1,0,,https://smilrejser.dk/spanien/caminoen,"index, follow",0,0
https://smilrejser.dk/spanien/barcelona,/spanien/barcelona,spanien,trip,200,929,556035,"Rejser til Barcelona | Opdag catalansk kultur, kunst og gastronomi",66,"Oplev Barcelona på en grupperejse med fokus på opdagerglæde og fællesskab. Udforsk Gaudís mesterværker, gotiske kvarterer, catalansk køkken og gyldne strande.",158,Rejser tilBarcelona,1,5,3,2312,20,20,0,0,5,BreadcrumbList|Collection|ListItem|Organization|SearchAction|TouristDestination|WebSite,0,9,0,0,0,2,2,0,0,0,,0,0,1,1,1,0,,https://smilrejser.dk/spanien/barcelona,"index, follow",0,0
https://smilrejser.dk/spanien/granada/alhambra,/spanien/granada/alhambra,spanien,trip,200,982,510076,Rejser til Alhambra - Oplev Granadas historiske palads,54,"Rejs til Alhambra i Granada og oplev den mauriske perle over Andalusien. Udforsk UNESCO-kulturarven med fontæner, haver og imponerende arkitektur i godt selskab.",161,Rejser tilAlhambra,1,2,3,377,14,13,1,0,5,BreadcrumbList|Collection|ItemList|ListItem|Organization|Product|SearchAction|TouristDestination|WebSite,1,10,0,0,0,2,2,0,0,1,7495,1,1,1,1,1,0,8,https://smilrejser.dk/spanien/granada/alhambra,"index, follow",0,0
https://smilrejser.dk/bosnien/sarajevo,/bosnien/sarajevo,bosnien,trip,200,2399,569200,Rejser til Sarajevo: Mød kulturer og traditioner i Bosnien,58,"Udforsk Sarajevos fascinerende kultur, hvor øst møder vest. Oplev historiske kvarterer, lokal gastronomi og betagende bjerglandskaber på vores grupperejser til Sarajevo.",169,Rejser tilSarajevo,1,6,3,2229,19,18,1,0,5,BreadcrumbList|Collection|ItemList|ListItem|Organization|Product|SearchAction|TouristDestination|WebSite,1,10,0,0,0,2,2,0,0,0,,0,0,1,1,1,0,425,https://smilrejser.dk/bosnien/sarajevo,"index, follow",0,0
https://smilrejser.dk/litauen/vilnius,/litauen/vilnius,litauen,trip,200,788,559125,Rejse til Vilnius - Oplev Litauens charmerende hovedstad,56,"Tag på opdagelse i Vilnius&#x27; barokke gader, smag det litauiske køkken og oplev den unikke atmosfære i Užupis. Grupperejser med fokus på fællesskab og opdagerglæde.",167,Rejser tilVilnius,1,6,3,1721,19,18,1,0,5,BreadcrumbList|Collection|ItemList|ListItem|Organization|Product|SearchAction|TouristDestination|WebSite,1,10,0,0,0,2,2,0,0,0,,0,0,1,1,1,0,,https://smilrejser.dk/litauen/vilnius,"index, follow",0,0
https://smilrejser.dk/litauen,/litauen,litauen,destination-hub,200,848,570561,Rejser til Litauen | Fra middelalderborge til kunstkvarterer,60,"Opdag Litauens fascinerende kontraster med dansktalende rejseleder. Udforsk historiske borge, kunstneriske bykvarterer og smag det autentiske køkken i hjertet af Baltikum.",171,Rejser tilLitauen,1,6,3,2253,21,21,0,0,5,BreadcrumbList|Collection|ItemList|ListItem|Organization|Product|SearchAction|TouristDestination|WebSite,1,10,0,0,0,2,2,0,0,0,,0,0,1,1,1,0,,https://smilrejser.dk/litauen,"index, follow",0,0
https://smilrejser.dk/letland/riga,/letland/riga,letland,trip,200,606,556225,Rejser til Riga - Opdag Letlands hovedstad i fællesskab,55,"Rejs til Riga og oplev en by, hvor historie møder moderne kultur. Udforsk UNESCO-verdensarv, smag lokal mad og oplev jugendstil-arkitektur på en rejse i trygge rammer.",167,Rejser tilRiga,1,7,3,1891,18,17,1,0,5,BreadcrumbList|Collection|ItemList|ListItem|Organization|Product|SearchAction|TouristDestination|WebSite,1,10,0,0,0,2,2,0,0,0,,0,0,1,1,1,0,,https://smilrejser.dk/letland/riga,"index, follow",0,0
https://smilrejser.dk/letland,/letland,letland,destination-hub,200,1356,572580,"Rejser til Letland | Kultur, natur og storbyoplevelser",54,"Opdag Letlands overraskende kontraster: Jugendstil i Riga, vandreture i nationalparker og kilometerlange strande. Rejs i trygge rammer med dansk rejseleder og lokalt kendskab.",175,Rejser tilLetland,1,6,3,2388,21,21,0,0,5,BreadcrumbList|Collection|ItemList|ListItem|Organization|Product|SearchAction|TouristDestination|WebSite,1,10,0,0,0,2,2,0,0,0,,0,0,1,1,1,0,,https://smilrejser.dk/letland,"index, follow",0,0
https://smilrejser.dk/portugal/madeira,/portugal/madeira,portugal,trip,200,733,882547,"Rejser til Madeira | Vandring, kultur og natur i Portugal",57,"Madeira byder på fantastiske naturoplevelser, levada-vandringer og lokale madtraditioner. Rejs med dansk rejseleder og oplev øens skønhed fra bjerg til kyst i trygt fællesskab.",176,Rejser tilMadeira,1,15,3,2528,30,30,0,0,6,BreadcrumbList|Collection|ItemList|ListItem|Organization|Product|SearchAction|TouristDestination|WebSite,1,10,0,0,0,2,2,0,0,1,10995,6,1,1,1,1,0,8,https://smilrejser.dk/portugal/madeira,"index, follow",0,0
https://smilrejser.dk/portugal,/portugal,portugal,destination-hub,200,1072,1529281,"Rejser til Portugal | Oplev kultur, natur og storbyer med guide",63,"Udforsk Portugals smukke vinmarker, historiske byer og atlanterhavsstrande. Nyd lokale specialiteter og oplev fællesskab på vores grupperejser med dansktalende rejseledere.",172,Rejser tilPortugal,1,32,3,3297,56,56,0,0,6,BreadcrumbList|Collection|ItemList|ListItem|Organization|Product|SearchAction|TouristDestination|WebSite,1,10,0,0,0,2,2,0,0,1,7695,14,1,1,1,1,0,8,https://smilrejser.dk/portugal,"index, follow",0,0
https://smilrejser.dk/naturrejser/blomsterrejser,/naturrejser/blomsterrejser,naturrejser,trip,200,1315,784446,Blomsterrejser med dansk rejseleder | Botaniske eventyr,55,Tag med på en blomsterrejse til verdens mest betagende botaniske destinationer. Rejser i små grupper med dansk rejseleder og fokus på naturens skønhed.,151,Blomsterrejser,1,9,3,847,22,22,0,0,5,BreadcrumbList|Collection|ItemList|ListItem|Organization|Product|SearchAction|TouristDestination|WebSite,1,10,0,0,0,2,2,0,0,1,10995,6,1,1,1,1,0,8,https://smilrejser.dk/naturrejser/blomsterrejser,"index, follow",0,1
https://smilrejser.dk/england,/england,england,destination-hub,200,969,714475,"Rejser til England | Kultur, natur og historiske oplevelser",59,Grupperejser til Englands mest fascinerende destinationer. Oplev alt fra romerske bade og kongelige slotte til idylliske landsbyer og dramatiske kyststrækninger med ekspertguider.,179,Rejser tilEngland,1,10,3,2273,33,33,0,0,6,BreadcrumbList|Collection|ItemList|ListItem|Organization|Product|SearchAction|TouristDestination|WebSite,1,10,0,0,0,2,2,0,0,1,12995,2,1,1,1,1,0,5,https://smilrejser.dk/england,"index, follow",0,0
https://smilrejser.dk/cypern,/cypern,cypern,destination-hub,200,621,625511,Rejser til Cypern | Oplev Afrodites ø med dansk rejseleder,58,"Tag med på en rejse til Cypern og oplev øens rige historie, skønne strande og lækre køkken. Rejs i trygge rammer med dansk rejseleder og nyd fællesskabet.",154,Rejser tilCypern,1,7,3,2529,23,23,0,0,6,BreadcrumbList|Collection|ItemList|ListItem|Organization|Product|SearchAction|TouristDestination|WebSite,1,10,0,0,0,2,2,0,0,1,11495,1,1,1,1,1,0,8,https://smilrejser.dk/cypern,"index, follow",0,0
https://smilrejser.dk/england/bath,/england/bath,england,trip,200,2028,559470,Rejser til Bath - Engelsk idyl med romersk og georgiansk arv,60,Rejs til Bath og oplev en by med over 2000 års historie. Fra romerske bade til georgiansk arkitektur i gylden sandsten. Grupperejser med dansk rejseleder og håndplukkede oplevelser.,181,Rejser tilBath,1,6,3,1877,19,18,1,0,5,BreadcrumbList|Collection|ItemList|ListItem|Organization|Product|SearchAction|TouristDestination|WebSite,1,10,0,0,0,2,2,0,0,0,,0,0,1,1,1,0,,https://smilrejser.dk/england/bath,"index, follow",0,0
https://smilrejser.dk/england/cornwall,/england/cornwall,england,trip,200,982,546534,Rejser til Cornwall | Grupperejser til Englands kystparadis,59,"Tag med på en rejse til Cornwall og oplev dramatiske klipper, gyldne strande og charmerende fiskerlejer. Fællesskab og opdagerglæde med dansktalende rejseledere.",161,Rejser tilCornwall,1,5,3,1841,19,18,1,0,5,BreadcrumbList|Collection|ListItem|Organization|SearchAction|TouristDestination|WebSite,0,9,0,0,0,2,2,0,0,0,,0,0,1,1,1,0,,https://smilrejser.dk/england/cornwall,"index, follow",0,0
https://smilrejser.dk/portugal/portugal-langtidsferie,/portugal/portugal-langtidsferie,portugal,trip,200,781,451845,Langtidsferie i Portugal | Oplev landets skønne natur,53,"Drømmer du om langtidsferie i Portugal? Udforsk frodig natur, det dybblå Atlanterhav og lokale liv på en rejse med dansktalende rejseleder.",139,Langtidsferie iPortugal,1,1,3,130,12,12,0,0,5,BreadcrumbList|Collection|ListItem|Organization|SearchAction|TouristDestination|WebSite,0,9,0,0,0,0,2,0,0,0,,0,0,1,1,1,0,,https://smilrejser.dk/portugal/portugal-langtidsferie,"index, follow",0,0
https://smilrejser.dk/kroatien/trogir,/kroatien/trogir,kroatien,trip,200,937,565568,Rejser til Trogir - Oplev Kroatiens charmerende UNESCO-verdensarv,65,"Tag på grupperejse til Trogir med dansktalende rejseleder. Oplev katedraler, renæssancepaladser og lokale markeder i denne velbevarede kroatiske middelalderby.",159,Rejser tilTrogir,1,6,3,2022,20,19,1,0,5,BreadcrumbList|Collection|ItemList|ListItem|Organization|Product|SearchAction|TouristDestination|WebSite,1,10,0,0,0,2,2,0,0,0,,0,0,1,1,1,0,,https://smilrejser.dk/kroatien/trogir,"index, follow",0,0
https://smilrejser.dk/indien,/indien,indien,destination-hub,200,1557,679046,Rejser til Indien | Opdag Kerala og Rajasthan i godt selskab,60,"Rejs til Indiens hjerte med erfarne rejseledere. Oplev både ikoniske seværdigheder og autentiske møder med lokalbefolkningen. Grupperejser til Kerala, Rajasthan og mere.",169,Rejser tilIndien,1,7,3,2072,22,22,0,0,5,BreadcrumbList|Collection|ItemList|ListItem|Organization|Product|SearchAction|TouristDestination|WebSite,1,10,0,0,0,2,2,0,0,1,19995,2,1,1,1,1,0,13,https://smilrejser.dk/indien,"index, follow",0,0
https://smilrejser.dk/italien/ischia,/italien/ischia,italien,trip,200,520,546619,Rejser til Ischia - Oplev termiske bade og middelhavsidyl,57,"Udforsk Ischias grønne bjerge, varme kilder og dramatiske kyster. Oplev ægte italiensk stemning, historiske seværdigheder og lokal gastronomi med dansktalende rejseleder og godt selskab.",186,Rejser tilIschia,1,7,3,2259,16,16,0,0,5,BreadcrumbList|Collection|ListItem|Organization|SearchAction|TouristDestination|WebSite,0,9,0,0,0,2,2,0,0,0,,0,0,1,1,1,0,,https://smilrejser.dk/italien/ischia,"index, follow",0,0
https://smilrejser.dk/tyrkiet/istanbul,/tyrkiet/istanbul,tyrkiet,trip,200,1196,570859,Rejser til Istanbul - Opdag Tyrkiets historiske perle i godt selskab,68,"Rejs til Istanbul og mærk mødet mellem øst og vest. Udforsk historiske monumenter, duftende basarer og lokale madoplevelser med vores dansktalende rejseledere som guide.",169,Rejser tilIstanbul,1,6,3,2357,21,21,0,0,5,BreadcrumbList|Collection|ItemList|ListItem|Organization|Product|SearchAction|TouristDestination|WebSite,1,10,0,0,0,2,2,0,0,0,,0,0,1,1,1,0,,https://smilrejser.dk/tyrkiet/istanbul,"index, follow",0,0
https://smilrejser.dk/italien/rom,/italien/rom,italien,trip,200,802,640660,Rejser til Rom - Oplev Den Evige Stads skatte med dansk rejseleder,66,"Nyd en veltilrettelagt grupperejse til Rom med fokus på kultur, historie og det italienske køkken. Oplev Colosseum, Vatikanet og byens charmerende kvarterer i fællesskab.",170,Rejser tilRom,1,7,3,2187,19,19,0,0,5,BreadcrumbList|Collection|ItemList|ListItem|Organization|Product|SearchAction|TouristDestination|WebSite,1,10,0,0,0,2,2,0,0,1,11995,2,1,1,1,1,0,7,https://smilrejser.dk/italien/rom,"index, follow",0,0
https://smilrejser.dk/graekenland/athen,/graekenland/athen,graekenland,trip,200,1362,737362,Rejser til Athen - Oplev Akropolis &amp; græsk kultur i fællesskab,66,"Grupperejser til Athen med fokus på historie, kultur og lokale oplevelser. Udforsk antikkens vidundere og moderne storbyliv med andre rejseglade danskere og kyndig rejseleder.",175,Rejser tilAthen,1,9,3,2080,23,23,0,0,5,BreadcrumbList|Collection|ItemList|ListItem|Organization|Product|SearchAction|TouristDestination|WebSite,1,10,0,0,0,2,2,0,0,1,13795,3,1,1,1,1,0,8,https://smilrejser.dk/graekenland/athen,"index, follow",0,0
https://smilrejser.dk/graekenland/peloponnes,/graekenland/peloponnes,graekenland,trip,200,688,652938,Rejser til Peloponnes - Oplev Grækenlands skjulte skatte,56,"Tag på opdagelse i Peloponnes&#x27; rige historie fra Olympia til Mykene. Nyd lokale delikatesser, udforsk dramatiske landskaber og oplev ægte græsk gæstfrihed.",160,Rejser tilPeloponnes,1,7,3,2208,22,21,1,0,6,BreadcrumbList|Collection|ItemList|ListItem|Organization|Product|SearchAction|TouristDestination|WebSite,1,10,0,0,0,2,2,0,0,1,15095,1,1,1,1,1,0,8,https://smilrejser.dk/graekenland/peloponnes,"index, follow",0,0
https://smilrejser.dk/italien/napoli,/italien/napoli,italien,trip,200,1249,626418,Grupperejser til Napoli - Oplev Italiens pulserende sydby,57,"Udforsk Napoli med Vesuvs skygge i baggrunden. Oplev den ægte italienske kultur, arkæologiske skatte og lokale madoplevelser i godt selskab.",140,Rejser tilNapoli,1,7,3,2343,21,21,0,0,6,BreadcrumbList|Collection|ItemList|ListItem|Organization|Product|SearchAction|TouristDestination|WebSite,1,10,0,0,0,2,2,0,0,1,11995,1,1,1,1,1,0,8,https://smilrejser.dk/italien/napoli,"index, follow",0,0
https://smilrejser.dk/italien/syditalien,/italien/syditalien,italien,trip,200,2633,924436,"Rejser til Syditalien - Apulien, Cilento og lokale oplevelser",61,Oplev det autentiske Syditalien på vores grupperejser med dansk rejseleder. Fra hvidkalkede trulli-huse til Cilentokystens strande og lokale delikatesser. Rejs i trygge rammer.,176,Rejser tilSyditalien,1,14,3,2625,27,27,0,0,5,BreadcrumbList|Collection|ItemList|ListItem|Organization|Product|SearchAction|TouristDestination|WebSite,1,10,0,0,0,2,2,0,0,1,8995,7,1,1,1,1,0,8,https://smilrejser.dk/italien/syditalien,"index, follow",0,0
https://smilrejser.dk/italien/gardasoeen,/italien/gardasoeen,italien,trip,200,1828,639594,Rejser til Gardasøen | Italiensk livsglæde mellem bjerge og sø,62,"Nyd Gardasøens dramatiske bjerglandskaber, charmerende middelalderbyer og lokale vinkultur. Oplev Italiens største sø på en tryg rejse med dansktalende rejseleder.",163,Rejser tilGardasøen,1,8,3,2457,22,22,0,0,6,BreadcrumbList|Collection|ItemList|ListItem|Organization|Product|SearchAction|TouristDestination|WebSite,1,10,0,0,0,2,2,0,0,1,9995,1,1,1,1,1,0,8,https://smilrejser.dk/italien/gardasoeen,"index, follow",0,0
https://smilrejser.dk/italien/norditalien,/italien/norditalien,italien,trip,200,1350,754997,Rejser til Norditalien: Oplevelser for alle sanser | Grupperejser,65,"Rejs til Norditalien og oplev Gardasøen, Dolomitterne og charmerende byer som Verona og Venedig. Vores dansktalende rejseledere sikrer trygge og indholdsrige oplevelser i godt selskab.",184,Rejser tilNorditalien,1,10,3,2337,26,26,0,0,6,BreadcrumbList|Collection|ItemList|ListItem|Organization|Product|SearchAction|TouristDestination|WebSite,1,10,0,0,0,2,2,0,0,1,9995,4,1,1,1,1,0,7,https://smilrejser.dk/italien/norditalien,"index, follow",0,0
https://smilrejser.dk/ungarn,/ungarn,ungarn,destination-hub,200,965,560281,"Rejser til Ungarn - Oplev kultur, gastronomi og naturskønhed",60,"Udforsk Ungarns rige kulturarv, smag det krydrede køkken og nyd de smukke landskaber. Rejser med fokus på fællesskab, opdagerglæde og autentiske oplevelser med dansktalende rejseledere.",185,Rejser tilUngarn,1,6,3,2075,20,20,0,0,5,BreadcrumbList|Collection|ItemList|ListItem|Organization|Product|SearchAction|TouristDestination|WebSite,1,10,0,0,0,2,2,0,0,0,,0,0,1,1,1,0,,https://smilrejser.dk/ungarn,"index, follow",0,0
https://smilrejser.dk/italien/verona,/italien/verona,italien,trip,200,433,582101,"Rejser til Verona - Kultur, vin og opera i Norditalien",54,"Udforsk Veronas romerske amfiteater, renæssancepaladser og kulinariske oplevelser. Grupperejser til kærlighedens by med dansktalende rejseleder og håndplukkede oplevelser.",171,Rejser tilVerona,1,6,3,1992,17,17,0,0,5,BreadcrumbList|Collection|ItemList|ListItem|Organization|Product|SearchAction|TouristDestination|WebSite,1,10,0,0,0,2,2,0,0,1,10495,1,1,1,1,1,0,5,https://smilrejser.dk/italien/verona,"index, follow",0,0
https://smilrejser.dk/italien/venedig,/italien/venedig,italien,trip,200,1551,593123,Rejser til Venedig | Opdag lagunebyens magi med dansk guide,59,"Udforsk Venedigs fortryllende kanaler, historiske paladser og lokale køkken. Rejs med dansktalende rejseleder og oplev den ikoniske by gennem lokale øjne.",154,Rejser tilVenedig,1,6,3,2240,18,18,0,0,5,BreadcrumbList|Collection|ItemList|ListItem|Organization|Product|SearchAction|TouristDestination|WebSite,1,10,0,0,0,2,2,0,0,1,9995,1,1,1,1,1,0,8,https://smilrejser.dk/italien/venedig,"index, follow",0,0
https://smilrejser.dk/balkan,/balkan,balkan,destination-hub,200,947,725556,"Rejser til Balkan | Hvor bjerge, kyster og kulturer mødes",57,"Rejs til Balkan og oplev en region hvor øst møder vest. Udforsk UNESCO-byer, smag på lokal gastronomi og nyd den spektakulære natur med ligesindede rejsende og dansk rejseleder.",177,Rejser tilBalkan,1,13,3,2316,34,34,0,0,6,BreadcrumbList|Collection|ItemList|ListItem|Organization|Product|SearchAction|TouristDestination|WebSite,1,10,0,0,0,2,2,0,0,1,12295,1,1,1,1,1,0,8,https://smilrejser.dk/balkan,"index, follow",0,0
https://smilrejser.dk/italien/sicilien,/italien/sicilien,italien,trip,200,1305,632806,"Sicilien rejser | Vulkaner, templer og middelhavsstemning",57,"Oplev Siciliens magiske kontraster på grupperejse med dansk rejseleder. Fra antikke templer til vulkanen Etna, autentiske markeder og krystalklart Middelhav - alt på én ø.",171,Rejser tilSicilien,1,7,3,2410,22,22,0,0,5,BreadcrumbList|Collection|ItemList|ListItem|Organization|Product|SearchAction|TouristDestination|WebSite,1,10,0,0,0,2,2,0,0,1,15495,1,1,1,1,1,0,8,https://smilrejser.dk/italien/sicilien,"index, follow",0,0
https://smilrejser.dk/italien/ravello,/italien/ravello,italien,trip,200,843,706111,Rejser til Ravello - Middelhavsperlen 350 meter over havet,58,"Udforsk Ravello med dansktalende rejseleder. Oplev Villa Rufolo, betagende udsigter og autentisk italiensk atmosfære højt over det azurblå Middelhav.",149,Rejser tilRavello,1,9,3,2247,22,22,0,0,5,BreadcrumbList|Collection|ItemList|ListItem|Organization|Product|SearchAction|TouristDestination|WebSite,1,10,0,0,0,2,2,0,0,1,10995,2,1,1,1,1,0,8,https://smilrejser.dk/italien/ravello,"index, follow",0,0
https://smilrejser.dk/frankrig/normandiet,/frankrig/normandiet,frankrig,trip,200,1244,599267,Rejser til Normandiet: Historiske kyster &amp; fransk gastronomi,64,"Tag på rejse til Normandiet og oplev kridhvide klipper, historiske landgangstrande og charmerende landsbyer. Grupperejser med dansktalende guide og fokus på fællesskab og opdagelse.",181,Rejser tilNormandiet,1,6,3,2062,20,20,0,0,6,BreadcrumbList|Collection|ItemList|ListItem|Organization|Product|SearchAction|TouristDestination|WebSite,1,10,0,0,0,2,2,0,0,1,16995,1,1,1,1,1,0,8,https://smilrejser.dk/frankrig/normandiet,"index, follow",0,0
https://smilrejser.dk/frankrig/provence,/frankrig/provence,frankrig,trip,200,1325,619012,Rejser til Provence | Opdag sydfrankrig med dansktalende guide,62,"Tag på rejse til Provence og mærk duften af lavendel, smag lokale specialiteter og besøg charmerende landsbyer. Trygge grupperejser med fokus på fællesskab og kvalitet.",168,Rejser tilProvence,1,7,3,1986,20,20,0,0,5,BreadcrumbList|Collection|ItemList|ListItem|Organization|Product|SearchAction|TouristDestination|WebSite,1,10,0,0,0,2,2,0,0,1,17995,2,1,1,1,1,0,7,https://smilrejser.dk/frankrig/provence,"index, follow",0,0
https://smilrejser.dk/frankrig/saint-tropez,/frankrig/saint-tropez,frankrig,trip,200,1098,599626,Rejser til Saint-Tropez | Middelhavsstemning og fransk elegance,63,"Tag på opdagelse i Saint-Tropez&#x27; pastelfarvede gader, nyd den franske gastronomi og det azurblå Middelhav. Grupperejser med dansktalende rejseleder og håndplukkede oplevelser.",180,Rejser tilSaint-Tropez,1,6,3,1943,20,19,1,0,5,BreadcrumbList|Collection|ItemList|ListItem|Organization|Product|SearchAction|TouristDestination|WebSite,1,10,0,0,0,2,2,0,0,1,13495,1,1,1,1,1,0,8,https://smilrejser.dk/frankrig/saint-tropez,"index, follow",0,0
https://smilrejser.dk/frankrig/seinen,/frankrig/seinen,frankrig,trip,200,1301,619156,Sejl på Seinen | Frankrig fra en ny vinkel med rejseleder,57,"Oplev Frankrigs livsnerve på et flodkrydstogt med dansk rejseleder. Besøg Monets Giverny, historiske Rouen og charmerende Honfleur mens landskabet glider forbi dit flydende hotel.",179,Rejser tilSeinen,1,7,3,2037,21,20,1,0,6,BreadcrumbList|Collection|ItemList|ListItem|Organization|Product|SearchAction|TouristDestination|WebSite,1,10,0,0,0,2,2,0,0,1,7995,2,1,1,1,1,0,8,https://smilrejser.dk/frankrig/seinen,"index, follow",0,0
https://smilrejser.dk/italien/sorrento,/italien/sorrento,italien,trip,200,1050,551360,Rejser til Sorrento | Oplev Syditaliens skjulte perle,53,"Rejs til Sorrento og mærk den ægte syditalienske stemning. Udforsk brostensbelagte gader, smag limoncello og nyd panoramaudsigten over Napolibugten med dansktalende rejseleder.",176,Rejser tilSorrento,1,5,3,2102,18,18,0,0,5,BreadcrumbList|Collection|ListItem|Organization|SearchAction|TouristDestination|WebSite,0,9,0,0,0,2,2,0,0,0,,0,0,1,1,1,0,,https://smilrejser.dk/italien/sorrento,"index, follow",0,0
https://smilrejser.dk/frankrig/strasbourg,/frankrig/strasbourg,frankrig,trip,200,1187,567147,Grupperejser til Strasbourg - Oplev Alsace med rejseleder,57,"Udforsk Strasbourg med dansk rejseleder. Oplev bindingsværkshuse, katedralen og den unikke blanding af fransk og tysk kultur i Alsace&#x27;s charmerende hovedby.",161,Rejser tilStrasbourg,1,8,3,1767,18,18,0,0,5,BreadcrumbList|Collection|ItemList|ListItem|Organization|Product|SearchAction|TouristDestination|WebSite,1,10,0,0,0,2,2,0,0,0,,0,0,1,1,1,0,,https://smilrejser.dk/frankrig/strasbourg,"index, follow",0,0
https://smilrejser.dk/italien/stresa,/italien/stresa,italien,trip,200,1320,632132,Rejser til Stresa | Oplev Norditaliens søhøjland med rejseleder,63,"Tag på opdagelse i Stresa med blomstrende promenader, krystalklart vand og majestætiske alper. Nyd lokale delikatesser og kulturoplevelser i godt selskab.",154,Rejser tilStresa,1,10,3,2275,17,17,0,0,5,BreadcrumbList|Collection|ItemList|ListItem|Organization|Product|SearchAction|TouristDestination|WebSite,1,10,0,0,0,2,2,0,0,1,11995,2,1,1,1,1,0,7,https://smilrejser.dk/italien/stresa,"index, follow",0,0
https://smilrejser.dk/italien/toscana,/italien/toscana,italien,trip,200,1136,658914,"Rejser til Toscana | Oplev kunst, kultur og kulinariske eventyr",63,"Udforsk Toscanas maleriske landskaber, historiske byer og gastronomi. Kom tæt på lokallivet med vores dansktalende rejseledere og nyd trygge, indholdsrige grupperejser.",168,Rejser tilToscana,1,8,3,2019,24,24,0,0,6,BreadcrumbList|Collection|ItemList|ListItem|Organization|Product|SearchAction|TouristDestination|WebSite,1,10,0,0,0,2,2,0,0,1,9995,1,1,1,1,1,0,8,https://smilrejser.dk/italien/toscana,"index, follow",0,0
https://smilrejser.dk/italien/umbrien,/italien/umbrien,italien,trip,200,741,544630,"Rejser til Umbrien | Middelalderbyer, gastronomi og vinmarker",61,"Tag på opdagelse i Umbrien med vinmarker, olivenlunde og charmerende bjergbyer. Nyd autentisk italiensk gastronomi og kultur på vores grupperejser med dansktalende rejseleder.",175,Rejser tilUmbrien,1,5,3,2036,17,17,0,0,5,BreadcrumbList|Collection|ListItem|Organization|SearchAction|TouristDestination|WebSite,0,9,0,0,0,2,2,0,0,0,,0,0,1,1,1,0,,https://smilrejser.dk/italien/umbrien,"index, follow",0,0
https://smilrejser.dk/irland/kilkenny,/irland/kilkenny,irland,trip,200,798,595251,Rejser til Kilkenny | Historisk irsk perle med kulturel rigdom,62,"Kilkenny forener middelalderhistorie med ægte irsk kultur. Udforsk slottet, nyd lokale specialiteter og oplev traditionel musik på en rejse med dansk rejseleder.",161,Rejser tilKilkenny,1,6,3,1858,19,18,1,0,5,BreadcrumbList|Collection|ItemList|ListItem|Organization|Product|SearchAction|TouristDestination|WebSite,1,10,0,0,0,2,2,0,0,1,15995,1,1,1,1,1,0,8,https://smilrejser.dk/irland/kilkenny,"index, follow",0,0
https://smilrejser.dk/italien/lago-maggiore,/italien/lago-maggiore,italien,trip,200,1264,606126,Rejser til Lago Maggiore | Oplev Italiens azurblå alpesø,56,"Udforsk Lago Maggiore på grupperejse med dansktalende rejseleder. Nyd idylliske søbyer, subtropiske haver og kulinariske oplevelser i mødet mellem alpelandskab og middelhavsstemning.",182,Rejser tilLago Maggiore,1,6,3,2513,19,19,0,0,5,BreadcrumbList|Collection|ItemList|ListItem|Organization|Product|SearchAction|TouristDestination|WebSite,1,10,0,0,0,2,2,0,0,1,20495,1,1,1,1,1,0,8,https://smilrejser.dk/italien/lago-maggiore,"index, follow",0,0
https://smilrejser.dk/italien/pompeji,/italien/pompeji,italien,trip,200,626,652301,Rejser til Pompeji - Oplev vulkanbyens fascinerende historie,60,"Udforsk den velbevarede romerske by Pompeji med dansktalende rejseleder. Gå i romernes fodspor, se imponerende ruiner og mærk historiens vingesus ved foden af Vesuv.",165,Rejser tilPompeji,1,7,3,2191,19,19,0,0,5,BreadcrumbList|Collection|ItemList|ListItem|Organization|Product|SearchAction|TouristDestination|WebSite,1,10,0,0,0,2,2,0,0,1,10995,2,1,1,1,1,0,8,https://smilrejser.dk/italien/pompeji,"index, follow",0,0
https://smilrejser.dk/italien/piemonte,/italien/piemonte,italien,trip,200,1016,590389,Rejser til Piemonte: Norditaliens skjulte perle for madentusiaster,66,"Tag med til Piemonte og smag på Barolo-vine, hvide trøfler og lokale delikatesser. Nyd bølgende vinmarker, charmerende middelalderbyer og den ægte italienske livsstil i godt selskab.",182,Rejser tilPiemonte,1,7,3,2083,18,18,0,0,6,BreadcrumbList|Collection|ItemList|ListItem|Organization|Product|SearchAction|TouristDestination|WebSite,1,10,0,0,0,2,2,0,0,1,11995,1,1,1,1,1,0,7,https://smilrejser.dk/italien/piemonte,"index, follow",0,0
https://smilrejser.dk/italien/amalfikysten,/italien/amalfikysten,italien,trip,200,1226,827658,"Rejser til Amalfikysten - Citronlunde, kystbyer og kultur | Dansk rejseleder",76,"Rejs til Amalfikysten og oplev UNESCO-beskyttet skønhed, kulinariske oplevelser og historiske perler. Book din rejse med dansk rejseleder og oplev Italien fra sin smukkeste side.",178,Rejser tilAmalfikysten,1,11,3,1349,25,25,0,0,6,BreadcrumbList|Collection|ItemList|ListItem|Organization|Product|SearchAction|TouristDestination|WebSite,1,10,0,0,0,2,2,0,0,1,8995,5,1,1,1,1,0,8,https://smilrejser.dk/italien/amalfikysten,"index, follow",0,0
https://smilrejser.dk/italien/apulien,/italien/apulien,italien,trip,200,2382,590795,Apulien rejser - Opdag Italiens støvlehæl med rejseleder,56,"Udforsk Apuliens hvide landsbyer, historiske byer og azurblå kystlinje. Nyd lokal vin, orecchiette-pasta og olivenolier på vores grupperejser med dansktalende rejseledere.",171,Rejser tilApulien,1,8,3,2007,19,19,0,0,5,BreadcrumbList|Collection|ItemList|ListItem|Organization|Product|SearchAction|TouristDestination|WebSite,1,10,0,0,0,2,2,0,0,1,13995,1,1,1,1,1,0,8,https://smilrejser.dk/italien/apulien,"index, follow",0,0
https://smilrejser.dk/belgien/bruxelles,/belgien/bruxelles,belgien,trip,200,588,549079,"Rejser til Bruxelles | Kultur, gastronomi og europæisk charme",61,"Udforsk Bruxelles&#x27; barokfacader, belgiske øl og europæisk puls på vores grupperejser med dansktalende rejseleder. Oplev Grand Place, Atomium og det berømte køkken.",168,Rejser tilBruxelles,1,5,3,2241,18,17,1,0,5,BreadcrumbList|Collection|ListItem|Organization|SearchAction|TouristDestination|WebSite,0,9,0,0,0,2,2,0,0,0,,0,0,1,1,1,0,,https://smilrejser.dk/belgien/bruxelles,"index, follow",0,0
https://smilrejser.dk/sverige/gotland,/sverige/gotland,sverige,trip,200,845,600885,"Gotland rejser | Middelalderby, raukar og nordisk charme",56,"Rejs til Gotland og mærk historiens vingesus i Visby, udforsk spektakulære naturformationer og nyd det lokale køkken. Trygge grupperejser med dansktalende rejseleder.",166,Rejser tilGotland,1,6,3,2438,19,19,0,0,5,BreadcrumbList|Collection|ItemList|ListItem|Organization|Product|SearchAction|TouristDestination|WebSite,1,10,0,0,0,2,2,0,0,1,9995,1,1,1,1,1,0,5,https://smilrejser.dk/sverige/gotland,"index, follow",0,0
https://smilrejser.dk/belgien,/belgien,belgien,destination-hub,200,1438,552662,"Rejser til Belgien | Kultur, kunst og kulinariske oplevelser",60,"Rejs til Belgien og oplev Brugges kanaler, Bruxelles&#x27; Grand Place og Antwerpens kunstskatte. Nyd belgisk chokolade, øl og fællesskab med andre rejseglade danskere.",168,Rejser tilBelgien,1,5,3,2105,20,20,0,0,5,BreadcrumbList|Collection|ListItem|Organization|SearchAction|TouristDestination|WebSite,0,9,0,0,0,2,2,0,0,0,,0,0,1,1,1,0,,https://smilrejser.dk/belgien,"index, follow",0,0
https://smilrejser.dk/faeroeerne/torshavn,/faeroeerne/torshavn,faeroeerne,trip,200,1260,599073,Rejser til Tórshavn | Nordatlantens charmerende hovedstad,57,"Besøg Tórshavn på Færøerne og oplev en unik blanding af vikinghistorie, nordisk design og betagende natur. Udforsk græstækkede huse og lokale delikatesser i godt selskab.",170,Rejser tilTórshavn,1,6,3,2261,20,19,1,0,5,BreadcrumbList|Collection|ItemList|ListItem|Organization|Product|SearchAction|TouristDestination|WebSite,1,10,0,0,0,2,2,0,0,0,,0,0,1,1,1,0,,https://smilrejser.dk/faeroeerne/torshavn,"index, follow",0,0
https://smilrejser.dk/irland,/irland,irland,destination-hub,200,842,672753,Rejser til Irland | Oplev kystlandskaber og irsk folkemusik,59,Kom tæt på Irlands sjæl med vores grupperejser. Fra Dublins historiske gader til Cliffs of Moher og Ring of Kerry. Oplev ægte irsk stemning med traditionel musik og lokal mad.,175,Rejser tilIrland,1,8,3,2314,22,22,0,0,5,BreadcrumbList|Collection|ItemList|ListItem|Organization|Product|SearchAction|TouristDestination|WebSite,1,10,0,0,0,2,2,0,0,1,9395,2,1,1,1,1,0,4,https://smilrejser.dk/irland,"index, follow",0,0
https://smilrejser.dk/irland/dublin,/irland/dublin,irland,trip,200,859,656567,"Dublin rejser - Kultur, musik og irsk charme venter på dig",58,"Tag på grupperejse til Dublin og oplev Temple Bar, Trinity College og autentisk irsk kultur. Rejs med dansktalende rejseleder og udforsk hovedstadens mange skjulte perler.",171,Rejser tilDublin,1,9,3,2144,20,20,0,0,5,BreadcrumbList|Collection|ItemList|ListItem|Organization|Product|SearchAction|TouristDestination|WebSite,1,10,0,0,0,2,2,0,0,1,9395,2,1,1,1,1,0,4,https://smilrejser.dk/irland/dublin,"index, follow",0,0
https://smilrejser.dk/georgien,/georgien,georgien,destination-hub,200,1487,578249,Grupperejser til Georgien - Mellem Kaukasus og Sortehavet,57,"Udforsk Georgiens kontrastfyldte landskaber fra Kaukasus til Sortehavet. Oplev årtusindgamle vintraditioner, polyfon sang og georgisk gæstfrihed på rejse med dansktalende guide.",177,Rejser tilGeorgien,1,6,3,2264,19,19,0,0,5,BreadcrumbList|Collection|ItemList|ListItem|Organization|Product|SearchAction|TouristDestination|WebSite,1,10,0,0,0,2,2,0,0,0,,0,0,1,1,1,0,,https://smilrejser.dk/georgien,"index, follow",0,0
https://smilrejser.dk/tyskland/munchen,/tyskland/munchen,tyskland,trip,200,952,562708,München rejser - Udforsk tysk kultur og bayersk charme i fællesskab,67,"Mærk den bayerske sjæl i München med veltilrettelagte grupperejser. Udforsk historiske seværdigheder, smag lokal gastronomi og nyd byens grønne oaser.",150,Rejser tilMünchen,1,6,3,2082,21,20,1,0,5,BreadcrumbList|Collection|ItemList|ListItem|Organization|Product|SearchAction|TouristDestination|WebSite,1,10,0,0,0,2,2,0,0,0,,0,0,1,1,1,0,,https://smilrejser.dk/tyskland/munchen,"index, follow",0,0
https://smilrejser.dk/bosnien,/bosnien,bosnien,destination-hub,200,1313,586296,"Rejser til Bosnien - Kultur, natur og autentiske oplevelser",59,"Udforsk Sarajevo, Mostar og Bosniens betagende natur på en grupperejse med dansk rejseleder. Oplev lokal kultur, gastronomi og historiske seværdigheder i godt selskab.",167,Rejser tilBosnien,1,7,3,2033,22,22,0,0,5,BreadcrumbList|Collection|ItemList|ListItem|Organization|Product|SearchAction|TouristDestination|WebSite,1,10,0,0,0,2,2,0,0,0,,0,0,1,1,1,0,,https://smilrejser.dk/bosnien,"index, follow",0,0
https://smilrejser.dk/jordan,/jordan,jordan,destination-hub,200,1423,609179,Rejser til Jordan - Oplev klippebyer og ørkenens magi,53,Udforsk Jordans fascinerende historie og natur på grupperejse med dansk rejseleder. Fra Petras rosafarvede klipper til Wadi Rums stjernehimmel og Det Døde Havs ro.,163,Rejser tilJordan,1,7,3,2039,22,22,0,0,5,BreadcrumbList|Collection|ItemList|ListItem|Organization|Product|SearchAction|TouristDestination|WebSite,1,10,0,0,0,2,2,0,0,0,,0,0,1,1,1,0,,https://smilrejser.dk/jordan,"index, follow",0,0
https://smilrejser.dk/island,/island,island,destination-hub,200,1046,566169,Rejser til Island - Eventyr blandt gejsere og vandfald,54,"Udforsk Islands dramatiske landskaber med sorte strande, brusende vandfald og aktive gejsere. Vores grupperejser med dansktalende rejseleder giver dig unikke naturoplevelser.",174,Rejser tilIsland,1,5,3,2406,21,21,0,0,6,BreadcrumbList|Collection|ListItem|Organization|SearchAction|TouristDestination|WebSite,0,9,0,0,0,2,2,0,0,0,,0,0,1,1,1,0,,https://smilrejser.dk/island,"index, follow",0,0
https://smilrejser.dk/kroatien,/kroatien,kroatien,destination-hub,200,1016,602969,Kroatien rejser | Adriaterhavets perle med dansk rejseleder,59,"Udforsk Kroatiens skjulte perler fra Dubrovnik til Istrien. Oplev romerske monumenter, nationalparker og azurblåt hav på vores nøje tilrettelagte rejser med dansktalende guide.",176,Rejser tilKroatien,1,7,3,1910,22,22,0,0,5,BreadcrumbList|Collection|ItemList|ListItem|Organization|Product|SearchAction|TouristDestination|WebSite,1,10,0,0,0,2,2,0,0,0,,0,0,1,1,1,0,,https://smilrejser.dk/kroatien,"index, follow",0,0
https://smilrejser.dk/italien/genova,/italien/genova,italien,trip,200,1199,598787,Rejser til Genova - Udforsk Liguriens fascinerende hovedstad,60,"Mærk historiens vingesus i Genovas snævre gader, oplev renæssancepaladser og nyd det liguriske køkken. Grupperejser med fokus på kultur, mad og lokale oplevelser.",162,Rejser tilGenova,1,6,3,2279,19,19,0,0,5,BreadcrumbList|Collection|ItemList|ListItem|Organization|Product|SearchAction|TouristDestination|WebSite,1,10,0,0,0,2,2,0,0,1,12495,1,1,1,1,1,0,8,https://smilrejser.dk/italien/genova,"index, follow",0,0
https://smilrejser.dk/kroatien/dubrovnik,/kroatien/dubrovnik,kroatien,trip,200,949,575461,Rejser til Dubrovnik - Oplev Kroatiens middelalderby i grupper,62,"Kom med til Dubrovnik og oplev UNESCO-verdensarv, middelhavskultur og lokale delikatesser. Vores grupperejser giver dig tryghed og unikke oplevelser.",149,Rejser tilDubrovnik,1,10,3,2076,18,17,1,0,5,BreadcrumbList|Collection|ItemList|ListItem|Organization|Product|SearchAction|TouristDestination|WebSite,1,10,0,0,0,2,2,0,0,0,,0,0,1,1,1,0,45,https://smilrejser.dk/kroatien/dubrovnik,"index, follow",0,0
https://smilrejser.dk/italien/firenze,/italien/firenze,italien,trip,200,854,641563,Rejser til Firenze - Opdag renæssancens vugge i Toscana,55,"Tag på en uforglemmelig rejse til Firenze med dansk rejseleder. Udforsk domkirken, Uffizi-galleriet og nyd det lokale køkken i renæssancens fødeby med tryghed og fællesskab.",173,Rejser tilFirenze,1,8,3,1979,19,19,0,0,5,BreadcrumbList|Collection|ItemList|ListItem|Organization|Product|SearchAction|TouristDestination|WebSite,1,10,0,0,0,2,2,0,0,1,9995,1,1,1,1,1,0,8,https://smilrejser.dk/italien/firenze,"index, follow",0,0
https://smilrejser.dk/italien/cinque-terre,/italien/cinque-terre,italien,trip,200,586,614956,Rejser til Cinque Terre | Oplevelser ved den italienske riviera,63,"Tag på rejse til Cinque Terres fem pastelfarvede landsbyer med dansktalende rejseleder. Oplev lokal kultur, gastronomi og betagende udsigter langs Liguriens kyst.",162,Rejser tilCinque Terre,1,7,3,1918,20,20,0,0,5,BreadcrumbList|Collection|ItemList|ListItem|Organization|Product|SearchAction|TouristDestination|WebSite,1,10,0,0,0,2,2,0,0,1,12495,2,1,1,1,1,0,8,https://smilrejser.dk/italien/cinque-terre,"index, follow",0,0
https://smilrejser.dk/frankrig/paris,/frankrig/paris,frankrig,trip,200,971,609892,"Rejser til Paris | Kultur, historie og fransk atmosfære",55,Tag på opdagelse i Paris&#x27; ikoniske seværdigheder og skjulte perler. Vores grupperejser med dansktalende rejseledere giver dig autentiske oplevelser i charmerende franske omgivelser.,186,Rejser tilParis,1,7,3,2243,19,19,0,0,5,BreadcrumbList|Collection|ItemList|ListItem|Organization|Product|SearchAction|TouristDestination|WebSite,1,10,0,0,0,2,2,0,0,1,7995,2,1,1,1,1,0,8,https://smilrejser.dk/frankrig/paris,"index, follow",0,0
https://smilrejser.dk/bosnien/mostar,/bosnien/mostar,bosnien,trip,200,933,569473,Rejser til Mostar | Kultur og historie ved Neretva-floden,57,"Udforsk Mostars UNESCO-beskyttede bro, farvede bazarer og multikulturelle arv. Nyd lokale specialiteter og oplev ægte bosnisk gæstfrihed på vores grupperejser med dansk rejseleder.",180,Rejser tilMostar,1,9,3,2060,17,16,1,0,5,BreadcrumbList|Collection|ItemList|ListItem|Organization|Product|SearchAction|TouristDestination|WebSite,1,10,0,0,0,2,2,0,0,0,,0,0,1,1,1,0,,https://smilrejser.dk/bosnien/mostar,"index, follow",0,0
https://smilrejser.dk/england/london,/england/london,england,trip,200,1300,584198,"Rejser til London - Teater, historie og gastronomiske oplevelser",64,"Rejs til London og oplev Big Ben, teaterdistriktet og madmarkeder. Nyd tryghed og fællesskab med vores grupperejser og erfarne rejseledere. Find din afrejsedato her!",165,Rejser tilLondon,1,6,3,1692,19,19,0,0,5,BreadcrumbList|Collection|ItemList|ListItem|Organization|Product|SearchAction|TouristDestination|WebSite,1,10,0,0,0,2,2,0,0,1,13995,1,1,1,1,1,0,5,https://smilrejser.dk/england/london,"index, follow",0,0
https://smilrejser.dk/estland/tallinn,/estland/tallinn,estland,trip,200,1251,557035,Rejser til Tallinn - Oplev Estlands fascinerende hovedstad,58,"Tallinn byder på velbevarede middelaldermiljøer, estisk madkultur og moderne kreativitet. Rejs med dansk rejseleder og oplev Baltikums mest charmerende by.",155,Rejser tilTallinn,1,6,3,1618,18,18,0,0,5,BreadcrumbList|Collection|ItemList|ListItem|Organization|Product|SearchAction|TouristDestination|WebSite,1,10,0,0,0,2,2,0,0,0,,0,0,1,1,1,0,,https://smilrejser.dk/estland/tallinn,"index, follow",0,0
https://smilrejser.dk/estland,/estland,estland,destination-hub,200,1005,573833,Rejser til Estland | Middelalder møder moderne kultur,53,"Tag på rejse til Estland med dansktalende rejseleder. Oplev historiske Tallinn, smag lokal mad og udforsk nationalparker. Nøje tilrettelagte oplevelser i godt selskab.",167,Rejser tilEstland,1,6,3,2115,21,21,0,0,5,BreadcrumbList|Collection|ItemList|ListItem|Organization|Product|SearchAction|TouristDestination|WebSite,1,10,0,0,0,2,2,0,0,0,,0,0,1,1,1,0,,https://smilrejser.dk/estland,"index, follow",0,0
https://smilrejser.dk/baltikum,/baltikum,baltikum,destination-hub,200,779,575139,"Rejser til Baltikum - opdagerglæde i Estland, Letland, Litauen",62,"Udforsk Baltikums historiske byer, imponerende arkitektur og smukke natur på vores grupperejser med dansktalende rejseleder. Oplev tre lande med én rejse.",154,Rejser tilBaltikum,1,5,3,1649,21,21,0,0,6,BreadcrumbList|Collection|ItemList|ListItem|Organization|Product|SearchAction|TouristDestination|WebSite,1,10,0,0,0,2,2,0,0,0,,0,0,1,1,1,0,,https://smilrejser.dk/baltikum,"index, follow",0,0
https://smilrejser.dk/holland/amsterdam,/holland/amsterdam,holland,trip,200,991,554734,"Rejser til Amsterdam - Kunst, kultur og kanaler venter",54,"Udforsk Amsterdams charmerende kanaler, museer og lokale kultur på vores grupperejser med dansktalende rejseleder. Oplev kunst, historie og hyggelige kvarterer i fællesskab.",173,Rejser tilAmsterdam,1,6,3,1569,18,18,0,0,5,BreadcrumbList|Collection|ItemList|ListItem|Organization|Product|SearchAction|TouristDestination|WebSite,1,10,0,0,0,2,2,0,0,0,,0,0,1,1,1,0,,https://smilrejser.dk/holland/amsterdam,"index, follow",0,0
https://smilrejser.dk/holland,/holland,holland,destination-hub,200,1162,578282,"Rejser til Holland | Oplev kanalbyer, tulipaner og kulturarv",60,"Udforsk Hollands farverige tulipanmarker, charmerende kanalbyer og rige kulturarv med dansktalende rejseleder. Få uforglemmelige oplevelser i godt selskab.",155,Rejser tilHolland,1,6,3,2165,21,21,0,0,5,BreadcrumbList|Collection|ItemList|ListItem|Organization|Product|SearchAction|TouristDestination|WebSite,1,10,0,0,0,2,2,0,0,0,,0,0,1,1,1,0,,https://smilrejser.dk/holland,"index, follow",0,0
https://smilrejser.dk/tyskland/koln,/tyskland/koln,tyskland,trip,200,1043,556947,Rejser til Köln | Historiske oplevelser og moderne atmosfære,60,"Oplev Kölns imponerende domkirke, hyggelige bydele og rige kultur på vores grupperejser med dansktalende rejseleder. Nyd fællesskabet og få unikke lokale oplevelser.",165,Rejser tilKöln,1,6,3,1799,21,20,1,0,5,BreadcrumbList|Collection|ItemList|ListItem|Organization|Product|SearchAction|TouristDestination|WebSite,1,10,0,0,0,2,2,0,0,0,,0,0,1,1,1,0,,https://smilrejser.dk/tyskland/koln,"index, follow",0,0
https://smilrejser.dk/england/sydengland,/england/sydengland,england,trip,200,1310,630013,"Rejser til Sydengland - Historiske byer, haver og kystperler",60,"Mærk den engelske charme i Bath, Cornwall og Brighton. Vores grupperejser til Sydengland byder på håndplukkede oplevelser med dansktalende rejseledere. Se mere her.",164,Rejser tilSydengland,1,8,3,2499,23,23,0,0,5,BreadcrumbList|Collection|ItemList|ListItem|Organization|Product|SearchAction|TouristDestination|WebSite,1,10,0,0,0,2,2,0,0,1,12995,2,1,1,1,1,0,5,https://smilrejser.dk/england/sydengland,"index, follow",0,0
https://smilrejser.dk/tyskland,/tyskland,tyskland,destination-hub,200,1378,653802,"Rejser til Tyskland | Opdag kultur, historie og gastronomi",58,"Udforsk Tysklands skatte fra Alperne til Rhinen. Vores grupperejser med dansktalende rejseledere giver dig unikke oplevelser, fællesskab og opdagerglæde i vores sydlige naboland.",178,Rejser tilTyskland,1,9,3,2080,23,23,0,0,5,BreadcrumbList|Collection|ItemList|ListItem|Organization|Product|SearchAction|TouristDestination|WebSite,1,10,0,0,0,2,2,0,0,1,14995,1,1,1,1,1,0,5,https://smilrejser.dk/tyskland,"index, follow",0,0
https://smilrejser.dk/kroatien/split,/kroatien/split,kroatien,trip,200,1028,554555,Rejser til Split | Oplev Kroatiens historiske kystperle,55,"Udforsk Split med dansk rejseleder. Oplev Diokletians palads, azurblåt hav og lokal kultur. Grupperejser med fællesskab og opdagerglæde ved Adriaterhavet.",154,Rejser tilSplit,1,5,3,2309,19,18,1,0,5,BreadcrumbList|Collection|ListItem|Organization|SearchAction|TouristDestination|WebSite,0,9,0,0,0,2,2,0,0,0,,0,0,1,1,1,0,,https://smilrejser.dk/kroatien/split,"index, follow",0,0
https://smilrejser.dk/armenien,/armenien,armenien,destination-hub,200,988,544986,"Rejser til Armenien | Klostre, kultur og storslået natur",56,"Udforsk Armeniens UNESCO-beskyttede klostre, smag på det lokale køkken og oplev gæstfri kultur. Rejs trygt med dansktalende rejseguide og få unikke oplevelser.",159,Rejser tilArmenien,1,5,3,1909,19,19,0,0,5,BreadcrumbList|Collection|ListItem|Organization|SearchAction|TouristDestination|WebSite,0,9,0,0,0,2,2,0,0,0,,0,0,1,1,1,0,,https://smilrejser.dk/armenien,"index, follow",0,0
https://smilrejser.dk/belgien/antwerpen,/belgien/antwerpen,belgien,trip,200,2053,541450,"Rejser til Antwerpen - Kultur, mad og diamantbutikker",53,"Udforsk Antwerpens kulturelle rigdom med kunst, mode og diamanter. Oplev Rubenshuis, katedralen og nyd belgisk chokolade på en grupperejse med dansktalende rejseleder.",167,Rejser tilAntwerpen,1,5,3,1948,18,17,1,0,5,BreadcrumbList|Collection|ListItem|Organization|SearchAction|TouristDestination|WebSite,0,9,0,0,0,2,2,0,0,0,,0,0,1,1,1,0,,https://smilrejser.dk/belgien/antwerpen,"index, follow",0,0
https://smilrejser.dk/graekenland/mykonos,/graekenland/mykonos,graekenland,trip,200,960,541185,Rejser til Mykonos - Græsk idyl og opdagelsesglæde,50,"Tag med til Mykonos og oplev hvidkalkede huse, azurblåt hav og lokal madkultur. Udforsk Lille Venedig, historiske vindmøller og skjulte strande i godt selskab.",159,Rejser tilMykonos,1,7,3,1902,19,18,1,0,5,BreadcrumbList|Collection|ListItem|Organization|SearchAction|TouristDestination|WebSite,0,9,0,0,0,2,2,0,0,0,,0,0,1,1,1,0,,https://smilrejser.dk/graekenland/mykonos,"index, follow",0,0
https://smilrejser.dk/graekenland/santorini,/graekenland/santorini,graekenland,trip,200,1151,542860,Rejser til Santorini | Græsk idyl med vulkansk dramatik,55,"Rejs til Santorini og oplev hvide bygninger med blå kupler, vulkanske strande og lokal madkultur. Trygge grupperejser med dansktalende rejseleder og håndplukkede oplevelser.",173,Rejser tilSantorini,1,7,3,2126,17,16,1,0,5,BreadcrumbList|Collection|ListItem|Organization|SearchAction|TouristDestination|WebSite,0,9,0,0,0,2,2,0,0,0,,0,0,1,1,1,0,,https://smilrejser.dk/graekenland/santorini,"index, follow",0,0
https://smilrejser.dk/efteraarsrejser,/efteraarsrejser,efteraarsrejser,travel-type,200,4026,2627853,"Efterårsrejser med oplevelser | Kultur, natur og gastronomi",59,"Rejs sammen med andre i efteråret og oplev verdens kulturskatte, naturperler og gastronomiske højdepunkter. Vores efterårsrejser byder på fællesskab, tryghed og uforglemmelige oplevelser.",187,Efterårsrejser,1,51,3,2855,61,61,0,0,5,BreadcrumbList|Collection|ItemList|ListItem|Organization|Product|SearchAction|TouristDestination|WebSite,1,10,0,0,0,0,2,0,0,1,7495,49,1,1,1,1,0,8,https://smilrejser.dk/efteraarsrejser,"index, follow",0,1
https://smilrejser.dk/kulturrejser,/kulturrejser,kulturrejser,travel-type,200,2494,4761363,Kulturrejser med rejseleder - Oplev verden i godt selskab,57,Vores kulturrejser forener opdagerglæde med tryghed og ekspertise. Tag på grupperejse med dansktalende rejseleder og få uforglemmelige oplevelser i godt selskab.,161,Kulturrejser,1,128,3,5871,144,144,0,0,6,BreadcrumbList|Collection|ItemList|ListItem|Organization|Product|SearchAction|TouristDestination|WebSite,1,10,0,0,0,2,2,0,0,1,7495,71,1,1,1,1,0,8,https://smilrejser.dk/kulturrejser,"index, follow",0,1
https://smilrejser.dk/flyrejser,/flyrejser,flyrejser,info,200,1272,2306516,Flyrejser med fællesskab og opdagerglæde - Find din næste rejse,63,"Rejs med fly til verdens kulturperler og eksotiske destinationer i selskab med andre rejseglade danskere. Nyd komfort, ekspertise og kvalitet med vores dansktalende rejseledere.",177,Flyrejser,1,64,3,2864,75,75,0,0,5,BreadcrumbList|Collection|ItemList|ListItem|Organization|Product|SearchAction|TouristDestination|WebSite,1,10,0,0,0,0,2,0,0,1,8995,29,1,1,1,1,0,7,https://smilrejser.dk/flyrejser,"index, follow",0,1
https://smilrejser.dk/portugal/madeira/madeira-vandreferie,/portugal/madeira/madeira-vandreferie,portugal,trip,200,2077,521793,Madeira vandreferie | Eventyrlige vandreruter i frodig natur,60,"Kombinér vandring og kulturoplevelser på Madeira. Følg de historiske levadaer gennem frodige landskaber, besøg charmerende Funchal og nyd lokale specialiteter. Book din rejse!",175,Vandreferie påMadeira,1,3,3,215,14,14,0,0,5,BreadcrumbList|Collection|ItemList|ListItem|Organization|Product|SearchAction|TouristDestination|WebSite,1,10,0,0,0,0,2,0,0,1,12995,1,1,1,1,1,0,8,https://smilrejser.dk/portugal/madeira/madeira-vandreferie,"index, follow",0,0
https://smilrejser.dk/england/haverejser-england,/england/haverejser-england,england,trip,200,1067,530901,Haverejser til England | Oplev blomstrende haver og historie,60,"Kombiner havekunst, historie og kultur på vores specialdesignede haverejser til England. Fra Cornwall til Chelsea Flower Show - oplev det hele i godt selskab.",158,Haverejser tilEngland,1,3,3,270,15,15,0,0,6,BreadcrumbList|Collection|ItemList|ListItem|Organization|Product|SearchAction|TouristDestination|WebSite,1,10,0,0,0,0,2,0,0,1,12995,2,1,1,1,1,0,5,https://smilrejser.dk/england/haverejser-england,"index, follow",0,0
https://smilrejser.dk/portugal/madeira/madeira-rundrejser,/portugal/madeira/madeira-rundrejser,portugal,trip,200,981,484109,Rundrejser på Madeira - Opdagelsesrejse med dansk rejseleder,60,"Kom med på grupperejse til naturskønne Madeira. Oplev levada-vandringer, frodige dale og det lokale liv med dansk rejseleder. Book din næste rejseoplevelse i dag.",162,Rundrejser påMadeira,1,2,3,185,13,13,0,0,5,BreadcrumbList|Collection|ItemList|ListItem|Organization|Product|SearchAction|TouristDestination|WebSite,1,10,0,0,0,0,2,0,0,1,14995,1,1,1,1,1,0,11,https://smilrejser.dk/portugal/madeira/madeira-rundrejser,"index, follow",0,0
https://smilrejser.dk/portugal/madeira/madeira-blomsterfestival,/portugal/madeira/madeira-blomsterfestival,portugal,trip,200,851,526385,Madeira blomsterfestival | Oplevelsesrig rejse med rejseleder,61,Deltag i Madeiras fantastiske blomsterfestival og oplev øens frodige natur og charmerende byer. Rejs i trygge rammer med dansktalende rejseleder og ligesindede.,160,Blomsterfestival rejser tilMadeira,1,3,3,214,15,14,1,0,5,BreadcrumbList|Collection|ItemList|ListItem|Organization|Product|SearchAction|TouristDestination|WebSite,1,10,0,0,0,0,2,0,0,1,13495,1,1,1,1,1,0,8,https://smilrejser.dk/portugal/madeira/madeira-blomsterfestival,"index, follow",0,0
https://smilrejser.dk/portugal/portugal-flodkrydstogter,/portugal/portugal-flodkrydstogter,portugal,trip,200,1054,483132,Flodkrydstogt i Portugal | Douroflodens vinmarker og kultur,59,"Tag på et eksklusivt flodkrydstogt gennem Portugals smukke Dourodal. Besøg historiske byer, nyd portvinssmagninger og oplev UNESCO-perler med dansk guide.",154,Flodkrydstogter iPortugal,1,3,3,239,15,14,1,0,5,BreadcrumbList|Collection|ItemList|ListItem|Organization|Product|SearchAction|TouristDestination|WebSite,1,10,0,0,0,0,2,0,0,0,,0,0,1,1,1,0,,https://smilrejser.dk/portugal/portugal-flodkrydstogter,"index, follow",0,0
https://smilrejser.dk/schweiz/schweiz-togrejser,/schweiz/schweiz-togrejser,schweiz,trip,200,970,512563,Togrejser i Schweiz | Oplev Alperne med Gletsjer-ekspressen,59,"Rejs gennem Schweiz&#x27; spektakulære alpelandskab med Gletsjer-ekspressen. Oplev sneklædte bjergtinder, krystalklare søer og charmerende byer med dansktalende rejseleder.",172,Togrejser iSchweiz,1,3,3,218,14,14,0,0,5,BreadcrumbList|Collection|ItemList|ListItem|Organization|Product|SearchAction|TouristDestination|WebSite,1,10,0,0,0,0,2,0,0,1,20495,1,1,1,1,1,0,8,https://smilrejser.dk/schweiz/schweiz-togrejser,"index, follow",0,0
https://smilrejser.dk/spanien/mallorca/soller,/spanien/mallorca/soller,spanien,trip,200,1204,555802,Rejser til Soller | Mallorcas skjulte perle venter på dig,57,"Rejs til Soller og mærk den særlige atmosfære mellem bjerge og hav. Nyd lokale delikatesser, tag sporvognen til Port de Soller og udforsk de maleriske omgivelser.",162,Rejser tilSoller,1,9,3,1753,19,18,1,0,5,BreadcrumbList|Collection|ItemList|ListItem|Organization|Product|SearchAction|TouristDestination|WebSite,1,10,0,0,0,2,2,0,0,0,,0,0,1,1,1,0,,https://smilrejser.dk/spanien/mallorca/soller,"index, follow",0,0
https://smilrejser.dk/spanien/mallorca,/spanien/mallorca,spanien,trip,200,848,571213,"Rejser til Mallorca | Kultur, historie og maleriske landsbyer",61,"Mere end sol og strand - oplev Mallorcas bjerglandskaber, historiske landsbyer og lokale kultur på vores grupperejser. Nyd tryghed og fællesskab med dansktalende rejseleder.",173,Rejser tilMallorca,1,7,3,2107,20,20,0,0,5,BreadcrumbList|Collection|ItemList|ListItem|Organization|Product|SearchAction|TouristDestination|WebSite,1,10,0,0,0,2,2,0,0,0,,0,0,1,1,1,0,,https://smilrejser.dk/spanien/mallorca,"index, follow",0,0
https://smilrejser.dk/spanien/mallorca/palma,/spanien/mallorca/palma,spanien,trip,200,1493,559449,"Rejser til Palma - Kultur, strand og tapas på Mallorca",54,"Rejs til Palma og oplev en by hvor middelalderlig charme møder moderne byliv. Udforsk katedralen, de smalle gader, lokale markeder og nyd den afslappede atmosfære ved Middelhavet.",179,Rejser tilPalma,1,8,3,1812,19,19,0,0,5,BreadcrumbList|Collection|ItemList|ListItem|Organization|Product|SearchAction|TouristDestination|WebSite,1,10,0,0,0,2,2,0,0,0,,0,0,1,1,1,0,,https://smilrejser.dk/spanien/mallorca/palma,"index, follow",0,0
https://smilrejser.dk/musik-og-underholdning/koncert-rejser/andrea-bocelli,/musik-og-underholdning/koncert-rejser/andrea-bocelli,musik-og-underholdning,trip,200,1498,467764,Oplev Andrea Bocelli live | Koncertrejser med dansktalende guide,64,Tag på en uforglemmelig koncertrejse og oplev Andrea Bocelli live. Nyd en veltilrettelagt grupperejse med dansktalende rejseleder og oplev ægte fællesskab.,155,Koncert rejser medAndrea Bocelli,1,2,3,180,11,11,0,0,5,BreadcrumbList|Collection|ItemList|ListItem|Organization|Product|SearchAction|TouristDestination|WebSite,1,10,0,0,0,0,2,0,0,0,,0,0,1,1,1,0,,https://smilrejser.dk/musik-og-underholdning/koncert-rejser/andrea-bocelli,"index, follow",0,0
https://smilrejser.dk/jul-og-nytaar/julerejser,/jul-og-nytaar/julerejser,jul-og-nytaar,trip,200,1174,474148,Julerejser med fællesskab og opdagerglæde - Book din juleoplevelse,66,"Rejs ud og oplev julens magi i nye omgivelser med dansktalende rejseleder. Vores julerejser kombinerer traditioner, kultur og fællesskab på nøje udvalgte destinationer.",168,Julerejser,1,2,3,177,11,11,0,0,5,BreadcrumbList|Collection|ItemList|ListItem|Organization|Product|SearchAction|TouristDestination|WebSite,1,10,0,0,0,0,2,0,0,1,13995,1,1,1,1,1,0,8,https://smilrejser.dk/jul-og-nytaar/julerejser,"index, follow",0,1
https://smilrejser.dk/musik-og-underholdning/operarejser,/musik-og-underholdning/operarejser,musik-og-underholdning,trip,200,820,554643,Operarejser med dansktalende guide | Kultur og fællesskab,57,"Oplev operaens magiske verden på en veltilrettelagt grupperejse. Nyd opera under åben himmel, kulturelle oplevelser og lokale gastronomiske specialiteter.",154,Operarejser,1,4,3,372,13,13,0,0,5,BreadcrumbList|Collection|ItemList|ListItem|Organization|Product|SearchAction|TouristDestination|WebSite,1,10,0,0,0,0,2,0,0,1,10495,1,1,1,1,1,0,5,https://smilrejser.dk/musik-og-underholdning/operarejser,"index, follow",0,1
https://smilrejser.dk/storbyferier,/storbyferier,storbyferier,travel-type,200,1371,1134402,Storbyrejser med dansk rejseleder og håndplukkede oplevelser,60,"Tag på storbyferie hvor fællesskab, opdagerglæde og nøje udvalgte oplevelser er i centrum. Rejs trygt med dansktalende rejseledere og oplev byernes skjulte perler.",163,Storbyferier,1,25,3,1549,32,32,0,0,5,BreadcrumbList|Collection|ItemList|ListItem|Organization|Product|SearchAction|TouristDestination|WebSite,1,10,0,0,0,2,2,0,0,1,7995,14,1,1,1,1,0,7,https://smilrejser.dk/storbyferier,"index, follow",0,0
https://smilrejser.dk/spanien/tenerife,/spanien/tenerife,spanien,trip,200,875,568906,Tenerife rejser | Oplev det evige forår på vulkanøen | Book nu,62,"Udforsk Tenerifes betagende natur fra vulkanen Teide til frodige laurbærskove. Nyd charmerende byer, sort vulkansand og lokale delikatesser på en grupperejse med dansktalende rejseleder.",186,Rejser tilTenerife,1,8,3,2398,20,20,0,0,6,BreadcrumbList|Collection|ItemList|ListItem|Organization|Product|SearchAction|TouristDestination|WebSite,1,10,0,0,0,2,2,0,0,0,,0,0,1,1,1,0,,https://smilrejser.dk/spanien/tenerife,"index, follow",0,0
https://smilrejser.dk/safarirejser,/safarirejser,safarirejser,travel-type,200,1210,590171,Safarirejser med fællesskab og opdagerglæde | Book nu,53,"Få unikke vildmarksoplevelser på vores safarirejser. Oplev eksotiske dyr, betagende natur og lokale kulturer med dansktalende rejseledere og et fællesskab af rejseglade.",169,Safarirejser,1,5,3,481,16,16,0,0,6,BreadcrumbList|Collection|ItemList|ListItem|Organization|Product|SearchAction|TouristDestination|WebSite,1,10,0,0,0,2,2,0,0,1,20995,2,1,1,1,1,0,11,https://smilrejser.dk/safarirejser,"index, follow",0,1
https://smilrejser.dk/tyrkiet,/tyrkiet,tyrkiet,destination-hub,200,904,560572,"Rejser til Tyrkiet | Kultur, historie og naturoplevelser",56,"Tag på opdagelse i Tyrkiets fascinerende historie, kultur og natur. Fra Hagia Sophia og Den Blå Moské til Kappadokiens eventyrlige landskaber. Trygge grupperejser med eksperter.",177,Rejser tilTyrkiet,1,5,3,2057,21,21,0,0,5,BreadcrumbList|Collection|ItemList|ListItem|Organization|Product|SearchAction|TouristDestination|WebSite,1,10,0,0,0,2,2,0,0,0,,0,0,1,1,1,0,,https://smilrejser.dk/tyrkiet,"index, follow",0,0
https://smilrejser.dk/graekenland,/graekenland,graekenland,destination-hub,200,1710,865645,"Rejser til Grækenland | Kultur, historie og græsk livsglæde",59,"Rejs til Grækenland og oplev den rige historie, smukke øer og lokale traditioner. Vores grupperejser med dansktalende rejseleder tager dig bag facaden i det græske paradis.",172,Rejser tilGrækenland,1,12,3,2573,30,30,0,0,6,BreadcrumbList|Collection|ItemList|ListItem|Organization|Product|SearchAction|TouristDestination|WebSite,1,10,0,0,0,2,2,0,0,1,13795,3,1,1,1,1,0,8,https://smilrejser.dk/graekenland,"index, follow",0,0
https://smilrejser.dk/spanien/ronda,/spanien/ronda,spanien,trip,200,980,543444,Ronda rejser: Opdag Andalusiens perle på klippetoppene,54,"Tag med til Ronda og mærk opdagerglæden i en by med spektakulær beliggenhed, rig kulturarv og gastronomiske oplevelser. Trygge rejser med dansk rejseleder.",155,Rejser tilRonda,1,5,3,1928,18,17,1,0,5,BreadcrumbList|Collection|ListItem|Organization|SearchAction|TouristDestination|WebSite,0,9,0,0,0,2,2,0,0,0,,0,0,1,1,1,0,,https://smilrejser.dk/spanien/ronda,"index, follow",0,0
https://smilrejser.dk/afrika,/afrika,afrika,destination-hub,200,931,793093,"Rejser til Afrika | Oplev safari, kultur og storslåede landskaber",65,Udforsk Afrikas skønhed og mangfoldighed på vores rejser med dansk rejseleder. Fra Marokkos farverige basarer til Sydafrikas safari - oplev det bedste af kontinentet.,166,Rejser tilAfrika,1,12,3,2319,27,27,0,0,5,BreadcrumbList|Collection|ItemList|ListItem|Organization|Product|SearchAction|TouristDestination|WebSite,1,10,0,0,0,2,2,0,0,1,11995,4,1,1,1,1,0,8,https://smilrejser.dk/afrika,"index, follow",0,0
https://smilrejser.dk/frankrig,/frankrig,frankrig,destination-hub,200,617,939894,"Rejser til Frankrig | Kultur, vin &amp; historie med dansk rejseleder",69,"Tag på rejse til Frankrig og mærk den franske livsglæde. Vi tilbyder grupperejser med dansktalende rejseleder, hvor kultur, gastronomi og historie forenes i fællesskab.",168,Rejser tilFrankrig,1,16,3,2580,39,39,0,0,6,BreadcrumbList|Collection|ItemList|ListItem|Organization|Product|SearchAction|TouristDestination|WebSite,1,10,0,0,0,2,2,0,0,1,7995,7,1,1,1,1,0,7,https://smilrejser.dk/frankrig,"index, follow",0,0
https://smilrejser.dk/italien,/italien,italien,destination-hub,200,1429,1831820,Rejser til Italien | Fra Alperne til Sicilien med dansk rejseleder,66,"Rejs til Italien og oplev landets kultur, gastronomi og betagende landskaber. Vores grupperejser med dansktalende rejseledere giver dig uforglemmelige italienske eventyr.",170,Rejser tilItalien,1,36,3,3739,59,59,0,0,6,BreadcrumbList|Collection|ItemList|ListItem|Organization|Product|SearchAction|TouristDestination|WebSite,1,10,0,0,0,2,2,0,0,1,8995,19,1,1,1,1,0,8,https://smilrejser.dk/italien,"index, follow",0,0
https://smilrejser.dk/ungarn/budapest,/ungarn/budapest,ungarn,trip,200,1150,566982,"Rejser til Budapest - Kultur, arkitektur og ungarsk madoplevelse",64,"Tag på en rejse til Budapest, hvor østens charme møder vestens elegance. Oplev imponerende arkitektur, kurbade og lokal madkultur i godt selvskab.",146,Rejser tilBudapest,1,6,3,2089,20,20,0,0,5,BreadcrumbList|Collection|ItemList|ListItem|Organization|Product|SearchAction|TouristDestination|WebSite,1,10,0,0,0,2,2,0,0,0,,0,0,1,1,1,0,,https://smilrejser.dk/ungarn/budapest,"index, follow",0,0
https://smilrejser.dk/england/rundrejser-england,/england/rundrejser-england,england,trip,200,1137,524362,"Rundrejser i England: Oplev historie, kultur og storslået natur",63,"Rejs til England og oplev historiske byer, maleriske landskaber og kulturelle højdepunkter. Nyd trygge og velplanlagte rejser med fællesskab og opdagerglæde.",157,Rundrejser tilEngland,1,3,3,232,16,15,1,0,6,BreadcrumbList|Collection|ItemList|ListItem|Organization|Product|SearchAction|TouristDestination|WebSite,1,10,0,0,0,0,2,0,0,0,,0,0,1,1,1,0,,https://smilrejser.dk/england/rundrejser-england,"index, follow",0,0
https://smilrejser.dk/frankrig/rouen,/frankrig/rouen,frankrig,trip,200,1267,591672,Rejser til Rouen - Oplev Normandiets gotiske mesterværk,55,"Opdag Rouens UNESCO-katedral, bindingsværkshuse og lokale delikatesser. Nyd en grupperejse til Normandiets historiske hovedstad med dansk rejseleder og oplev fransk livsstil.",174,Rejser tilRouen,1,6,3,2042,18,18,0,0,5,BreadcrumbList|Collection|ItemList|ListItem|Organization|Product|SearchAction|TouristDestination|WebSite,1,10,0,0,0,2,2,0,0,1,16995,1,1,1,1,1,0,8,https://smilrejser.dk/frankrig/rouen,"index, follow",0,0
https://smilrejser.dk/frankrig/cannes,/frankrig/cannes,frankrig,trip,200,955,589752,Rejser til Cannes - Oplev filmbyens franske riviera-charme,58,"Drøm dig væk til Cannes&#x27; elegante strandpromenade, historiske kvarterer og lokale markeder. Oplev en by med både glamour og autentisk provencalsk sjæl på vores grupperejser.",178,Rejser tilCannes,1,9,3,2001,16,16,0,0,5,BreadcrumbList|Collection|ItemList|ListItem|Organization|Product|SearchAction|TouristDestination|WebSite,1,10,0,0,0,2,2,0,0,1,13495,1,1,1,1,1,0,8,https://smilrejser.dk/frankrig/cannes,"index, follow",0,0
https://smilrejser.dk/madrejser/gastronomirejser,/madrejser/gastronomirejser,madrejser,trip,200,682,750842,Gastronomirejser for livsnydere | Book din kulinariske rejse,60,"Tag på kulinariske opdagelsesrejser verden over. Smag på lokal vin, autentiske specialiteter og oplev gastronomiske traditioner med dansktalende rejseledere.",157,Gastronomirejser,1,10,3,513,19,19,0,0,5,BreadcrumbList|Collection|ItemList|ListItem|Organization|Product|SearchAction|TouristDestination|WebSite,1,10,0,0,0,0,2,0,0,1,11995,4,1,1,1,1,0,7,https://smilrejser.dk/madrejser/gastronomirejser,"index, follow",0,1
https://smilrejser.dk/wales,/wales,wales,destination-hub,200,938,547571,"Rejser til Wales | Oplev borge, bjerge &amp; betagende kyster",61,"Oplev Wales&#x27; fascinerende blanding af dramatisk natur, middelalderborge og levende keltisk kultur. Tag på grupperejse med dansk rejseleder og mærk den walisiske charme.",173,Rejser tilWales,1,6,3,2027,17,17,0,0,5,BreadcrumbList|Collection|ListItem|Organization|SearchAction|TouristDestination|WebSite,0,9,0,0,0,2,2,0,0,0,,0,0,1,1,1,0,,https://smilrejser.dk/wales,"index, follow",0,0
https://smilrejser.dk/togrejser,/togrejser,togrejser,travel-type,200,1292,818965,Eventyrlige togrejser - Opdag verden fra togvinduet,51,"Tag på togrejse gennem spektakulære landskaber i Europa og Asien. Oplev Gletsjer-ekspressen, britisk nostalgi og Indiens farverige togoplevelser med dansktalende rejseleder.",173,Togrejser,1,11,3,936,22,22,0,0,5,BreadcrumbList|Collection|ItemList|ListItem|Organization|Product|SearchAction|TouristDestination|WebSite,1,10,0,0,0,2,2,0,0,1,9995,7,1,1,1,1,0,8,https://smilrejser.dk/togrejser,"index, follow",0,1
https://smilrejser.dk/sri-lanka,/sri-lanka,sri-lanka,destination-hub,200,1305,662644,Sri Lanka rejser med dansk rejseleder | Oplevelser &amp; fællesskab,67,"Tag på en uforglemmelig rejse til Sri Lanka. Oplev Sigiriya-klippen, teplantager og vilde elefanter. Grupperejser i trygge rammer med håndplukkede oplevelser. Book nu.",167,Rejser tilSri Lanka,1,9,3,2493,21,21,0,0,7,BreadcrumbList|Collection|ItemList|ListItem|Organization|Product|SearchAction|TouristDestination|WebSite,1,10,0,0,0,2,2,0,0,1,20995,2,1,1,1,1,0,14,https://smilrejser.dk/sri-lanka,"index, follow",0,0
https://smilrejser.dk/sverige,/sverige,sverige,destination-hub,200,1268,604327,Rejser til Sverige - Opdag vores nordiske nabos skatte,54,"Grupperejser til Sverige med fokus på natur, kultur og fællesskab. Oplev skærgården, de dybe skove og hyggelige byer med dansktalende rejseledere.",146,Rejser tilSverige,1,6,3,2169,22,21,1,0,5,BreadcrumbList|Collection|ItemList|ListItem|Organization|Product|SearchAction|TouristDestination|WebSite,1,10,0,0,0,2,2,0,0,1,9995,1,1,1,1,1,0,5,https://smilrejser.dk/sverige,"index, follow",0,0
https://smilrejser.dk/albanien,/albanien,albanien,destination-hub,200,1522,628383,Rejser til Albanien - Opdag Europas uberørte skatkammer,55,"Udforsk Albaniens skjulte skatte, fra UNESCO-byer til krystalklare strande. Rejs med dansk rejseleder og oplev gæstfrihed, historiske perler og betagende natur på vores grupperejser.",182,Rejser tilAlbanien,1,7,3,2222,23,23,0,0,6,BreadcrumbList|Collection|ItemList|ListItem|Organization|Product|SearchAction|TouristDestination|WebSite,1,10,0,0,0,2,2,0,0,1,12295,1,1,1,1,1,0,8,https://smilrejser.dk/albanien,"index, follow",0,0
https://smilrejser.dk/faeroeerne,/faeroeerne,faeroeerne,destination-hub,200,1288,599907,Rejser til Færøerne | Oplev Nordatlantens skjulte perle nu,58,"Tag med på en uforglemmelig rejse til Færøerne med dramatiske klipper, vandfald og autentiske bygder. Grupperejser med dansktalende rejseleder og håndplukkede oplevelser.",170,Rejser tilFærøerne,1,6,3,1989,21,21,0,0,6,BreadcrumbList|Collection|ItemList|ListItem|Organization|Product|SearchAction|TouristDestination|WebSite,1,10,0,0,0,2,2,0,0,0,,0,0,1,1,1,0,,https://smilrejser.dk/faeroeerne,"index, follow",0,0
https://smilrejser.dk/sydafrika,/sydafrika,sydafrika,destination-hub,200,1212,673534,"Rejser til Sydafrika | Safari, Taffelbjerget &amp; vinområder",61,"Tag på grupperejse til Sydafrika og oplev Big Five på safari, Taffelbjerget, vinruter og Robben Island. Trygge oplevelser med dansk rejseleder i Regnbuelandet.",159,Rejser tilSydafrika,1,9,3,2322,22,22,0,0,6,BreadcrumbList|Collection|ItemList|ListItem|Organization|Product|SearchAction|TouristDestination|WebSite,1,10,0,0,0,2,2,0,0,1,22995,1,1,1,1,1,0,11,https://smilrejser.dk/sydafrika,"index, follow",0,0
https://smilrejser.dk/italien/amalfi,/italien/amalfi,italien,trip,200,1098,861559,Rejser til Amalfi | Grupperejser med dansktalende rejseleder,60,"Oplev Amalfis fortryllende atmosfære med stejle klipper, blåt hav og autentisk italiensk charme. Tag på grupperejse med ligesindede og udforsk kystens skjulte perler og kulinariske skatte.",188,Rejser tilAmalfi,1,13,3,2520,27,27,0,0,6,BreadcrumbList|Collection|ItemList|ListItem|Organization|Product|SearchAction|TouristDestination|WebSite,1,10,0,0,0,2,2,0,0,1,8995,5,1,1,1,1,0,8,https://smilrejser.dk/italien/amalfi,"index, follow",0,0
https://smilrejser.dk/vinrejser/portvinsrejser,/vinrejser/portvinsrejser,vinrejser,trip,200,1756,724507,Portvin og kulturrejser i Portugal - Oplevelser for alle sanser,63,"Tag på rejse gennem Portugals portvinsdistrikt med dansktalende rejseleder. Oplev maleriske vinmarker, historiske byer og udsøgt gastronomi på vores grupperejser til Portugal.",175,Portvinsrejser,1,10,3,830,19,19,0,0,5,BreadcrumbList|Collection|ItemList|ListItem|Organization|Product|SearchAction|TouristDestination|WebSite,1,10,0,0,0,2,2,0,0,1,10995,4,1,1,1,1,0,8,https://smilrejser.dk/vinrejser/portvinsrejser,"index, follow",0,0
https://smilrejser.dk/spanien/san-sebastian,/spanien/san-sebastian,spanien,trip,200,1295,613468,Rejser til San Sebastian |  Baskerlandets kulinariske perle | Grupperejse,73,"Opdag San Sebastian med dansktalende rejseleder. Smag på pintxos, nyd La Concha-bugten og oplev en by med Michelin-restauranter, baskisk kultur og fantastisk arkitektur.",169,Rejser tilSan Sebastian,1,8,3,1980,22,21,1,0,5,BreadcrumbList|Collection|ItemList|ListItem|Organization|Product|SearchAction|TouristDestination|WebSite,1,10,0,0,0,2,2,0,0,1,15995,1,1,1,1,1,0,9,https://smilrejser.dk/spanien/san-sebastian,"index, follow",0,0
https://smilrejser.dk/portugal/portugal-rundrejser,/portugal/portugal-rundrejser,portugal,trip,200,1122,718002,"Portugal rundrejser - Opdag Douro, Porto og Lissabon",52,Rejs til Portugal i godt selskab og oplev landets mangfoldighed. Fra storbyens puls til vinmarkernes ro. Dansktalende rejseledere og nøje tilrettelagte oplevelser venter.,170,Rundrejser iPortugal,1,8,3,428,20,20,0,0,5,BreadcrumbList|Collection|ItemList|ListItem|Organization|Product|SearchAction|TouristDestination|WebSite,1,10,0,0,0,0,2,0,0,1,10995,4,1,1,1,1,0,8,https://smilrejser.dk/portugal/portugal-rundrejser,"index, follow",0,0
https://smilrejser.dk/rundrejser,/rundrejser,rundrejser,travel-type,200,1853,2199711,Rundrejser med dansk rejseleder - Oplev verden i fællesskab,59,"Udforsk vores unikke rundrejser til Europa, Asien og Afrika. Rejs med dansktalende rejseleder, nyd håndplukkede oplevelser og mærk opdagerglæden i trygge rammer.",161,Rundrejser,1,49,3,2498,61,61,0,0,6,BreadcrumbList|Collection|ItemList|ListItem|Organization|Product|SearchAction|TouristDestination|WebSite,1,10,0,0,0,2,2,0,0,1,10495,30,1,1,1,1,0,8,https://smilrejser.dk/rundrejser,"index, follow",0,1
https://smilrejser.dk/vandreferier,/vandreferier,vandreferier,travel-type,200,2106,1075920,Vandreferie med rejseleder: Oplev Europa til fods i fællesskab,62,Tag på vandreferie med dansktalende rejseleder og oplev Europas naturperler. Fra Madeiras levadaer til Amalfis kyststi - find din næste vandreoplevelse med tryghed og ekspertise.,178,Vandreferier,1,20,6,1628,29,29,0,0,5,Answer|BreadcrumbList|Collection|FAQPage|ItemList|ListItem|Organization|Product|Question|SearchAction|TouristDestination|WebSite,1,12,0,0,0,5,2,0,0,1,11995,7,1,1,1,1,1,8,https://smilrejser.dk/vandreferier,"index, follow",0,0
https://smilrejser.dk/jul-og-nytaar,/jul-og-nytaar,jul-og-nytaar,travel-type,200,935,657637,Oplev magiske jul og nytårsrejser | Kultur og fællesskab,56,"Rejs til Portugal, Italien eller Madeira og fejr nytår med nye venner. Vores jul og nytårsrejser inkluderer festmiddage, kulturelle oplevelser og dansktalende rejseledere.",171,Jul &amp; Nytårsrejser,1,8,3,556,16,16,0,0,5,BreadcrumbList|Collection|ItemList|ListItem|Organization|Product|SearchAction|TouristDestination|WebSite,1,10,0,0,0,0,2,0,0,1,9995,5,1,1,1,1,0,8,https://smilrejser.dk/jul-og-nytaar,"index, follow",0,0
https://smilrejser.dk/spanien/malaga,/spanien/malaga,spanien,trip,200,1165,590742,Rejser til Malaga - Oplev Andalusiens solkyst med storbycharme,62,"Nyd Malagas perfekte mix af strandliv, kulturelle oplevelser og lokale specialiteter. Udforsk Picassos fødeby, mauriske fæstninger og det levende byliv med dansktalende guide.",175,Rejser tilMalaga,1,7,3,2284,22,22,0,0,5,BreadcrumbList|Collection|ItemList|ListItem|Organization|Product|SearchAction|TouristDestination|WebSite,1,10,0,0,0,2,2,0,0,1,12995,1,1,1,1,1,0,8,https://smilrejser.dk/spanien/malaga,"index, follow",0,0
https://smilrejser.dk/italien/amalfi/amalfi-kulturrejser,/italien/amalfi/amalfi-kulturrejser,italien,trip,200,1224,759163,Kulturrejser til Amalfi | Oplev Italiens smukkeste kystlinje,60,"Udforsk Amalfis dramatiske kystlinje, historiske byer og lokale madkultur. Vores grupperejser kombinerer kultur, vandring og gastronomi i trygge rammer.",152,Kulturrejser tilAmalfi,1,9,3,518,18,18,0,0,5,BreadcrumbList|Collection|ItemList|ListItem|Organization|Product|SearchAction|TouristDestination|WebSite,1,10,0,0,0,0,2,0,0,1,8995,5,1,1,1,1,0,8,https://smilrejser.dk/italien/amalfi/amalfi-kulturrejser,"index, follow",0,0
https://smilrejser.dk/england/oxford,/england/oxford,england,trip,200,1032,561848,"Grupperejse til Oxford: Kultur, historie og Harry Potter-magi",61,"Oplev Oxfords gyldne colleges, historiske biblioteker og litterære arv på grupperejse med dansktalende rejseleder. Kulturelle oplevelser og lokale traditioner i trygt fællesskab.",178,Rejser tilOxford,1,7,3,2106,18,17,1,0,5,BreadcrumbList|Collection|ItemList|ListItem|Organization|Product|SearchAction|TouristDestination|WebSite,1,10,0,0,0,2,2,0,0,0,,0,0,1,1,1,0,,https://smilrejser.dk/england/oxford,"index, follow",0,0
https://smilrejser.dk/italien/apulien/apulien-kulturrejser,/italien/apulien/apulien-kulturrejser,italien,trip,200,1451,501538,Apulien kulturrejse | Oplev Syditaliens autentiske charme,57,"Rejs til Apulien og oplev den perfekte balance mellem kultur, historie og gastronomi. Besøg charmerende byer, smag lokale specialiteter og nyd fællesskabet.",156,Kulturrejser tilApulien,1,2,3,191,12,11,1,0,5,BreadcrumbList|Collection|ItemList|ListItem|Organization|Product|SearchAction|TouristDestination|WebSite,1,10,0,0,0,0,2,0,0,1,13995,1,1,1,1,1,0,8,https://smilrejser.dk/italien/apulien/apulien-kulturrejser,"index, follow",0,0
https://smilrejser.dk/portugal/portugal-kulturrejser,/portugal/portugal-kulturrejser,portugal,trip,200,1594,1348283,Kulturrejser til Portugal | Oplev kulturarv og natur | Book nu,62,"Oplev Portugals skønhed på vores kulturrejser med dansktalende rejseledere. Udforsk historiske byer, smag lokal vin og nyd det autentiske Portugal i trygge rammer. Find din rejse her.",183,Kulturrejser tilPortugal,1,27,3,1328,41,41,0,0,6,BreadcrumbList|Collection|ItemList|ListItem|Organization|Product|SearchAction|TouristDestination|WebSite,1,10,0,0,0,0,2,0,0,1,7695,14,1,1,1,1,0,8,https://smilrejser.dk/portugal/portugal-kulturrejser,"index, follow",0,0
https://smilrejser.dk/flere-generationer,/flere-generationer,flere-generationer,travel-type,200,3519,598773,Rejseoplevelser for flere generationer | Fælles minder for livet,64,"Saml familien på tværs af generationer og oplev verdens vidundere sammen. Vores grupperejser forener alle aldre gennem fælles oplevelser, opdagerglæde og trygge rammer.",168,Rejser medFlere generationer,1,4,3,298,14,14,0,0,5,BreadcrumbList|Collection|ItemList|ListItem|Organization|Product|SearchAction|TouristDestination|WebSite,1,10,0,0,0,0,2,0,0,1,10995,3,1,1,1,1,0,8,https://smilrejser.dk/flere-generationer,"index, follow",0,0
https://smilrejser.dk/vinterrejser,/vinterrejser,vinterrejser,travel-type,200,2392,462033,Vinterrejser i godt selskab | Opdag nye kulturer og steder,58,"Oplev charmerende byer, skønne kyster og kulturelle højdepunkter på vores vinterrejser. Nyd varme destinationer med dansktalende rejseledere og ligesindede rejsefæller.",168,Vinterrejser,1,1,3,326,12,12,0,0,5,BreadcrumbList|Collection|ListItem|Organization|SearchAction|TouristDestination|WebSite,0,9,0,0,0,2,2,0,0,0,,0,0,1,1,1,0,,https://smilrejser.dk/vinterrejser,"index, follow",0,1
https://smilrejser.dk/sommerrejser,/sommerrejser,sommerrejser,travel-type,200,2291,751258,Sommerrejser med dansk rejseleder | Oplevelser i fællesskab,59,"Find din næste sommerrejse med dansk rejseleder. Udforsk Italien, Portugal og Spanien med fokus på kultur, gastronomi og autentiske oplevelser i trygge rammer.",159,Sommerrejser,1,7,3,438,18,18,0,0,5,BreadcrumbList|Collection|ItemList|ListItem|Organization|Product|SearchAction|TouristDestination|WebSite,1,10,0,0,0,0,2,0,0,1,8995,6,1,1,1,1,0,8,https://smilrejser.dk/sommerrejser,"index, follow",0,1
https://smilrejser.dk/foraarsrejser,/foraarsrejser,foraarsrejser,travel-type,200,813,449716,Forårsrejser med dansk rejseleder - Væk din opdagerglæde,56,"Forårsrejser til Madeira, Italien og Portugal med dansktalende rejseleder. Nyd det milde klima, blomstrende landskaber og lokale specialiteter. Skræddersyede oplevelser for dig der elsker at opdage.",198,Forårsrejser,1,1,3,129,10,10,0,0,5,BreadcrumbList|Collection|ListItem|Organization|SearchAction|TouristDestination|WebSite,0,9,0,0,0,0,2,0,0,0,,0,0,1,1,1,0,,https://smilrejser.dk/foraarsrejser,"index, follow",0,1
https://smilrejser.dk/vinrejser,/vinrejser,vinrejser,travel-type,200,1676,1890707,Vinrejser med dansktalende guide - Opdag vinens hemmeligheder,61,"Kombinér rejseoplevelser med vin og mad i Italien, Portugal og Spanien. Besøg vingårde, smag lokale vine og udforsk charmerende vinbyer med erfarne rejseledere.",160,Vinrejser,1,41,3,2249,50,50,0,0,5,BreadcrumbList|Collection|ItemList|ListItem|Organization|Product|SearchAction|TouristDestination|WebSite,1,10,0,0,0,2,2,0,0,1,9995,20,1,1,1,1,0,7,https://smilrejser.dk/vinrejser,"index, follow",0,1
https://smilrejser.dk/europa,/europa,europa,destination-hub,200,2894,4306684,"Rejser til Europa | Oplev kultur, natur og historie på din næste ferie",70,"Udforsk Europas mangfoldighed med grupperejser til Italien, Portugal, Spanien og mange flere destinationer. Rejs med dansk rejseleder og oplev alt fra middelhavskyster til historiske byer.",188,Rejser tilEuropa,1,116,3,6613,170,170,0,0,5,BreadcrumbList|Collection|ItemList|ListItem|Organization|Product|SearchAction|TouristDestination|WebSite,1,10,0,0,0,2,2,0,0,1,7495,58,1,1,1,1,0,8,https://smilrejser.dk/europa,"index, follow",0,0
https://smilrejser.dk/naturrejser,/naturrejser,naturrejser,travel-type,200,2846,3714815,Naturrejser med dansk rejseleder | Oplev verdens naturskatte,60,Oplev naturens storslåede skønhed på vores naturrejser. Fra vulkanske landskaber til frodige dale og dramatiske kyststrækninger - altid i godt selskab og trygge rammer.,168,Naturrejser,1,94,3,4531,110,110,0,0,6,BreadcrumbList|Collection|ItemList|ListItem|Organization|Product|SearchAction|TouristDestination|WebSite,1,10,0,0,0,2,2,0,0,1,7695,50,1,1,1,1,0,8,https://smilrejser.dk/naturrejser,"index, follow",0,1
https://smilrejser.dk/laeserrejser/laeserrejser-kristeligt-dagblad,/laeserrejser/laeserrejser-kristeligt-dagblad,laeserrejser,info,200,855,486487,Læserrejser med Kristeligt Dagblad | Opdag verden sammen,56,Udforsk verden med andre Kristeligt Dagblad-læsere på vores særligt tilrettelagte grupperejser. Få kulturelle oplevelser og fællesskab med dansktalende rejseleder.,163,Læserrejser medKristeligt Dagblad,1,3,3,292,15,15,0,0,5,BreadcrumbList|Collection|ItemList|ListItem|Organization|Product|SearchAction|TouristDestination|WebSite,1,10,0,0,0,0,2,0,0,0,,0,0,1,1,1,0,,https://smilrejser.dk/laeserrejser/laeserrejser-kristeligt-dagblad,"index, follow",0,0
https://smilrejser.dk/madrejser,/madrejser,madrejser,travel-type,200,2812,1406173,Madrejser med fokus på lokale specialiteter | Rejs &amp; nyd,60,Tag på kulinarisk opdagelse gennem Europa med vores madrejser. Fra italiensk pasta og spanske pintxos til portugisiske vine - oplev autentisk gastronomi i godt selskab.,168,Madrejser,1,28,3,1445,37,37,0,0,5,BreadcrumbList|Collection|ItemList|ListItem|Organization|Product|SearchAction|TouristDestination|WebSite,1,10,0,0,0,0,2,0,0,1,8995,16,1,1,1,1,0,8,https://smilrejser.dk/madrejser,"index, follow",0,1
https://smilrejser.dk/historiske-rejser,/historiske-rejser,historiske-rejser,travel-type,200,2461,3846208,Historiske rejser med dansk rejseleder | Oplev verdens kulturarv,64,"Tag på historiske rejser med erfarne rejseledere og ligesindede. Fra Pompejis ruiner til Jordans templer – oplev historiens vingesus på vores grupperejser med fokus på kultur, fællesskab og opdagerglæde.",203,Historiske rejser,1,101,3,4713,114,114,0,0,6,BreadcrumbList|Collection|ItemList|ListItem|Organization|Product|SearchAction|TouristDestination|WebSite,1,10,0,0,0,2,2,0,0,1,7495,55,1,1,1,1,0,8,https://smilrejser.dk/historiske-rejser,"index, follow",0,1
https://smilrejser.dk/flodkrydstogter,/flodkrydstogter,flodkrydstogter,travel-type,200,1024,661852,Flodkrydstogter med dansk rejseleder - Opdag Europa nu,54,Rejs med på vores flodkrydstogter og oplev Europa fra en ny vinkel. Dansktalende rejseledere og unikke udflugter til historiske perler.,135,Flodkrydstogter,1,11,3,1035,18,18,0,0,5,BreadcrumbList|Collection|ItemList|ListItem|Organization|Product|SearchAction|TouristDestination|WebSite,1,10,0,0,0,2,2,0,0,1,14995,4,1,1,1,1,0,7,https://smilrejser.dk/flodkrydstogter,"index, follow",0,1
https://smilrejser.dk/portugal/madeira/madeira-langtidsferie,/portugal/madeira/madeira-langtidsferie,portugal,trip,200,1191,452517,Langtidsferie på Madeira - Udforsk Portugals grønne ø,53,"Tag på langtidsferie til Madeiras subtropiske paradis. Oplev vulkanske landskaber, frodige dale og portugisisk kultur med dansktalende rejseledere i godt selskab.",162,Langtidsferie påMadeira,1,1,3,134,12,12,0,0,5,BreadcrumbList|Collection|ListItem|Organization|SearchAction|TouristDestination|WebSite,0,9,0,0,0,0,2,0,0,0,,0,0,1,1,1,0,,https://smilrejser.dk/portugal/madeira/madeira-langtidsferie,"index, follow",0,0
https://smilrejser.dk/europa/kulturrejser,/europa/kulturrejser,europa,trip,200,4162,4087935,"Kulturrejser i Europa | Oplevelser, fællesskab og opdagelse",59,"Rejs til Europas smukkeste destinationer med erfarne rejseledere. Nyd fællesskabet og opdagerglæden på vores kulturrejser til Italien, Portugal, Spanien og mange flere.",168,Kulturrejser iEuropa,1,109,3,4873,124,124,0,0,6,BreadcrumbList|Collection|ItemList|ListItem|Organization|Product|SearchAction|TouristDestination|WebSite,1,10,0,0,0,0,2,0,0,1,7495,57,1,1,1,1,0,8,https://smilrejser.dk/europa/kulturrejser,"index, follow",0,0
https://smilrejser.dk/blog/rom-og-arkitekturen,/blog/rom-og-arkitekturen,blog,blog-post,200,915,352468,Oplev Roms imponerende arkitektur gennem tiderne | Rejseguide,61,"Udforsk Roms arkitektoniske mesterværker fra antikken til renæssancen. Få indsigt i Colosseum, Forum Romanum og de historiske byggestile, der har formet den evige stad.",168,Rom og arkitekturen,1,5,4,1840,14,13,1,0,5,BlogPosting|BreadcrumbList|ListItem|Organization|SearchAction|WebPage|WebSite,0,9,0,0,0,0,2,0,0,0,,0,0,1,1,1,0,,https://smilrejser.dk/blog/rom-og-arkitekturen,"index, follow",0,0
https://smilrejser.dk/blog/jordan-en-rejseberetning,/blog/jordan-en-rejseberetning,blog,blog-post,200,1768,341090,Oplev Jordan - fra Petra til Det Døde Hav | Rejseberetning,58,"Tag med på en eventyrlig rejse gennem Jordans højdepunkter. Læs om oplevelserne i Petra, overnatning i ørkenens beduintelte og den vægtløse fornemmelse i Det Døde Hav.",167,Jordan - en rejseberetning,1,1,8,928,15,14,1,0,5,BlogPosting|BreadcrumbList|ListItem|Organization|SearchAction|WebPage|WebSite,0,9,0,0,0,0,2,0,0,0,,0,0,1,1,1,0,,https://smilrejser.dk/blog/jordan-en-rejseberetning,"index, follow",0,0
https://smilrejser.dk/blog/seoul-stress-selfie,/blog/seoul-stress-selfie,blog,blog-post,200,1401,331747,Opdag Seoul: Fra traditionelle paladser til K-pop kultur,56,"Udforsk Seouls kontraster mellem moderne skyskrabere og historiske paladser. Oplev K-pop kulturen, unikke caféer og den fantastiske koreanske madkultur.",152,"Seoul, stress og selfie-stænger",1,2,9,759,13,12,1,0,5,BlogPosting|BreadcrumbList|ListItem|Organization|SearchAction|WebPage|WebSite,0,9,0,0,0,0,2,0,0,0,,0,0,1,1,1,0,,https://smilrejser.dk/blog/seoul-stress-selfie,"index, follow",0,0
https://smilrejser.dk/blog/sagrada-familia-gaudis-livsvaerk,/blog/sagrada-familia-gaudis-livsvaerk,blog,blog-post,200,1084,339157,Sagrada Familia: Gaudís storslåede livsværk i Barcelona,55,"Gå på opdagelse i Sagrada Familia, hvor Gaudís vision forener natur og kristendom i spektakulær arkitektur. Læs historien om katedralen, der har været under opførelse i over 140 år.",181,Sagrada Família,1,1,9,1212,12,11,1,0,5,BlogPosting|BreadcrumbList|ListItem|Organization|SearchAction|WebPage|WebSite,0,9,0,0,0,0,2,0,0,0,,0,0,1,1,1,0,,https://smilrejser.dk/blog/sagrada-familia-gaudis-livsvaerk,"index, follow",0,0
https://smilrejser.dk/blog/oplev-sevilla,/blog/oplev-sevilla,blog,blog-post,200,925,333089,Rejseguide til Sevilla - Andalusiens historiske hovedstad,57,"Planlæg din rejse til Sevilla og oplev byens mest ikoniske seværdigheder. Udforsk den gotiske katedral, de historiske tårne og nyd udsigten fra &quot;Svampene&quot; i Andalusiens hovedstad.",189,Oplev Sevilla,1,2,6,758,12,11,1,0,5,BlogPosting|BreadcrumbList|ListItem|Organization|SearchAction|WebPage|WebSite,0,9,0,0,0,0,2,0,0,0,,0,0,1,1,1,0,,https://smilrejser.dk/blog/oplev-sevilla,"index, follow",0,0
https://smilrejser.dk/blog/haverejser-og-havebegreber,/blog/haverejser-og-havebegreber,blog,blog-post,200,1462,331734,Havebegreber forklaret - Kom med på opdagelse i engelske haver,62,"Haveekspert Ole Fournais guider dig gennem fascinerende engelske havebegreber. Forstå historien bag ha-ha, sunken gardens og walled gardens - oplev det på vores rejser.",168,Haverejser og havebegreber,1,6,3,666,12,11,1,0,5,BlogPosting|BreadcrumbList|ListItem|Organization|SearchAction|WebPage|WebSite,0,9,0,0,0,0,2,0,0,0,,0,0,1,1,1,0,,https://smilrejser.dk/blog/haverejser-og-havebegreber,"index, follow",0,0
https://smilrejser.dk/blog/sri-lanka-5-grunde,/blog/sri-lanka-5-grunde,blog,blog-post,200,976,335495,Opdag Sri Lanka: 5 grunde til at rejse til dette tropiske paradis,65,Fra spektakulære landskaber og rigt dyreliv til venlige mennesker og eksotisk mad. Udforsk de 5 vigtigste grunde til at vælge Sri Lanka som din næste rejsedestination.,167,"5 grunde til, hvorfor du bør besøge Sri Lanka",1,1,8,857,13,12,1,0,5,BlogPosting|BreadcrumbList|ListItem|Organization|SearchAction|WebPage|WebSite,0,9,0,0,0,0,2,0,0,0,,0,0,1,1,1,0,,https://smilrejser.dk/blog/sri-lanka-5-grunde,"index, follow",0,0
https://smilrejser.dk/blog/jul-og-nytaar-paa-madeira,/blog/jul-og-nytaar-paa-madeira,blog,blog-post,200,1305,323947,Fejr jul og nytår på Madeira - Solskin og festfyrværkeri,56,"Tag på eventyrlig juleferie til Madeira med smuk julebelysning og mildt vejr. Oplev øens verdensberømte nytårsfyrværkeri, der lyser hele bugten op.",147,Jul &amp; nytår på Madeira,1,2,3,288,11,10,1,0,5,BlogPosting|BreadcrumbList|ListItem|Organization|SearchAction|WebPage|WebSite,0,9,0,0,0,0,2,0,0,0,,0,0,1,1,1,0,,https://smilrejser.dk/blog/jul-og-nytaar-paa-madeira,"index, follow",0,0
https://smilrejser.dk/blog/funchal-atlanterhavets-kulturelle-skat,/blog/funchal-atlanterhavets-kulturelle-skat,blog,blog-post,200,1057,357647,Rejseguide til Funchal - Madeiras charmerende kulturby,54,"Dyk ned i Funchals rige historie, oplev de unikke bydele og smag på det lokale køkken. Fra Monte til havnepromenaden - få inspiration til din næste rejse til Madeiras hovedstad.",177,Funchal – Atlanterhavets kulturelle skat,1,11,17,1967,15,14,1,0,5,BlogPosting|BreadcrumbList|ListItem|Organization|SearchAction|WebPage|WebSite,0,9,0,0,0,0,2,0,0,0,,0,0,1,1,1,0,,https://smilrejser.dk/blog/funchal-atlanterhavets-kulturelle-skat,"index, follow",0,0
https://smilrejser.dk/blog/madeira-vejr-og-klima,/blog/madeira-vejr-og-klima,blog,blog-post,200,836,353048,Madeira klima guide - Hvornår er den bedste tid at rejse?,57,"Oplev Madeiras milde klima med 18-26 grader året rundt. Find den ideelle rejsetid, pakkeliste og vejrudsigter for Funchal og resten af den frodige blomsterø.",157,Madeira - vejr og klima,1,5,7,917,13,12,1,0,5,BlogPosting|BreadcrumbList|ListItem|Organization|SearchAction|WebPage|WebSite,0,9,0,0,0,0,2,0,0,0,,0,0,1,1,1,0,,https://smilrejser.dk/blog/madeira-vejr-og-klima,"index, follow",0,0
https://smilrejser.dk/blog/blomsterfestival-paa-madeira,/blog/blomsterfestival-paa-madeira,blog,blog-post,200,1279,335542,Madeiras blomsterfestival - Oplev forårets farverige fest,57,"Madeiras blomsterfestival byder på farverige optog, Håbets Mur og veteranbilsparade. Find alle informationer om festivalen i maj 2025 og 2026 her.",146,Blomsterfestival på Madeira,1,2,3,276,17,16,1,0,5,BlogPosting|BreadcrumbList|ListItem|Organization|SearchAction|WebPage|WebSite,0,9,0,0,0,0,2,0,0,0,,0,0,1,1,1,0,,https://smilrejser.dk/blog/blomsterfestival-paa-madeira,"index, follow",0,0
https://smilrejser.dk/blog/vin-og-delikatesser-i-lissabon,/blog/vin-og-delikatesser-i-lissabon,blog,blog-post,200,1696,326791,Guide til vin og delikatesser i Lissabon - Find de bedste steder,64,"Udforsk Lissabons vin- og madkultur med vores guide til byens fineste vinbarer og delikatessebutikker. Oplev portugisisk portvin, ost og andre specialiteter på din rejse.",170,Vin og delikatesser i Lissabon,1,1,3,456,11,10,1,0,5,BlogPosting|BreadcrumbList|ListItem|Organization|SearchAction|WebPage|WebSite,0,9,0,0,0,0,2,0,0,0,,0,0,1,1,1,0,,https://smilrejser.dk/blog/vin-og-delikatesser-i-lissabon,"index, follow",0,1
https://smilrejser.dk/blog/4-ting-du-bor-se-i-madrid,/blog/4-ting-du-bor-se-i-madrid,blog,blog-post,200,1080,348729,Oplev Madrid: 4 seværdigheder du ikke må gå glip af | Rejseguide,64,"Udforsk Madrids gyldne kunst-triangel, Palacio Real, Retiro-parken og historiske plazas. Få inspiration til din næste rejse med vores guide til Spaniens spændende hovedstad.",173,"4 ting, du bør se i Madrid",1,2,13,1975,11,10,1,0,5,BlogPosting|BreadcrumbList|ListItem|Organization|SearchAction|WebPage|WebSite,0,9,0,0,0,0,2,0,0,0,,0,0,1,1,1,0,,https://smilrejser.dk/blog/4-ting-du-bor-se-i-madrid,"index, follow",0,0
https://smilrejser.dk/blog/velkommen-til-madeira-en-frodig-oase,/blog/velkommen-til-madeira-en-frodig-oase,blog,blog-post,200,1549,332507,Madeira - Oplev Atlanterhavets frodige blomsterø | Rejseguide,61,"Madeira byder på frodige landskaber, UNESCO-fredet urskov og et væld af eksotiske planter. Lad dig forføre af blomsterøens farverige mangfoldighed.",147,Madeira – Atlanterhavets frodige oase,1,5,3,714,13,12,1,0,5,BlogPosting|BreadcrumbList|ListItem|Organization|SearchAction|WebPage|WebSite,0,9,0,0,0,0,2,0,0,0,,0,0,1,1,1,0,,https://smilrejser.dk/blog/velkommen-til-madeira-en-frodig-oase,"index, follow",0,0
https://smilrejser.dk/blog/tyskland-en-personlig-rejseberetning-fra-rhinen,/blog/tyskland-en-personlig-rejseberetning-fra-rhinen,blog,blog-post,200,963,348820,Rejseberetning fra Rhinen: Nostalgi og nye oplevelser,53,Læs den personlige beretning om at genopdage Tyskland fra vandsiden. En rejse fra Amsterdam til Frankfurt med stop i charmerende byer og historiske seværdigheder.,162,En personlig rejseberetning fra Rhinen,1,1,12,1437,15,14,1,0,5,BlogPosting|BreadcrumbList|ListItem|Organization|SearchAction|WebPage|WebSite,0,9,0,0,0,0,2,0,0,0,,0,0,1,1,1,0,,https://smilrejser.dk/blog/tyskland-en-personlig-rejseberetning-fra-rhinen,"index, follow",0,0
https://smilrejser.dk/blog/top-10-i-verona,/blog/top-10-i-verona,blog,blog-post,200,2343,348652,Verona guide: Oplev 10 uundværlige seværdigheder og oplevelser,62,"Planlæg din rejse til Verona med vores top 10 guide. Oplev Arena di Verona, Julies balkon, historiske pladser og få tips til udflugter til Gardasøen og Venedig.",160,Top 10 i Verona,1,14,3,2118,13,12,1,0,5,BlogPosting|BreadcrumbList|ListItem|Organization|SearchAction|WebPage|WebSite,0,9,0,0,0,0,2,0,0,0,,0,0,1,1,1,0,,https://smilrejser.dk/blog/top-10-i-verona,"index, follow",0,0
https://smilrejser.dk/blog/spanien-pilgrimsrute,/blog/spanien-pilgrimsrute,blog,blog-post,200,1054,351787,Vandre på Camino de Santiago | Pilgrimsruten i Nordspanien,58,"Vandre på UNESCO&#x27;s verdensarvsrute Camino de Santiago med dansk rejseleder. Oplev historiske byer, kulturel rigdom og åndelig fordybelse på vej til Santiago de Compostela.",176,Pilgrimsruten i Nordspanien,1,9,14,1965,12,11,1,0,5,BlogPosting|BreadcrumbList|ListItem|Organization|SearchAction|WebPage|WebSite,0,9,0,0,0,0,2,0,0,0,,0,0,1,1,1,0,,https://smilrejser.dk/blog/spanien-pilgrimsrute,"index, follow",0,1
https://smilrejser.dk/blog/prado-museet-i-madrid-med-ny-fantastisk-saerudstilling,/blog/prado-museet-i-madrid-med-ny-fantastisk-saerudstilling,blog,blog-post,200,988,314441,Oplev Prado-museet i Madrid - Kunstskatte og særudstilling,58,"Fordyb dig i Prado-museets enestående samling af Velázquez, Goya og andre mestre. Få indblik i før-moderne spansk kunst og den nye fantastiske særudstilling i Madrid.",166,Prado-museet i Madrid med ny fantastisk særudstilling,1,1,4,398,8,7,1,0,5,BlogPosting|BreadcrumbList|ListItem|Organization|SearchAction|WebPage|WebSite,0,9,0,0,0,0,2,0,0,0,,0,0,1,1,1,0,,https://smilrejser.dk/blog/prado-museet-i-madrid-med-ny-fantastisk-saerudstilling,"index, follow",0,0
https://smilrejser.dk/blog/portugal-igors-opskrifter-paa-poncha,/blog/portugal-igors-opskrifter-paa-poncha,blog,blog-post,200,1068,321815,Opskrifter på poncha - Madeiras populære drink | Prøv nu,56,"Opdag hvordan du laver traditionel poncha med sukkerrørssnaps, frisk frugt og honning. Få Igors originale opskrifter på den populære madeiranske specialitet.",157,Igors opskrifter på poncha,1,4,3,261,10,9,1,0,5,BlogPosting|BreadcrumbList|ListItem|Organization|SearchAction|WebPage|WebSite,0,9,0,0,0,0,2,0,0,0,,0,0,1,1,1,0,,https://smilrejser.dk/blog/portugal-igors-opskrifter-paa-poncha,"index, follow",0,0
https://smilrejser.dk/blog/baltikum-og-de-oversete-fortaellinger,/blog/baltikum-og-de-oversete-fortaellinger,blog,blog-post,200,2588,338789,Rejsedagbog fra Baltikum: Opdagelser i de tre baltiske lande,60,"Tag med på en visuel rejse gennem Litauen, Letland og Estland, hvor vi udforsker de oversete historier og seværdigheder i Baltikum. Se vores videodagbøger her.",159,Baltikum - og de oversete fortællinger,1,1,10,907,14,13,1,0,5,BlogPosting|BreadcrumbList|ListItem|Organization|SearchAction|WebPage|WebSite,0,9,0,0,0,0,2,0,0,0,,0,0,1,1,1,0,,https://smilrejser.dk/blog/baltikum-og-de-oversete-fortaellinger,"index, follow",0,0
https://smilrejser.dk/blog/portugal-fado,/blog/portugal-fado,blog,blog-post,200,1182,330443,Portugals fado: Fra Lissabons gader til verdensscenen,53,"Mærk den særlige stemning i Portugals fado - en musikgenre fyldt med længsel, melankoli og passion. Oplev den autentiske tradition på din rejse.",144,Fado i Portugal,1,6,3,585,12,11,1,0,5,BlogPosting|BreadcrumbList|ListItem|Organization|SearchAction|WebPage|WebSite,0,9,0,0,0,0,2,0,0,0,,0,0,1,1,1,0,,https://smilrejser.dk/blog/portugal-fado,"index, follow",0,0
https://smilrejser.dk/blog/cataloniens-mad-og-vin,/blog/cataloniens-mad-og-vin,blog,blog-post,200,926,337249,Mad og vin i Catalonien - Smag på det autentiske Spanien,56,"Dyk ned i det catalanske køkken med middelhavets friske råvarer, lokale specialiteter og den verdensberømte cava. Opdagerglæden starter med smagen af Catalonien.",161,Cataloniens mad og vin - gastronomi i Spanien,1,2,9,1045,12,11,1,0,5,BlogPosting|BreadcrumbList|ListItem|Organization|SearchAction|WebPage|WebSite,0,9,0,0,0,0,2,0,0,0,,0,0,1,1,1,0,,https://smilrejser.dk/blog/cataloniens-mad-og-vin,"index, follow",0,0
https://smilrejser.dk/blog/portugal-classic-auto-parade-en-koeretur-gennem-tiden,/blog/portugal-classic-auto-parade-en-koeretur-gennem-tiden,blog,blog-post,200,1332,313239,Madeira Classic Auto Parade - Kør med på en rejse i tiden,57,Oplev magien når veteranbiler møder Madeiras blomsterfestival. Se de smukke køretøjer på nært hold og mærk historiens vingesus i Funchal.,137,Classic Auto Parade på Madeira - en køretur gennem tiden,1,1,3,381,8,7,1,0,5,BlogPosting|BreadcrumbList|ListItem|Organization|SearchAction|WebPage|WebSite,0,9,0,0,0,0,2,0,0,0,,0,0,1,1,1,0,,https://smilrejser.dk/blog/portugal-classic-auto-parade-en-koeretur-gennem-tiden,"index, follow",0,0
https://smilrejser.dk/blog/rejsetrends-i-2025,/blog/rejsetrends-i-2025,blog,blog-post,200,1019,323087,Rejsetrends 2025: Opdag årets mest populære rejsedestinationer,62,Opdatereret guide til 2025&#x27;s mest eftertragtede rejsemål. Fra Cotswolds&#x27; idylliske landsbyer til Cilento i Syditalien - oplev rejseårets nye tendenser.,161,Rejsetrends i 2025,1,9,8,1106,8,7,1,0,5,BlogPosting|BreadcrumbList|ListItem|Organization|SearchAction|WebPage|WebSite,0,9,0,0,0,0,2,0,0,0,,0,0,1,1,1,0,,https://smilrejser.dk/blog/rejsetrends-i-2025,"index, follow",0,0
https://smilrejser.dk/blog/perler-omkring-lissabon,/blog/perler-omkring-lissabon,blog,blog-post,200,1239,332206,Oplev kulturelle perler nær Lissabon | Portugals hemmelige skatte,65,"Planlæg dine udflugter fra Lissabon til Nazaré, Cascais, Estoril, Sintra og Óbidos. Oplev Portugals kulturperler med fantastiske strande, slotte og autentisk atmosfære.",168,Perler omkring Lissabon,2,1,7,546,13,12,1,0,5,BlogPosting|BreadcrumbList|ListItem|Organization|SearchAction|WebPage|WebSite,0,9,0,0,0,0,2,0,0,0,,0,0,1,1,1,0,,https://smilrejser.dk/blog/perler-omkring-lissabon,"index, follow",0,0
https://smilrejser.dk/blog/paa-douroflodens-gronne-vand,/blog/paa-douroflodens-gronne-vand,blog,blog-post,200,1619,357297,Flodkrydstogt på Dourofloden - Vinmarker og portugisisk charme,62,"Følg med på en rejse gennem Dourodalen, hvor portvin, autentiske landsbyer og spektakulære vinmarker venter. Oplev Nordportugals skatte fra flodens perspektiv.",159,På Douroflodens grønne vand,1,9,3,1543,19,18,1,0,5,BlogPosting|BreadcrumbList|ListItem|Organization|SearchAction|WebPage|WebSite,0,9,0,0,0,0,2,0,0,0,,0,0,1,1,1,0,,https://smilrejser.dk/blog/paa-douroflodens-gronne-vand,"index, follow",0,0
https://smilrejser.dk/blog/oplev-det-bedste-af-porto-i-portugal,/blog/oplev-det-bedste-af-porto-i-portugal,blog,blog-post,200,775,349839,"Rejseguide til Porto: Seværdigheder, mad og oplevelser i Portugal",65,"Planlæg din rejse til Porto med vores omfattende guide. Udforsk historiske seværdigheder, smag lokal portvin og nyd byens unikke atmosfære ved Douro-floden.",156,Oplev det bedste af Porto i Portugal,1,8,21,1655,13,12,1,0,5,BlogPosting|BreadcrumbList|ListItem|Organization|SearchAction|WebPage|WebSite,0,9,0,0,0,0,2,0,0,0,,0,0,1,1,1,0,,https://smilrejser.dk/blog/oplev-det-bedste-af-porto-i-portugal,"index, follow",0,0
https://smilrejser.dk/blog/coimbra-portugals-gamle-universitetsby,/blog/coimbra-portugals-gamle-universitetsby,blog,blog-post,200,1418,323333,Coimbra guide - Opdag Portugals gamle universitetskultur,56,"Lad dig forføre af Coimbras historiske centrum, det royale palads og den dramatiske kærlighedshistorie om Pedro og Inês. Oplev studenterliv og arkitektur ved Rio Mondego.",170,Coimbra,1,4,3,368,10,9,1,0,5,BlogPosting|BreadcrumbList|ListItem|Organization|SearchAction|WebPage|WebSite,0,9,0,0,0,0,2,0,0,0,,0,0,1,1,1,0,,https://smilrejser.dk/blog/coimbra-portugals-gamle-universitetsby,"index, follow",0,1
https://smilrejser.dk/blog/moderne-kulturturisme-arkaeologiens-muligheder,/blog/moderne-kulturturisme-arkaeologiens-muligheder,blog,blog-post,200,2366,329248,Fra udgravning til rejseledelse - Arkæologen Karina Mitens,58,"Følg rejseleder Karina Mitens til Napoliområdet og Amalfkysten. Oplev arkæologiske skatte gennem øjnene på en ekspert, der har udgravningserfaring fra Herculanum og formidler historien levende.",193,Mød rejseleder og arkæolog Karina Mitens,1,0,8,1468,8,7,1,0,5,BlogPosting|BreadcrumbList|ListItem|Organization|SearchAction|WebPage|WebSite,0,9,0,0,0,0,2,0,0,0,,0,0,1,1,1,0,,https://smilrejser.dk/blog/moderne-kulturturisme-arkaeologiens-muligheder,"index, follow",0,0
https://smilrejser.dk/blog/restauranter-i-lissabon,/blog/restauranter-i-lissabon,blog,blog-post,200,1104,319467,Restaurantguide til Lissabon: 7 autentiske madoplevelser,56,Opdagelsesrejse gennem Lissabons madscene med anbefalinger til både traditionelle og moderne restauranter. Få insider-tips til hvor du skal spise på din rejse.,159,Restauranter i Lissabon,1,0,3,833,8,7,1,0,5,BlogPosting|BreadcrumbList|ListItem|Organization|SearchAction|WebPage|WebSite,0,9,0,0,0,0,2,0,0,0,,0,0,1,1,1,0,,https://smilrejser.dk/blog/restauranter-i-lissabon,"index, follow",0,0
https://smilrejser.dk/blog/middelhavsoen-malta,/blog/middelhavsoen-malta,blog,blog-post,200,882,353071,Malta &amp; Gozo - middelhavsperler med UNESCO-verdensarv,57,"Dyk ned i Maltas rige kulturarv med 359 kirker, historiske byer og maleriske fiskerlejer. Oplev øriget hvor fønikere, riddere og romere har sat deres præg.",155,Middelhavsøen Malta,1,2,4,2191,12,11,1,0,5,BlogPosting|BreadcrumbList|ListItem|Organization|SearchAction|WebPage|WebSite,0,9,0,0,0,0,2,0,0,0,,0,0,1,1,1,0,154,https://smilrejser.dk/blog/middelhavsoen-malta,"index, follow",0,0
https://smilrejser.dk/blog/mad-og-vin-i-italien,/blog/mad-og-vin-i-italien,blog,blog-post,200,314,351200,Italiensk madkultur: Guide til mad og vin på ferien i Italien,61,Undgå turistfælderne og find de autentiske madoplevelser i Italien. Vores guide hjælper dig med at forstå menukortet og spise som en lokal på din næste rejse.,158,Mad og vin i Italien,1,4,16,1865,14,13,1,0,5,BlogPosting|BreadcrumbList|ListItem|Organization|SearchAction|WebPage|WebSite,0,9,0,0,0,0,2,0,0,0,,0,0,1,1,1,0,,https://smilrejser.dk/blog/mad-og-vin-i-italien,"index, follow",0,0
https://smilrejser.dk/blog/mad-og-vin-i-porto,/blog/mad-og-vin-i-porto,blog,blog-post,200,1377,312590,Mad og vin i Porto - Guidet tour til lokale restauranter,56,Fra brændefyrede ovne til sofistikeret gourmet - udforsk Portos mangfoldige madscene. Få indblik i lokale specialiteter og autentiske vinoplevelser.,148,Mad og vin i Porto,1,0,9,354,8,7,1,0,5,BlogPosting|BreadcrumbList|ListItem|Organization|SearchAction|WebPage|WebSite,0,9,0,0,0,0,2,0,0,0,,0,0,1,1,1,0,,https://smilrejser.dk/blog/mad-og-vin-i-porto,"index, follow",0,1
https://smilrejser.dk/blog/portugal-lissabon,/blog/portugal-lissabon,blog,blog-post,200,1326,345880,Rejseguide til Lissabon: Oplev Portugals farverige hovedstad,60,"Udforsk Lissabons charmerende kvarterer, kør med de ikoniske gule sporvogne og nyd solnedgangen over Tejo-floden. Find rejser til Portugals farverige hovedstad her.",164,Lissabon,1,1,9,1226,15,14,1,0,5,BlogPosting|BreadcrumbList|ListItem|Organization|SearchAction|WebPage|WebSite,0,9,0,0,0,0,2,0,0,0,,0,0,1,1,1,0,,https://smilrejser.dk/blog/portugal-lissabon,"index, follow",0,1
https://smilrejser.dk/blog/ni-ting-at-se-i-lucca,/blog/ni-ting-at-se-i-lucca,blog,blog-post,200,1296,370315,Lucca rejseguide: 9 unikke seværdigheder i den charmerende by,61,Udforsk Luccas historiske skatte fra domkirken til Puccinis fødehjem. Få insider tips til de bedste seværdigheder i den charmerende toscanske by med den intakte bymur.,167,9 seværdigheder i Lucca,1,11,3,3757,13,12,1,0,5,BlogPosting|BreadcrumbList|ListItem|Organization|SearchAction|WebPage|WebSite,0,9,0,0,0,0,2,0,0,0,,0,0,1,1,1,0,,https://smilrejser.dk/blog/ni-ting-at-se-i-lucca,"index, follow",0,0
https://smilrejser.dk/blog/caminito-del-rey-malaga-andalusien,/blog/caminito-del-rey-malaga-andalusien,blog,blog-post,200,1108,323584,Caminito del Rey i Malaga - Fra dødssti til turistmagnet,56,"Kongens lille sti i Andalusien har fået nyt liv. Udforsk den renoverede gangbro langs klippesiden, der forbinder Ardales og Àlora med en unik naturoplevelse.",157,Caminito del Rey - Kongens lille sti - ved Malaga i Andalusien,1,1,5,396,10,9,1,0,5,BlogPosting|BreadcrumbList|ListItem|Organization|SearchAction|WebPage|WebSite,0,9,0,0,0,0,2,0,0,0,,0,0,1,1,1,0,,https://smilrejser.dk/blog/caminito-del-rey-malaga-andalusien,"index, follow",0,0
https://smilrejser.dk/blog/h-c-andersen-paa-amalfikysten,/blog/h-c-andersen-paa-amalfikysten,blog,blog-post,200,1461,344721,Amalfikysten gennem H.C. Andersens øjne - Rejseinspiration,58,"H.C. Andersen fandt inspiration på Amalfikysten blandt vulkanudbrud, Den Blå Grotte og fortryllende landskaber. Læs om digterens eventyrlige rejse til Syditalien og find inspiration til din egen rejse.",201,H.C. Andersen på Amalfikysten,1,1,11,1567,13,12,1,0,5,BlogPosting|BreadcrumbList|ListItem|Organization|SearchAction|WebPage|WebSite,0,9,0,0,0,0,2,0,0,0,,0,0,1,1,1,0,,https://smilrejser.dk/blog/h-c-andersen-paa-amalfikysten,"index, follow",0,0
https://smilrejser.dk/blog/dette-kan-du-ogsaa-opleve-paa-sicilien,/blog/dette-kan-du-ogsaa-opleve-paa-sicilien,blog,blog-post,200,1384,356908,Se Sicilien fra en ny vinkel - 6 oversete rejsemål på øen,57,"Kom bag facaden på Sicilien og oplev de lokale perler som Erice, Piazza Armerina og Sciacca. Autentiske oplevelser, kulturarv og siciliansk charme venter på dig.",161,Dette kan du også opleve på Sicilien,1,1,8,2047,14,13,1,0,5,BlogPosting|BreadcrumbList|ListItem|Organization|SearchAction|WebPage|WebSite,0,9,0,0,0,0,2,0,0,0,,0,0,1,1,1,0,,https://smilrejser.dk/blog/dette-kan-du-ogsaa-opleve-paa-sicilien,"index, follow",0,0
https://smilrejser.dk/blog/opera-i-verona,/blog/opera-i-verona,blog,blog-post,200,1065,338354,Operaoplevelser i Verona - Historisk musik i antikke rammer,59,Historien bag Arena di Verona - et antikt amfiteater der blev forvandlet til en af verdens smukkeste operascener. Få indblik i operaens italienske oprindelse.,158,Opera i Verona,1,1,10,1114,12,11,1,0,5,BlogPosting|BreadcrumbList|ListItem|Organization|SearchAction|WebPage|WebSite,0,9,0,0,0,0,2,0,0,0,,0,0,1,1,1,0,,https://smilrejser.dk/blog/opera-i-verona,"index, follow",0,0
https://smilrejser.dk/blog/fra-sten-til-vin-pa-azorerne,/blog/fra-sten-til-vin-pa-azorerne,blog,blog-post,200,1979,328795,Vinmarker i vulkansk jord - Azorernes unikke vinarv på Pico,59,"Opdagelsesrejse til Picos enestående vinområder med lavastengærder fra 1500-tallet. Mærk historien og smag den friske, frugtagtige vin fra Azorernes vulkanske jordbund.",168,Fra sten til vin på Azorerne,1,1,4,444,12,11,1,0,5,BlogPosting|BreadcrumbList|ListItem|Organization|SearchAction|WebPage|WebSite,0,9,0,0,0,0,2,0,0,0,,0,0,1,1,1,0,,https://smilrejser.dk/blog/fra-sten-til-vin-pa-azorerne,"index, follow",0,0
https://smilrejser.dk/blog/mad-og-vin-i-portugal,/blog/mad-og-vin-i-portugal,blog,blog-post,200,1552,330034,Portugal for madelskere - Specialiteter og vinoplevelser,56,Udforsk Portugals kulinariske skatte med 10 must-try retter og unikke vinsorter. Find inspiration til din næste rejse med fokus på mad- og vinoplevelser.,153,Mad og vin i Portugal - en gastronomisk rejse,1,4,3,507,12,11,1,0,5,BlogPosting|BreadcrumbList|ListItem|Organization|SearchAction|WebPage|WebSite,0,9,0,0,0,0,2,0,0,0,,0,0,1,1,1,0,,https://smilrejser.dk/blog/mad-og-vin-i-portugal,"index, follow",0,0
https://smilrejser.dk/blog/spanien-gibraltar,/blog/spanien-gibraltar,blog,blog-post,200,1258,331546,Gibraltar - En historisk klippe med berberaber og britisk charme,64,Dyk ned i Gibraltars fascinerende historie og oplev kontrasterne mellem britisk og spansk kultur. Besøg St. Michaels drypstenshuler og mød Europas sidste vilde berberaber.,171,Gibraltar,1,1,6,634,12,11,1,0,5,BlogPosting|BreadcrumbList|ListItem|Organization|SearchAction|WebPage|WebSite,0,9,0,0,0,0,2,0,0,0,,0,0,1,1,1,0,,https://smilrejser.dk/blog/spanien-gibraltar,"index, follow",0,1
https://smilrejser.dk/blog/det-specielle-guggenheim-museum-i-bilbao,/blog/det-specielle-guggenheim-museum-i-bilbao,blog,blog-post,200,3418,316529,Guggenheim Bilbao: Titanium-bygningen der ændrede en bys skæbne,63,Læs historien om hvordan Guggenheim-museet transformerede Bilbao fra industriby til kulturelt centrum. Udforsk den ikoniske bygning og dens kunstskatte her.,156,Det specielle Guggenheim-museum i Bilbao,1,0,5,643,8,7,1,0,5,BlogPosting|BreadcrumbList|ListItem|Organization|SearchAction|WebPage|WebSite,0,9,0,0,0,0,2,0,0,0,,0,0,1,1,1,0,,https://smilrejser.dk/blog/det-specielle-guggenheim-museum-i-bilbao,"index, follow",0,0
https://smilrejser.dk/blog/cinque-terre-fem-smaa-byer,/blog/cinque-terre-fem-smaa-byer,blog,blog-post,200,627,347668,Cinque Terre rejseguide - Oplev Italiens farverige kystbyer,59,"Udforsk de fem farverige fiskerbyer i Cinque Terre på UNESCO&#x27;s verdensarvsliste. Vandre på smukke stier med havudsigt, nyd lokal mad og vin i idylliske omgivelser.",168,Cinque Terre - fem små byer,1,23,3,1738,12,11,1,0,5,BlogPosting|BreadcrumbList|ListItem|Organization|SearchAction|WebPage|WebSite,0,9,0,0,0,0,2,0,0,0,,0,0,1,1,1,0,,https://smilrejser.dk/blog/cinque-terre-fem-smaa-byer,"index, follow",0,0
https://smilrejser.dk/blog/kroatien-en-personlig-kaerlighedshistorie,/blog/kroatien-en-personlig-kaerlighedshistorie,blog,blog-post,200,518,336937,Kroatien - en rejselederes personlige hyldest til Adriaterhavet,63,"Udforsk Kroatiens magiske blanding af historie, kultur og natur gennem vores rejseleders øjne. Læs hendes personlige fortælling og bliv inspireret til din egen rejse.",166,Kroatien - en personlig kærlighedshistorie,1,1,3,1076,12,11,1,0,5,BlogPosting|BreadcrumbList|ListItem|Organization|SearchAction|WebPage|WebSite,0,9,0,0,0,0,2,0,0,0,,0,0,1,1,1,0,,https://smilrejser.dk/blog/kroatien-en-personlig-kaerlighedshistorie,"index, follow",0,0
https://smilrejser.dk/blog/vidste-du-det-om-etruskerne,/blog/vidste-du-det-om-etruskerne,blog,blog-post,200,1036,342997,Etruskernes fascinerende historie: Italiens glemte pionerer,59,Udforsk etruskernes imponerende kultur: Fra pasta og vin til metalarbejde og ligestilling. Mød civilisationen der blomstrede i Toscana for 2.500 år siden.,154,Vidste du det om etruskerne?,1,1,8,1586,13,12,1,0,5,BlogPosting|BreadcrumbList|ListItem|Organization|SearchAction|WebPage|WebSite,0,9,0,0,0,0,2,0,0,0,,0,0,1,1,1,0,,https://smilrejser.dk/blog/vidste-du-det-om-etruskerne,"index, follow",0,0
https://smilrejser.dk/blog/10-ting-du-ikke-vidste-om-portugal,/blog/10-ting-du-ikke-vidste-om-portugal,blog,blog-post,200,1837,322981,Portugal fakta: 10 unikke ting du skal opleve på din rejse,58,Vidste du at Portugal har Europas ældste landegrænse og verdens ældste boghandel? Udforsk disse og flere fascinerende fakta om dette charmerende land.,150,10 ting du ikke vidste om Portugal,1,1,3,300,10,9,1,0,5,BlogPosting|BreadcrumbList|ListItem|Organization|SearchAction|WebPage|WebSite,0,9,0,0,0,0,2,0,0,0,,0,0,1,1,1,0,,https://smilrejser.dk/blog/10-ting-du-ikke-vidste-om-portugal,"index, follow",0,0
https://smilrejser.dk/blog/oman-rejs-sikkert-til-den-arabiske-halvoe,/blog/oman-rejs-sikkert-til-den-arabiske-halvoe,blog,blog-post,200,369,329645,Oman rejsetips - udforsk et sikkert og fredeligt ørkenland,58,"Udforsk Oman - et af Mellemøstens sikreste rejsemål med rig kultur og betagende natur. Få indsigt i sikkerhed, transport og lokale skikke før din rejse til ørkenlandet.",168,Oman - rejs sikkert til Den Arabiske Halvø,1,1,3,579,13,12,1,0,5,BlogPosting|BreadcrumbList|ListItem|Organization|SearchAction|WebPage|WebSite,0,9,0,0,0,0,2,0,0,0,,0,0,1,1,1,0,,https://smilrejser.dk/blog/oman-rejs-sikkert-til-den-arabiske-halvoe,"index, follow",0,0
https://smilrejser.dk/blog/spanien-picasso,/blog/spanien-picasso,blog,blog-post,200,1256,347058,"Oplev Picassos Spanien: Kunst, kultur og historie på nært hold",62,"Besøg Picassos fødeby Málaga og Barcelona, hvor hans talent blomstrede. Oplev museer med mesterværker og steder, der inspirerede ham. Kom tættere på kunstnerens fascinerende liv.",178,Picasso,1,4,7,2900,8,7,1,0,5,BlogPosting|BreadcrumbList|ListItem|Organization|SearchAction|WebPage|WebSite,0,9,0,0,0,0,2,0,0,0,,0,0,1,1,1,0,,https://smilrejser.dk/blog/spanien-picasso,"index, follow",0,1
https://smilrejser.dk/blog/en-rejseberetning-fra-toscana-og-umbrien,/blog/en-rejseberetning-fra-toscana-og-umbrien,blog,blog-post,200,1307,424401,Rejseberetning: Magiske oplevelser i Toscana og Umbrien,55,"Følg med på vores rejse gennem Italiens smukke regioner Toscana og Umbrien. Oplev middelalderlige byer, vinmarker og kulturelle højdepunkter fra vores grupperejse.",163,En rejseberetning fra Toscana og Umbrien,1,1,22,8101,13,12,1,0,5,BlogPosting|BreadcrumbList|ListItem|Organization|SearchAction|WebPage|WebSite,0,9,0,0,0,0,2,0,0,0,,0,0,1,1,1,0,,https://smilrejser.dk/blog/en-rejseberetning-fra-toscana-og-umbrien,"index, follow",0,0
https://smilrejser.dk/blog/kender-du-disse-tre-kirker-i-rom,/blog/kender-du-disse-tre-kirker-i-rom,blog,blog-post,200,1123,338329,Oplev 3 unikke kirker i Rom med spændende historier | Rejseguide,64,"Gå på opdagelse i Roms mindre kendte kirker: San Pietro in Vincoli, San Giovanni in Laterano og Santa Maria della Concezione. Oplev kunst, historie og fascinerende arkitektur.",175,Kender du disse tre kirker i Rom?,1,1,6,1383,11,10,1,0,5,BlogPosting|BreadcrumbList|ListItem|Organization|SearchAction|WebPage|WebSite,0,9,0,0,0,0,2,0,0,0,,0,0,1,1,1,0,,https://smilrejser.dk/blog/kender-du-disse-tre-kirker-i-rom,"index, follow",0,0
https://smilrejser.dk/blog/kunst-og-kultur-under-renaessancen-i-italien,/blog/kunst-og-kultur-under-renaessancen-i-italien,blog,blog-post,200,1307,344352,Italiensk renæssance | Fra Medici til Mona Lisa | Læs med,57,"Fra Firenze til Rom blomstrede kunst og kultur i renæssancens Italien. Læs om da Vinci, Michelangelo og Rafael, og hvordan deres værker revolutionerede verdenshistorien.",169,Kunst og kultur under renæssancen i Italien,1,1,9,1580,13,12,1,0,5,BlogPosting|BreadcrumbList|ListItem|Organization|SearchAction|WebPage|WebSite,0,9,0,0,0,0,2,0,0,0,,0,0,1,1,1,0,,https://smilrejser.dk/blog/kunst-og-kultur-under-renaessancen-i-italien,"index, follow",0,0
https://smilrejser.dk/blog/det-skaeve-taarn-i-pisa,/blog/det-skaeve-taarn-i-pisa,blog,blog-post,200,1159,326176,Pisas skæve tårn - Fra arkitektonisk fejl til verdensberømt ikon,64,"Opdag hvordan en konstruktionsfejl skabte et af verdens mest kendte vartegn. Læs om det skæve tårn i Pisas historie, redningen under 2. verdenskrig og de moderne bevaringsarbejder.",180,Det skæve tårn i ...,1,2,4,622,10,9,1,0,5,BlogPosting|BreadcrumbList|ListItem|Organization|SearchAction|WebPage|WebSite,0,9,0,0,0,0,2,0,0,0,,0,0,1,1,1,0,,https://smilrejser.dk/blog/det-skaeve-taarn-i-pisa,"index, follow",0,0
https://smilrejser.dk/blog/ti-fantastiske-fiestas-i-spanien,/blog/ti-fantastiske-fiestas-i-spanien,blog,blog-post,200,1225,333722,Spanske fiestas: 10 unikke festivaler du skal opleve i Spanien,62,"Fra tyreløb i Pamplona til tomatfestival i Buñol. Få indblik i Spaniens mest spektakulære fiestas, der giver dig et unikt indblik i landets rige kulturarv.",155,Ti fantastiske fiestas i Spanien,1,1,13,1927,8,7,1,0,5,BlogPosting|BreadcrumbList|ListItem|Organization|SearchAction|WebPage|WebSite,0,9,0,0,0,0,2,0,0,0,,0,0,1,1,1,0,,https://smilrejser.dk/blog/ti-fantastiske-fiestas-i-spanien,"index, follow",0,0
https://smilrejser.dk/blog/en-lidenskabelig-rejse-gennem-myternes-rige,/blog/en-lidenskabelig-rejse-gennem-myternes-rige,blog,blog-post,200,1274,334591,Grækenlands myter: Tag på opdagelse i gudernes fodspor,54,Oplev Grækenlands mytologiske arv på nært hold. Læs om Kretas legendariske skikkelser og bliv inspireret til din næste rejse i civilisationens vugge.,149,Grækenland – en lidenskabelig rejse gennem myternes rige,1,4,3,919,12,11,1,0,5,BlogPosting|BreadcrumbList|ListItem|Organization|SearchAction|WebPage|WebSite,0,9,0,0,0,0,2,0,0,0,,0,0,1,1,1,0,,https://smilrejser.dk/blog/en-lidenskabelig-rejse-gennem-myternes-rige,"index, follow",0,0
https://smilrejser.dk/blog/barcelonas-bedste-bydele,/blog/barcelonas-bedste-bydele,blog,blog-post,200,1154,343224,Barcelona fra Gòtic til Gràcia - Guide til bydelenes charme,59,"Hver bydel i Barcelona har sin egen identitet. Oplev Ravals natteliv, Barcelonetas strand eller Montjuïcs fantastiske udsigt. Lad dig inspirere til din næste storbyrejse.",170,Barcelonas bedste bydele,1,1,11,1496,12,11,1,0,5,BlogPosting|BreadcrumbList|ListItem|Organization|SearchAction|WebPage|WebSite,0,9,0,0,0,0,2,0,0,0,,0,0,1,1,1,0,,https://smilrejser.dk/blog/barcelonas-bedste-bydele,"index, follow",0,0
https://smilrejser.dk/blog/dagbog-fra-madeira,/blog/dagbog-fra-madeira,blog,blog-post,200,1057,408740,"Madeira dagbog: Vandringer, vinprøvning og vulkanske strande",60,"Udforsk Madeira gennem en personlig rejsedagbog med levadavandringer, madeiravin, fiskerbyer og bjerglandskaber. Få inspiration til din egen rejse til den portugisiske perle.",174,Dagbog fra Madeira,1,12,3,3875,20,19,1,0,5,BlogPosting|BreadcrumbList|ListItem|Organization|SearchAction|WebPage|WebSite,0,9,0,0,0,0,2,0,0,0,,0,0,1,1,1,0,4,https://smilrejser.dk/blog/dagbog-fra-madeira,"index, follow",0,0
https://smilrejser.dk/blog/6-ting-du-bare-maa-opleve-paa-din-rejse-til-amalfikysten,/blog/6-ting-du-bare-maa-opleve-paa-din-rejse-til-amalfikysten,blog,blog-post,200,587,338297,Oplev Amalfikystens 6 uundværlige seværdigheder på din rejse,60,Fra Limoncello-smagning til håndlavede sandaler og spektakulære udsigter. Discover Amalfis skjulte perler og kulinariske højdepunkter på din næste rejse til Italiens UNESCO-kyststrækning.,187,6 ting du bare må opleve på Amalfikysten,1,7,3,1062,12,11,1,0,5,BlogPosting|BreadcrumbList|ListItem|Organization|SearchAction|WebPage|WebSite,0,9,0,0,0,0,2,0,0,0,,0,0,1,1,1,0,,https://smilrejser.dk/blog/6-ting-du-bare-maa-opleve-paa-din-rejse-til-amalfikysten,"index, follow",0,0
https://smilrejser.dk/blog/en-rejseberetning-fra-sicilien,/blog/en-rejseberetning-fra-sicilien,blog,blog-post,200,1251,341231,Rejseberetning: Fra Etnas top til Mondello strand på Sicilien,61,"Drømmer du om Sicilien? Få inspiration fra en ægte rejseberetning med besøg på vulkanen Etna, i historiske byer og langs krystalklare kyster. Oplev Sicilien gennem lokale øjne.",176,En rejseberetning fra Sicilien,1,8,3,1566,13,12,1,0,5,BlogPosting|BreadcrumbList|ListItem|Organization|SearchAction|WebPage|WebSite,0,9,0,0,0,0,2,0,0,0,,0,0,1,1,1,0,,https://smilrejser.dk/blog/en-rejseberetning-fra-sicilien,"index, follow",0,0
https://smilrejser.dk/blog/6-tips-til-at-planlaegge-vandreferien,/blog/6-tips-til-at-planlaegge-vandreferien,blog,blog-post,200,368,327213,6 uundværlige tips til din vandreferie - Kom godt i gang nu,59,Få eksperternes 6 bedste råd til at planlægge din vandreferie. Fra valg af destination og vejrforhold til praktiske tips om udstyr og træning før afrejse.,154,6 tips til at planlægge vandreferien,1,1,9,680,10,9,1,0,5,BlogPosting|BreadcrumbList|ListItem|Organization|SearchAction|WebPage|WebSite,0,9,0,0,0,0,2,0,0,0,,0,0,1,1,1,0,,https://smilrejser.dk/blog/6-tips-til-at-planlaegge-vandreferien,"index, follow",0,0
https://smilrejser.dk/blog/nytaar-i-portugal,/blog/nytaar-i-portugal,blog,blog-post,200,1559,325599,Nytårsaften i Portugal - Unikke traditioner og festligheder,59,"Tag med til Cascais og oplev portugisisk nytår med rosiner til hvert midnatsslag, lækker mad og spektakulært fyrværkeri. Autentiske oplevelser i festlig atmosfære.",163,Nytår i Portugal,1,2,3,396,11,10,1,0,5,BlogPosting|BreadcrumbList|ListItem|Organization|SearchAction|WebPage|WebSite,0,9,0,0,0,0,2,0,0,0,,0,0,1,1,1,0,,https://smilrejser.dk/blog/nytaar-i-portugal,"index, follow",0,0
https://smilrejser.dk/blog/rejseguide-til-gardasoeen,/blog/rejseguide-til-gardasoeen,blog,blog-post,200,569,359164,Gardasøen i Italien: Komplet rejseguide til oplevelser &amp; aktiviteter,72,"Fra Malcesine til Sirmione - udforsk Gardasøens maleriske byer, historiske seværdigheder og kulinariske specialiteter. Få værdifulde tips til din rejse til Norditalien.",168,Rejseguide til Gardasøen i Italien: Fra Malcesine til Sirmione,1,13,25,2466,12,11,1,0,5,BlogPosting|BreadcrumbList|ListItem|Organization|SearchAction|WebPage|WebSite,0,9,0,0,0,0,2,0,0,0,,0,0,1,1,1,0,,https://smilrejser.dk/blog/rejseguide-til-gardasoeen,"index, follow",0,0
https://smilrejser.dk/blog/graesk-vin-en-overset-perle,/blog/graesk-vin-en-overset-perle,blog,blog-post,200,1813,340197,Græsk vin guide: 12 unikke druer du skal opdage i år,52,Tag med på en smagfuld rejse gennem Grækenlands vinregioner. Lær om 12 unikke græske druesorter og deres karakteristiske smagsprofiler fra fersken til kirsebær.,160,Græsk vin - en overset perle,1,13,3,1175,12,11,1,0,5,BlogPosting|BreadcrumbList|ListItem|Organization|SearchAction|WebPage|WebSite,0,9,0,0,0,0,2,0,0,0,,0,0,1,1,1,0,,https://smilrejser.dk/blog/graesk-vin-en-overset-perle,"index, follow",0,0
https://smilrejser.dk/blog/fabelagtige-faeroeerne-en-rejseberetning,/blog/fabelagtige-faeroeerne-en-rejseberetning,blog,blog-post,200,1182,331064,Færøerne kalder: Udforsk 18 øer i Nordatlanten,46,"Tag med på opdagelse i Færøernes fascinerende landskaber. Læs om sejlture til grotter, besøg hos kongsbonden og kunstoplevelser i denne personlige rejseberetning.",162,Fabelagtige Færøerne - en rejseberetning,1,1,3,653,12,11,1,0,5,BlogPosting|BreadcrumbList|ListItem|Organization|SearchAction|WebPage|WebSite,0,9,0,0,0,0,2,0,0,0,,0,0,1,1,1,0,6,https://smilrejser.dk/blog/fabelagtige-faeroeerne-en-rejseberetning,"index, follow",0,0
https://smilrejser.dk/blog/vejret-paa-amalfikysten-i-italien,/blog/vejret-paa-amalfikysten-i-italien,blog,blog-post,200,1171,331979,Rejseguide: Vejret på Amalfikysten gennem alle årstider,55,"Få indsigt i vejret på Amalfikysten året rundt. Oplev forårets blomstring, sommerens varme, og efterårets milde temperaturer på din rejse til Syditaliens perle.",160,Vejret på Amalfikysten i Italien,1,1,6,489,13,12,1,0,5,BlogPosting|BreadcrumbList|ListItem|Organization|SearchAction|WebPage|WebSite,0,9,0,0,0,0,2,0,0,0,,0,0,1,1,1,0,,https://smilrejser.dk/blog/vejret-paa-amalfikysten-i-italien,"index, follow",0,0
https://smilrejser.dk/blog/varmt-velkommen-til-andalusien,/blog/varmt-velkommen-til-andalusien,blog,blog-post,200,1421,322887,"Andalusien venter: Rejs til solskin, kultur og livsnydelse",58,"Flygt fra den danske vinter til Andalusiens varme. Gå i H.C. Andersens fodspor og oplev den særlige livsstil, havet og de venlige mennesker i Sydspanien.",153,Varmt velkommen til Andalusien!,1,1,3,561,9,8,1,0,5,BlogPosting|BreadcrumbList|ListItem|Organization|SearchAction|WebPage|WebSite,0,9,0,0,0,0,2,0,0,0,,0,0,1,1,1,0,,https://smilrejser.dk/blog/varmt-velkommen-til-andalusien,"index, follow",0,0
https://smilrejser.dk/blog/tag-med-paa-byvandring-i-siena,/blog/tag-med-paa-byvandring-i-siena,blog,blog-post,200,1064,344776,Byvandring i Siena - Udforsk den middelalderlige by,51,Kom med på en rejse gennem Sienas fascinerende historie. Fra Piazza del Campo til den storslåede domkirke - oplev det hele i trygge og sociale rammer.,150,Tag med på byvandring i Siena,1,1,6,1773,12,11,1,0,5,BlogPosting|BreadcrumbList|ListItem|Organization|SearchAction|WebPage|WebSite,0,9,0,0,0,0,2,0,0,0,,0,0,1,1,1,0,,https://smilrejser.dk/blog/tag-med-paa-byvandring-i-siena,"index, follow",0,0
https://smilrejser.dk/rejsekalender,/rejsekalender,rejsekalender,info,200,4703,8267350,Rejsekalender | Grupperejser med dansktalende rejseleder,56,"Gennemse vores rejsekalender med grupperejser til Italien, Portugal, Madeira og mange flere destinationer. Oplev verden med tryghed, ekspertise og kvalitet.",156,Rejsekalender,1,254,3,4131,300,299,1,0,6,ItemList|ListItem|Organization|Product|SearchAction|WebSite,1,6,0,0,0,0,2,0,0,1,7495,195,1,1,1,1,0,8,https://smilrejser.dk/rejsekalender,"index, follow",0,1
https://smilrejser.dk/cookie-politik,/cookie-politik,cookie-politik,info,200,1090,323514,Cookie Politik – sådan bruger vi cookies på sitet,49,"Gennemsigtig og ærlig cookiepolitik: Vi bruger cookies til funktioner, statistik og markedsføring. Læs om dine rettigheder og vores datahåndtering.",147,Cookie politik,1,1,8,976,8,7,1,0,5,BreadcrumbList|ListItem|Organization|SearchAction|WebSite,0,7,0,0,0,0,2,1,0,0,,0,0,1,1,1,0,,https://smilrejser.dk/cookie-politik,"index, follow",0,1
https://smilrejser.dk/om-os/job,/om-os/job,om-os,info,200,975,325954,Ledige stillinger | Arbejd med rejser og oplevelser,51,Vil du arbejde i et dansk rejsebureau med fokus på kvalitet og fællesskab? Vi søger passionerede medarbejdere til et dynamisk miljø med plads til smil og udvikling.,164,Job hos Smilrejser,1,1,3,666,9,8,1,0,5,BreadcrumbList|ListItem|Organization|SearchAction|WebSite,0,7,0,0,0,0,2,0,0,0,,0,0,1,1,1,0,,https://smilrejser.dk/om-os/job,"index, follow",0,0
https://smilrejser.dk/privatlivspolitik,/privatlivspolitik,privatlivspolitik,info,200,827,354306,Privatlivspolitik | Sådan håndterer vi dine personoplysninger,61,"Læs hvordan vi behandler dine personoplysninger, hvilke rettigheder du har, og hvordan vi sikrer dine data. Find information om cookies og datasikkerhed hos Smilrejser.",168,Privatlivspolitik,1,2,10,3207,8,7,1,0,5,BreadcrumbList|ListItem|Organization|SearchAction|WebSite,0,7,0,0,0,0,2,0,0,0,,0,0,1,1,1,0,,https://smilrejser.dk/privatlivspolitik,"index, follow",0,1
https://smilrejser.dk/om-os/kontakt,/om-os/kontakt,om-os,info,200,780,355432,Kontakt vores rejseeksperter | Få svar på dine spørgsmål,56,"Vores erfarne rejseeksperter sidder klar til at hjælpe dig med spørgsmål om vores grupperejser. Kontakt os via telefon, mail eller besøg vores kontor i København.",162,Kontakt os,1,1,3,348,8,7,1,0,5,BreadcrumbList|ListItem|Organization|SearchAction|WebSite,0,7,0,0,0,1,2,1,1,0,,0,0,1,1,1,0,,https://smilrejser.dk/om-os/kontakt,"index, follow",0,0
https://smilrejser.dk/blog,/blog,blog,blog-index,200,2996,507766,"Rejseblog: Guides, tips og historier fra hele verden",52,Udforsk vores samling af rejseartikler med alt fra lokale madoplevelser til skjulte seværdigheder. Find inspiration til din næste rejse og væk din indre opdagelsesrejsende.,172,Blog,1,1,3,2566,75,74,1,0,5,BreadcrumbList|ListItem|Organization|SearchAction|WebSite,0,7,0,0,0,0,2,0,0,0,,0,0,1,1,1,0,,https://smilrejser.dk/blog,"index, follow",0,1
https://smilrejser.dk/rejsebetingelser,/rejsebetingelser,rejsebetingelser,info,200,1065,392258,Rejsebetingelser for grupperejser | Tryghed og gennemsigtighed,62,Gennemgå vores rejsebetingelser og få klarhed over vilkårene for din grupperejse. Vi tilbyder transparent information og er medlem af Rejsegarantifonden.,153,Rejsebetingelser,1,0,5,5374,8,7,1,0,5,BreadcrumbList|ListItem|Organization|SearchAction|WebSite,0,7,0,0,0,0,2,2,0,1,2900,6,0,1,1,1,0,65,https://smilrejser.dk/rejsebetingelser,"index, follow",0,1
https://smilrejser.dk/saeson,/saeson,saeson,info,200,991,332918,Sæsonbestemte grupperejser - Oplev verden i sin bedste tid,58,Oplev destinationer når de er mest betagende. Fra forårets blomsterpragt til vinterens julestemning - altid med dansktalende rejseleder og et fællesskab af rejseglade.,167,Sæson,1,1,3,127,18,17,1,0,5,BreadcrumbList|ListItem|Organization|SearchAction|WebSite,0,7,0,0,0,0,2,0,0,0,,0,0,1,1,1,0,,https://smilrejser.dk/saeson,"index, follow",0,1
https://smilrejser.dk/katalog,/katalog,katalog,info,200,6242,322691,Rejsekataloger med grupperejser - Bestil gratis eller læs online,64,"Modtag vores kataloger med posten eller læs dem online. Fuld af inspiration til grupperejser med dansktalende rejseledere, fællesskab og opdagerglæde.",150,Katalog,1,0,3,390,7,7,0,0,5,BreadcrumbList|ListItem|Organization|SearchAction|WebSite,0,7,0,0,0,0,2,0,1,0,,0,0,1,1,1,0,,https://smilrejser.dk/katalog,"index, follow",0,1
https://smilrejser.dk/om-os,/om-os,om-os,info,200,988,336539,"Om os - Opdag vores passion for rejser, mennesker og fællesskab",63,"Vi har skabt grupperejser i over 35 år med fokus på tryghed, ekspertise og kvalitet. Udforsk filosofien bag vores rejser og hvordan vi vækker opdagerglæden.",156,Om os,1,0,4,667,11,11,0,0,6,BreadcrumbList|ListItem|Organization|SearchAction|WebSite,0,7,0,0,0,0,2,0,0,0,,0,0,1,1,1,0,,https://smilrejser.dk/om-os,"index, follow",0,1
https://smilrejser.dk/nyhedsbrev,/nyhedsbrev,nyhedsbrev,info,200,856,330413,Få rejseinspiration og nyheder – tilmeld dig vores nyhedsbrev,61,"Få rejseinspiration, nyheder om kommende rejseforedrag og vær først til at høre om særtilbud. Tilmeld dig vores nyhedsbrev og luk op for en verden af oplevelser.",161,Nyhedsbrev,1,0,3,652,8,7,1,0,5,BreadcrumbList|ListItem|Organization|SearchAction|WebSite,0,7,0,0,0,0,2,0,1,0,,0,0,1,1,1,0,,https://smilrejser.dk/nyhedsbrev,"index, follow",0,1
https://smilrejser.dk/om-os/rejseledere,/om-os/rejseledere,om-os,info,200,642,396457,Oplev verden med passionerede rejseledere - Rejs trygt,54,Rejs med dansktalende rejseledere der åbner døre til unikke oplevelser. Få indsigt i lokal kultur og historie på vores grupperejser med fokus på fællesskab og opdagerglæde.,172,Rejseledere,1,1,40,687,44,44,0,0,36,BreadcrumbList|ListItem|Organization|SearchAction|WebSite,0,7,0,0,0,0,2,0,0,0,,0,0,1,1,1,0,,https://smilrejser.dk/om-os/rejseledere,"index, follow",0,1
https://smilrejser.dk/om-os/medarbejdere,/om-os/medarbejdere,om-os,info,200,692,335733,Eksperter i grupperejser | Mød holdet bag dine oplevelser,57,"Bag hver rejseoplevelse står et dedikeret team. Mød vores medarbejdere, der med passion og ekspertise sammensætter grupperejser med fokus på opdagelse og fællesskab.",165,Medarbejdere,1,1,13,184,18,17,1,0,13,BreadcrumbList|ListItem|Organization|SearchAction|WebSite,0,7,0,0,0,0,2,0,0,0,,0,0,1,1,1,0,,https://smilrejser.dk/om-os/medarbejdere,"index, follow",0,0
https://smilrejser.dk/rejseforedrag,/rejseforedrag,rejseforedrag,info,200,1217,346281,Rejseforedrag - Få inspiration til din næste drømmerejse,56,"Inspirerende rejseforedrag om spændende destinationer. Hør om kulturelle oplevelser, seværdigheder og lokale traditioner fra vores passionerede rejseeksperter.",159,Rejseforedrag,1,1,3,120,8,7,1,0,5,BreadcrumbList|ListItem|Organization|SearchAction|WebSite,0,7,0,0,0,0,2,0,0,0,,0,0,1,1,1,0,,https://smilrejser.dk/rejseforedrag,"index, follow",0,1
https://smilrejser.dk/rejseforsikring,/rejseforsikring,rejseforsikring,info,200,1108,320014,Rejseforsikring med ekstra fordele | Tryghed på grupperejser,60,Rejs trygt med en forsikring der dækker dine behov. Vi samarbejder med Gouda og tilbyder særlige fordele som ingen helbredserklæring og online læge på rejsen.,158,Rejseforsikring,1,1,7,1012,8,7,1,0,5,BreadcrumbList|ListItem|Organization|SearchAction|WebSite,0,7,0,0,0,0,2,0,0,0,,0,0,1,1,1,0,,https://smilrejser.dk/rejseforsikring,"index, follow",0,1
https://smilrejser.dk/rejsemal,/rejsemal,rejsemal,info,200,1293,414964,Grupperejser til 30+ destinationer | Find dit næste rejsemål,60,"Rejs til historiske byer i Europa, oplev Sri Lankas elefanter eller besøg Sydkoreas templer. Alle rejser med dansktalende rejseleder, håndplukkede oplevelser og nyt rejsefællesskab.",181,Rejsemål,1,1,3,214,51,51,0,0,5,BreadcrumbList|ListItem|Organization|SearchAction|WebSite,0,7,0,0,0,0,2,0,0,0,,0,0,1,1,1,0,,https://smilrejser.dk/rejsemal,"index, follow",0,1
https://smilrejser.dk/gavekort,/gavekort,gavekort,info,200,325,306616,Køb rejsegavekort - Giv oplevelser i gave til den rejselystne | 3 års gyldighed,79,"Glæd en du holder af med et rejsegavekort til eventyrlige oplevelser. Den perfekte gave til fødselaren eller jubilaren, der elsker at opdage verden. Gyldig i 3 år.",163,Gavekort,1,0,3,210,8,7,1,0,5,BreadcrumbList|ListItem|Organization|SearchAction|WebSite,0,7,0,0,0,0,2,0,0,0,,0,0,1,1,1,0,,https://smilrejser.dk/gavekort,"index, follow",0,1
https://smilrejser.dk/inspiration,/inspiration,inspiration,info,200,1169,335959,Rejseinspiration til oplevelser med fællesskab | Find din rejse,63,"Dyk ned i vores verden af rejseinspiration med spændende rejseforedrag, inspirerende blog og kataloger. Opdagerglæde og fællesskab venter på din næste rejse.",157,Inspiration,1,0,3,569,12,11,1,0,5,BreadcrumbList|ListItem|Organization|SearchAction|WebSite,0,7,0,0,0,0,2,0,0,0,,0,0,1,1,1,0,,https://smilrejser.dk/inspiration,"index, follow",0,1
https://smilrejser.dk/faq,/faq,faq,info,200,1136,326980,Spørgsmål og svar om rejser | Find din information nu,53,"Læs vores FAQ og få svar på spørgsmål om grupperejser, booking, betaling, forsikring og meget mere. Vi er altid klar til at hjælpe dig med at planlægge din rejse.",162,FAQ,1,0,3,1521,8,7,1,0,5,BreadcrumbList|ListItem|Organization|SearchAction|WebSite,0,7,0,0,0,0,2,0,0,0,,0,0,1,1,1,0,10,https://smilrejser.dk/faq,"index, follow",0,0
https://smilrejser.dk/transformation,/transformation,transformation,info,200,503,316966,"Fra Kulturrejser Europa til Smilrejser - Samme kvalitet, nyt navn",65,Kulturrejser Europa bliver til Smilrejser. Oplev samme høje kvalitet og service med flere rejsemål og måder at opdage verden på. Læs om vores transformation her.,161,Kulturrejser Europa skifter navn,1,1,3,351,9,8,1,0,6,BreadcrumbList|ListItem|Organization|SearchAction|WebSite,0,7,0,0,0,0,2,1,0,0,,0,0,1,1,1,0,,https://smilrejser.dk/transformation,"index, follow",0,0
https://smilrejser.dk/tryghed,/tryghed,tryghed,info,200,1430,313968,Tryg grupperejse med dansktalende rejseledere | Book nu,55,"Føl dig tryg før og under rejsen med erfarne rejseledere, pakkerejsegaranti og personlig service. Vi står klar til at hjælpe med alle spørgsmål og sikre din rejsetryghed.",170,Tryghed,1,0,3,387,8,7,1,0,5,BreadcrumbList|ListItem|Organization|SearchAction|WebSite,0,7,0,0,0,0,2,0,0,0,,0,0,1,1,1,0,14,https://smilrejser.dk/tryghed,"index, follow",0,0
https://smilrejser.dk/rejsetyper,/rejsetyper,rejsetyper,info,200,420,367627,Oplev verden gennem 20+ rejsetyper | Rejs med andre,51,"Rejser der forener mennesker og vækker opdagerglæden. Vælg mellem kultur, natur, gastronomi, vandring og meget mere. Opdag verden i godt selskab med andre rejseglade.",166,Rejsetyper,1,1,3,186,31,30,1,0,5,BreadcrumbList|ListItem|Organization|SearchAction|WebSite,0,7,0,0,0,0,2,0,0,0,,0,0,1,1,1,0,,https://smilrejser.dk/rejsetyper,"index, follow",0,1
