source,target,region,target_in_sitemap
/afrika,/,chrome,1
/afrika,/cookie-politik,chrome,1
/afrika,/egypten/cairo-og-nilkrydstogt,content,1
/afrika,/faq,chrome,1
/afrika,/gavekort,chrome,1
/afrika,/katalog,chrome,1
/afrika,/kulturrejser,content,1
/afrika,/marokko,content,1
/afrika,/marokko/farverige-marokko-fra-tanger-til-marrakech,content,1
/afrika,/marokko/magiske-marrakech-og-essaouira,content,1
/afrika,/marokko/marokko-blandt-berbere-og-beduiner,content,1
/afrika,/marokko/marrakech,content,1
/afrika,/naturrejser,content,1
/afrika,/nyhedsbrev,chrome,1
/afrika,/om-os/kontakt,chrome,1
/afrika,/om-os/medarbejdere,chrome,1
/afrika,/om-os/rejseledere,chrome,1
/afrika,/privatlivspolitik,chrome,1
/afrika,/rejseforsikring,chrome,1
/afrika,/rejsekalender,chrome,1
/afrika,/sydafrika,content,1
/afrika,/sydafrika/sydafrika-cape-cabernet-og-safari,content,1
/afrika,/sydafrika/sydafrika-et-eventyr-i-tre-akter,content,1
/afrika,/sydafrika/sydafrika-for-livsnydere,content,1
/afrika,/transformation,chrome,1
/albanien,/,chrome,1
/albanien,/albanien/autentiske-albanien,content,1
/albanien,/balkan,content,1
/albanien,/balkan/betagende-syd-balkan,content,1
/albanien,/cookie-politik,chrome,1
/albanien,/europa,content,1
/albanien,/faq,chrome,1
/albanien,/gavekort,chrome,1
/albanien,/katalog,chrome,1
/albanien,/kulturrejser,content,1
/albanien,/naturrejser,content,1
/albanien,/nyhedsbrev,chrome,1
/albanien,/om-os/kontakt,chrome,1
/albanien,/om-os/medarbejdere,chrome,1
/albanien,/om-os/rejseledere,chrome,1
/albanien,/privatlivspolitik,chrome,1
/albanien,/rejseforsikring,chrome,1
/albanien,/rejsekalender,chrome,1
/albanien,/transformation,chrome,1
/albanien/autentiske-albanien,/,chrome,1
/albanien/autentiske-albanien,/albanien,chrome,1
/albanien/autentiske-albanien,/cookie-politik,chrome,1
/albanien/autentiske-albanien,/europa,content,1
/albanien/autentiske-albanien,/faq,chrome,1
/albanien/autentiske-albanien,/gavekort,chrome,1
/albanien/autentiske-albanien,/graekenland,content,1
/albanien/autentiske-albanien,/historiske-rejser,content,1
/albanien/autentiske-albanien,/katalog,chrome,1
/albanien/autentiske-albanien,/madrejser,content,1
/albanien/autentiske-albanien,/naturrejser,content,1
/albanien/autentiske-albanien,/nyhedsbrev,chrome,1
/albanien/autentiske-albanien,/om-os/kontakt,chrome,1
/albanien/autentiske-albanien,/om-os/medarbejdere,chrome,1
/albanien/autentiske-albanien,/om-os/rejseledere,chrome,1
/albanien/autentiske-albanien,/privatlivspolitik,chrome,1
/albanien/autentiske-albanien,/rejseforsikring,chrome,1
/albanien/autentiske-albanien,/rejsekalender,chrome,1
/albanien/autentiske-albanien,/transformation,chrome,1
/albanien/autentiske-albanien,/vinrejser,content,1
/armenien,/,chrome,1
/armenien,/cookie-politik,chrome,1
/armenien,/europa,content,1
/armenien,/faq,chrome,1
/armenien,/gavekort,chrome,1
/armenien,/historiske-rejser,content,1
/armenien,/katalog,chrome,1
/armenien,/naturrejser,content,1
/armenien,/nyhedsbrev,chrome,1
/armenien,/om-os/kontakt,chrome,1
/armenien,/om-os/medarbejdere,chrome,1
/armenien,/om-os/rejseledere,chrome,1
/armenien,/privatlivspolitik,chrome,1
/armenien,/rejseforsikring,chrome,1
/armenien,/rejsekalender,chrome,1
/armenien,/transformation,chrome,1
/asien,/,chrome,1
/asien,/cookie-politik,chrome,1
/asien,/faq,chrome,1
/asien,/gavekort,chrome,1
/asien,/historiske-rejser,content,1
/asien,/indien,content,1
/asien,/indien/rajasthan-indiens-juvel,content,1
/asien,/indien/sydindiens-guddommelige-hjerte-kerala,content,1
/asien,/jordan,content,1
/asien,/jordan/vandreferie-i-jordan,content,1
/asien,/katalog,chrome,1
/asien,/kina,content,1
/asien,/kina/kina-og-tibet-ekspressen,content,1
/asien,/kina/kina-pagoder-pandaer-og-paladser,content,1
/asien,/kina/vandreferie-paa-den-kinesiske-mur,content,1
/asien,/kulturrejser,content,1
/asien,/madrejser,content,1
/asien,/naturrejser,content,1
/asien,/nyhedsbrev,chrome,1
/asien,/om-os/kontakt,chrome,1
/asien,/om-os/medarbejdere,chrome,1
/asien,/om-os/rejseledere,chrome,1
/asien,/oman,content,1
/asien,/oman/oman-det-fortryllende-oerkenland,content,1
/asien,/privatlivspolitik,chrome,1
/asien,/rejseforsikring,chrome,1
/asien,/rejsekalender,chrome,1
/asien,/sri-lanka,content,1
/asien,/sri-lanka/klassiske-sri-lanka,content,1
/asien,/sri-lanka/sri-lanka-for-livsnydere,content,1
/asien,/storbyferier,content,1
/asien,/sydkorea,content,1
/asien,/sydkorea/essensen-af-sydkorea,content,1
/asien,/thailand,content,1
/asien,/thailand/thailand-smilets-land,content,1
/asien,/transformation,chrome,1
/asien,/vietnam,content,1
/asien,/vietnam/det-bedste-af-vietnam,content,1
/balkan,/,chrome,1
/balkan,/albanien,content,1
/balkan,/albanien/autentiske-albanien,content,1
/balkan,/balkan/betagende-nord-balkan,content,1
/balkan,/balkan/betagende-syd-balkan,content,1
/balkan,/bosnien,content,1
/balkan,/bosnien/mostar,content,1
/balkan,/bosnien/sarajevo,content,1
/balkan,/bulgarien,content,1
/balkan,/bulgarien/bulgariens-skjulte-skatte,content,1
/balkan,/cookie-politik,chrome,1
/balkan,/europa,content,1
/balkan,/faq,chrome,1
/balkan,/flodkrydstogter/flodkrydstogt-paa-donaufloden,content,1
/balkan,/gavekort,chrome,1
/balkan,/historiske-rejser,content,1
/balkan,/katalog,chrome,1
/balkan,/kroatien,content,1
/balkan,/kroatien/dubrovnik,content,1
/balkan,/kroatien/kroatiens-smukke-kyst,content,1
/balkan,/kroatien/split,content,1
/balkan,/kulturrejser,content,1
/balkan,/montenegro,content,1
/balkan,/naturrejser,content,1
/balkan,/nyhedsbrev,chrome,1
/balkan,/om-os/kontakt,chrome,1
/balkan,/om-os/medarbejdere,chrome,1
/balkan,/om-os/rejseledere,chrome,1
/balkan,/privatlivspolitik,chrome,1
/balkan,/rejseforsikring,chrome,1
/balkan,/rejsekalender,chrome,1
/balkan,/serbien,content,1
/balkan,/serbien/beograd,content,1
/balkan,/slovenien/ljubljana-og-de-slovenske-perler,content,1
/balkan,/transformation,chrome,1
/balkan/betagende-nord-balkan,/,chrome,1
/balkan/betagende-nord-balkan,/balkan,chrome,1
/balkan/betagende-nord-balkan,/cookie-politik,chrome,1
/balkan/betagende-nord-balkan,/faq,chrome,1
/balkan/betagende-nord-balkan,/gavekort,chrome,1
/balkan/betagende-nord-balkan,/katalog,chrome,1
/balkan/betagende-nord-balkan,/nyhedsbrev,chrome,1
/balkan/betagende-nord-balkan,/om-os/kontakt,chrome,1
/balkan/betagende-nord-balkan,/om-os/medarbejdere,chrome,1
/balkan/betagende-nord-balkan,/om-os/rejseledere,chrome,1
/balkan/betagende-nord-balkan,/privatlivspolitik,chrome,1
/balkan/betagende-nord-balkan,/rejseforsikring,chrome,1
/balkan/betagende-nord-balkan,/rejsekalender,chrome,1
/balkan/betagende-nord-balkan,/transformation,chrome,1
/balkan/betagende-syd-balkan,/,chrome,1
/balkan/betagende-syd-balkan,/balkan,chrome,1
/balkan/betagende-syd-balkan,/cookie-politik,chrome,1
/balkan/betagende-syd-balkan,/faq,chrome,1
/balkan/betagende-syd-balkan,/gavekort,chrome,1
/balkan/betagende-syd-balkan,/katalog,chrome,1
/balkan/betagende-syd-balkan,/nyhedsbrev,chrome,1
/balkan/betagende-syd-balkan,/om-os/kontakt,chrome,1
/balkan/betagende-syd-balkan,/om-os/medarbejdere,chrome,1
/balkan/betagende-syd-balkan,/om-os/rejseledere,chrome,1
/balkan/betagende-syd-balkan,/privatlivspolitik,chrome,1
/balkan/betagende-syd-balkan,/rejseforsikring,chrome,1
/balkan/betagende-syd-balkan,/rejsekalender,chrome,1
/balkan/betagende-syd-balkan,/transformation,chrome,1
/baltikum,/,chrome,1
/baltikum,/baltikum/den-baltiske-odysse,content,1
/baltikum,/cookie-politik,chrome,1
/baltikum,/estland,content,1
/baltikum,/estland/tallinn,content,1
/baltikum,/europa,content,1
/baltikum,/faq,chrome,1
/baltikum,/gavekort,chrome,1
/baltikum,/historiske-rejser,content,1
/baltikum,/katalog,chrome,1
/baltikum,/kulturrejser,content,1
/baltikum,/letland,content,1
/baltikum,/letland/riga,content,1
/baltikum,/litauen,content,1
/baltikum,/litauen/vilnius,content,1
/baltikum,/naturrejser,content,1
/baltikum,/nyhedsbrev,chrome,1
/baltikum,/om-os/kontakt,chrome,1
/baltikum,/om-os/medarbejdere,chrome,1
/baltikum,/om-os/rejseledere,chrome,1
/baltikum,/privatlivspolitik,chrome,1
/baltikum,/rejseforsikring,chrome,1
/baltikum,/rejsekalender,chrome,1
/baltikum,/transformation,chrome,1
/baltikum/den-baltiske-odysse,/,chrome,1
/baltikum/den-baltiske-odysse,/baltikum,chrome,1
/baltikum/den-baltiske-odysse,/cookie-politik,chrome,1
/baltikum/den-baltiske-odysse,/faq,chrome,1
/baltikum/den-baltiske-odysse,/gavekort,chrome,1
/baltikum/den-baltiske-odysse,/katalog,chrome,1
/baltikum/den-baltiske-odysse,/nyhedsbrev,chrome,1
/baltikum/den-baltiske-odysse,/om-os/kontakt,chrome,1
/baltikum/den-baltiske-odysse,/om-os/medarbejdere,chrome,1
/baltikum/den-baltiske-odysse,/om-os/rejseledere,chrome,1
/baltikum/den-baltiske-odysse,/privatlivspolitik,chrome,1
/baltikum/den-baltiske-odysse,/rejseforsikring,chrome,1
/baltikum/den-baltiske-odysse,/rejsekalender,chrome,1
/baltikum/den-baltiske-odysse,/transformation,chrome,1
/belgien,/,chrome,1
/belgien,/cookie-politik,chrome,1
/belgien,/faq,chrome,1
/belgien,/gavekort,chrome,1
/belgien,/katalog,chrome,1
/belgien,/nyhedsbrev,chrome,1
/belgien,/om-os/kontakt,chrome,1
/belgien,/om-os/medarbejdere,chrome,1
/belgien,/om-os/rejseledere,chrome,1
/belgien,/privatlivspolitik,chrome,1
/belgien,/rejseforsikring,chrome,1
/belgien,/rejsekalender,chrome,1
/belgien,/transformation,chrome,1
/belgien/antwerpen,/,chrome,1
/belgien/antwerpen,/belgien,chrome,1
/belgien/antwerpen,/cookie-politik,chrome,1
/belgien/antwerpen,/england/london,content,1
/belgien/antwerpen,/europa,content,1
/belgien/antwerpen,/faq,chrome,1
/belgien/antwerpen,/frankrig/paris,content,1
/belgien/antwerpen,/gavekort,chrome,1
/belgien/antwerpen,/historiske-rejser,content,1
/belgien/antwerpen,/holland/amsterdam,content,1
/belgien/antwerpen,/katalog,chrome,1
/belgien/antwerpen,/kulturrejser,content,1
/belgien/antwerpen,/nyhedsbrev,chrome,1
/belgien/antwerpen,/om-os/kontakt,chrome,1
/belgien/antwerpen,/om-os/medarbejdere,chrome,1
/belgien/antwerpen,/om-os/rejseledere,chrome,1
/belgien/antwerpen,/privatlivspolitik,chrome,1
/belgien/antwerpen,/rejseforsikring,chrome,1
/belgien/antwerpen,/rejsekalender,chrome,1
/belgien/antwerpen,/storbyferier,content,1
/belgien/antwerpen,/transformation,chrome,1
/belgien/bruxelles,/,chrome,1
/belgien/bruxelles,/belgien,chrome,1
/belgien/bruxelles,/cookie-politik,chrome,1
/belgien/bruxelles,/europa,content,1
/belgien/bruxelles,/faq,chrome,1
/belgien/bruxelles,/gavekort,chrome,1
/belgien/bruxelles,/historiske-rejser,content,1
/belgien/bruxelles,/katalog,chrome,1
/belgien/bruxelles,/kulturrejser,content,1
/belgien/bruxelles,/musik-og-underholdning,content,1
/belgien/bruxelles,/naturrejser,content,1
/belgien/bruxelles,/nyhedsbrev,chrome,1
/belgien/bruxelles,/om-os/kontakt,chrome,1
/belgien/bruxelles,/om-os/medarbejdere,chrome,1
/belgien/bruxelles,/om-os/rejseledere,chrome,1
/belgien/bruxelles,/privatlivspolitik,chrome,1
/belgien/bruxelles,/rejseforsikring,chrome,1
/belgien/bruxelles,/rejsekalender,chrome,1
/belgien/bruxelles,/storbyferier,content,1
/belgien/bruxelles,/transformation,chrome,1
/blog,/,chrome,1
/blog,/blog/10-ting-du-ikke-vidste-om-portugal,content,1
/blog,/blog/4-ting-du-bor-se-i-madrid,content,1
/blog,/blog/6-ting-du-bare-maa-opleve-paa-din-rejse-til-amalfikysten,content,1
/blog,/blog/6-tips-til-at-planlaegge-vandreferien,content,1
/blog,/blog/baltikum-og-de-oversete-fortaellinger,content,1
/blog,/blog/barcelonas-bedste-bydele,content,1
/blog,/blog/blomsterfestival-paa-madeira,content,1
/blog,/blog/caminito-del-rey-malaga-andalusien,content,1
/blog,/blog/cataloniens-mad-og-vin,content,1
/blog,/blog/cinque-terre-fem-smaa-byer,content,1
/blog,/blog/coimbra-portugals-gamle-universitetsby,content,1
/blog,/blog/dagbog-fra-madeira,content,1
/blog,/blog/det-skaeve-taarn-i-pisa,content,1
/blog,/blog/det-specielle-guggenheim-museum-i-bilbao,content,1
/blog,/blog/dette-kan-du-ogsaa-opleve-paa-sicilien,content,1
/blog,/blog/en-lidenskabelig-rejse-gennem-myternes-rige,content,1
/blog,/blog/en-rejseberetning-fra-sicilien,content,1
/blog,/blog/en-rejseberetning-fra-toscana-og-umbrien,content,1
/blog,/blog/fabelagtige-faeroeerne-en-rejseberetning,content,1
/blog,/blog/fra-sten-til-vin-pa-azorerne,content,1
/blog,/blog/funchal-atlanterhavets-kulturelle-skat,content,1
/blog,/blog/graesk-vin-en-overset-perle,content,1
/blog,/blog/h-c-andersen-paa-amalfikysten,content,1
/blog,/blog/haverejser-og-havebegreber,content,1
/blog,/blog/jordan-en-rejseberetning,content,1
/blog,/blog/jul-og-nytaar-paa-madeira,content,1
/blog,/blog/kender-du-disse-tre-kirker-i-rom,content,1
/blog,/blog/kroatien-en-personlig-kaerlighedshistorie,content,1
/blog,/blog/kunst-og-kultur-under-renaessancen-i-italien,content,1
/blog,/blog/mad-og-vin-i-italien,content,1
/blog,/blog/mad-og-vin-i-porto,content,1
/blog,/blog/mad-og-vin-i-portugal,content,1
/blog,/blog/madeira-vejr-og-klima,content,1
/blog,/blog/middelhavsoen-malta,content,1
/blog,/blog/moderne-kulturturisme-arkaeologiens-muligheder,content,1
/blog,/blog/ni-ting-at-se-i-lucca,content,1
/blog,/blog/nytaar-i-portugal,content,1
/blog,/blog/oman-rejs-sikkert-til-den-arabiske-halvoe,content,1
/blog,/blog/opera-i-verona,content,1
/blog,/blog/oplev-det-bedste-af-porto-i-portugal,content,1
/blog,/blog/oplev-sevilla,content,1
/blog,/blog/paa-douroflodens-gronne-vand,content,1
/blog,/blog/perler-omkring-lissabon,content,1
/blog,/blog/portugal-classic-auto-parade-en-koeretur-gennem-tiden,content,1
/blog,/blog/portugal-fado,content,1
/blog,/blog/portugal-igors-opskrifter-paa-poncha,content,1
/blog,/blog/portugal-lissabon,content,1
/blog,/blog/prado-museet-i-madrid-med-ny-fantastisk-saerudstilling,content,1
/blog,/blog/rejseguide-til-gardasoeen,content,1
/blog,/blog/rejsetrends-i-2025,content,1
/blog,/blog/restauranter-i-lissabon,content,1
/blog,/blog/rom-og-arkitekturen,content,1
/blog,/blog/sagrada-familia-gaudis-livsvaerk,content,1
/blog,/blog/seoul-stress-selfie,content,1
/blog,/blog/spanien-gibraltar,content,1
/blog,/blog/spanien-picasso,content,1
/blog,/blog/spanien-pilgrimsrute,content,1
/blog,/blog/sri-lanka-5-grunde,content,1
/blog,/blog/tag-med-paa-byvandring-i-siena,content,1
/blog,/blog/ti-fantastiske-fiestas-i-spanien,content,1
/blog,/blog/top-10-i-verona,content,1
/blog,/blog/tyskland-en-personlig-rejseberetning-fra-rhinen,content,1
/blog,/blog/varmt-velkommen-til-andalusien,content,1
/blog,/blog/vejret-paa-amalfikysten-i-italien,content,1
/blog,/blog/velkommen-til-madeira-en-frodig-oase,content,1
/blog,/blog/vidste-du-det-om-etruskerne,content,1
/blog,/blog/vin-og-delikatesser-i-lissabon,content,1
/blog,/cookie-politik,chrome,1
/blog,/faq,chrome,1
/blog,/gavekort,chrome,1
/blog,/katalog,chrome,1
/blog,/nyhedsbrev,chrome,1
/blog,/om-os/kontakt,chrome,1
/blog,/om-os/medarbejdere,chrome,1
/blog,/om-os/rejseledere,chrome,1
/blog,/privatlivspolitik,chrome,1
/blog,/rejseforsikring,chrome,1
/blog,/rejsekalender,chrome,1
/blog,/transformation,chrome,1
/blog/10-ting-du-ikke-vidste-om-portugal,/,chrome,1
/blog/10-ting-du-ikke-vidste-om-portugal,/blog,chrome,1
/blog/10-ting-du-ikke-vidste-om-portugal,/cookie-politik,chrome,1
/blog/10-ting-du-ikke-vidste-om-portugal,/england,content,1
/blog/10-ting-du-ikke-vidste-om-portugal,/europa,content,1
/blog/10-ting-du-ikke-vidste-om-portugal,/faq,chrome,1
/blog/10-ting-du-ikke-vidste-om-portugal,/gavekort,chrome,1
/blog/10-ting-du-ikke-vidste-om-portugal,/katalog,chrome,1
/blog/10-ting-du-ikke-vidste-om-portugal,/nyhedsbrev,chrome,1
/blog/10-ting-du-ikke-vidste-om-portugal,/om-os/kontakt,chrome,1
/blog/10-ting-du-ikke-vidste-om-portugal,/om-os/medarbejdere,chrome,1
/blog/10-ting-du-ikke-vidste-om-portugal,/om-os/rejseledere,chrome,1
/blog/10-ting-du-ikke-vidste-om-portugal,/portugal,content,1
/blog/10-ting-du-ikke-vidste-om-portugal,/portugal/algarve,content,1
/blog/10-ting-du-ikke-vidste-om-portugal,/portugal/azorerne,content,1
/blog/10-ting-du-ikke-vidste-om-portugal,/portugal/lissabon,content,1
/blog/10-ting-du-ikke-vidste-om-portugal,/portugal/madeira,content,1
/blog/10-ting-du-ikke-vidste-om-portugal,/portugal/porto,content,1
/blog/10-ting-du-ikke-vidste-om-portugal,/privatlivspolitik,chrome,1
/blog/10-ting-du-ikke-vidste-om-portugal,/rejseforsikring,chrome,1
/blog/10-ting-du-ikke-vidste-om-portugal,/rejsekalender,chrome,1
/blog/10-ting-du-ikke-vidste-om-portugal,/spanien,content,1
/blog/10-ting-du-ikke-vidste-om-portugal,/transformation,chrome,1
/blog/4-ting-du-bor-se-i-madrid,/,chrome,1
/blog/4-ting-du-bor-se-i-madrid,/blog,chrome,1
/blog/4-ting-du-bor-se-i-madrid,/cookie-politik,chrome,1
/blog/4-ting-du-bor-se-i-madrid,/europa,content,1
/blog/4-ting-du-bor-se-i-madrid,/faq,chrome,1
/blog/4-ting-du-bor-se-i-madrid,/gavekort,chrome,1
/blog/4-ting-du-bor-se-i-madrid,/historiske-rejser,content,1
/blog/4-ting-du-bor-se-i-madrid,/katalog,chrome,1
/blog/4-ting-du-bor-se-i-madrid,/kulturrejser,content,1
/blog/4-ting-du-bor-se-i-madrid,/nyhedsbrev,chrome,1
/blog/4-ting-du-bor-se-i-madrid,/om-os/kontakt,chrome,1
/blog/4-ting-du-bor-se-i-madrid,/om-os/medarbejdere,chrome,1
/blog/4-ting-du-bor-se-i-madrid,/om-os/rejseledere,chrome,1
/blog/4-ting-du-bor-se-i-madrid,/privatlivspolitik,chrome,1
/blog/4-ting-du-bor-se-i-madrid,/rejseforsikring,chrome,1
/blog/4-ting-du-bor-se-i-madrid,/rejsekalender,chrome,1
/blog/4-ting-du-bor-se-i-madrid,/spanien,content,1
/blog/4-ting-du-bor-se-i-madrid,/spanien/barcelona,content,1
/blog/4-ting-du-bor-se-i-madrid,/spanien/madrid,content,1
/blog/4-ting-du-bor-se-i-madrid,/storbyferier,content,1
/blog/4-ting-du-bor-se-i-madrid,/transformation,chrome,1
/blog/6-ting-du-bare-maa-opleve-paa-din-rejse-til-amalfikysten,/,chrome,1
/blog/6-ting-du-bare-maa-opleve-paa-din-rejse-til-amalfikysten,/blog,chrome,1
/blog/6-ting-du-bare-maa-opleve-paa-din-rejse-til-amalfikysten,/cookie-politik,chrome,1
/blog/6-ting-du-bare-maa-opleve-paa-din-rejse-til-amalfikysten,/europa,content,1
/blog/6-ting-du-bare-maa-opleve-paa-din-rejse-til-amalfikysten,/faq,chrome,1
/blog/6-ting-du-bare-maa-opleve-paa-din-rejse-til-amalfikysten,/gavekort,chrome,1
/blog/6-ting-du-bare-maa-opleve-paa-din-rejse-til-amalfikysten,/italien,content,1
/blog/6-ting-du-bare-maa-opleve-paa-din-rejse-til-amalfikysten,/italien/amalfi,content,1
/blog/6-ting-du-bare-maa-opleve-paa-din-rejse-til-amalfikysten,/italien/amalfikysten,content,1
/blog/6-ting-du-bare-maa-opleve-paa-din-rejse-til-amalfikysten,/italien/ravello,content,1
/blog/6-ting-du-bare-maa-opleve-paa-din-rejse-til-amalfikysten,/italien/sorrento,content,1
/blog/6-ting-du-bare-maa-opleve-paa-din-rejse-til-amalfikysten,/katalog,chrome,1
/blog/6-ting-du-bare-maa-opleve-paa-din-rejse-til-amalfikysten,/nyhedsbrev,chrome,1
/blog/6-ting-du-bare-maa-opleve-paa-din-rejse-til-amalfikysten,/om-os/kontakt,chrome,1
/blog/6-ting-du-bare-maa-opleve-paa-din-rejse-til-amalfikysten,/om-os/medarbejdere,chrome,1
/blog/6-ting-du-bare-maa-opleve-paa-din-rejse-til-amalfikysten,/om-os/rejseledere,chrome,1
/blog/6-ting-du-bare-maa-opleve-paa-din-rejse-til-amalfikysten,/privatlivspolitik,chrome,1
/blog/6-ting-du-bare-maa-opleve-paa-din-rejse-til-amalfikysten,/rejseforsikring,chrome,1
/blog/6-ting-du-bare-maa-opleve-paa-din-rejse-til-amalfikysten,/rejsekalender,chrome,1
/blog/6-ting-du-bare-maa-opleve-paa-din-rejse-til-amalfikysten,/transformation,chrome,1
/blog/6-ting-du-bare-maa-opleve-paa-din-rejse-til-amalfikysten,/vandreferier,content,1
/blog/6-tips-til-at-planlaegge-vandreferien,/,chrome,1
/blog/6-tips-til-at-planlaegge-vandreferien,/blog,chrome,1
/blog/6-tips-til-at-planlaegge-vandreferien,/cookie-politik,chrome,1
/blog/6-tips-til-at-planlaegge-vandreferien,/europa,content,1
/blog/6-tips-til-at-planlaegge-vandreferien,/faq,chrome,1
/blog/6-tips-til-at-planlaegge-vandreferien,/gavekort,chrome,1
/blog/6-tips-til-at-planlaegge-vandreferien,/irland,content,1
/blog/6-tips-til-at-planlaegge-vandreferien,/katalog,chrome,1
/blog/6-tips-til-at-planlaegge-vandreferien,/kulturrejser,content,1
/blog/6-tips-til-at-planlaegge-vandreferien,/naturrejser,content,1
/blog/6-tips-til-at-planlaegge-vandreferien,/nyhedsbrev,chrome,1
/blog/6-tips-til-at-planlaegge-vandreferien,/om-os/kontakt,chrome,1
/blog/6-tips-til-at-planlaegge-vandreferien,/om-os/medarbejdere,chrome,1
/blog/6-tips-til-at-planlaegge-vandreferien,/om-os/rejseledere,chrome,1
/blog/6-tips-til-at-planlaegge-vandreferien,/portugal/madeira,content,1
/blog/6-tips-til-at-planlaegge-vandreferien,/privatlivspolitik,chrome,1
/blog/6-tips-til-at-planlaegge-vandreferien,/rejseforsikring,chrome,1
/blog/6-tips-til-at-planlaegge-vandreferien,/rejsekalender,chrome,1
/blog/6-tips-til-at-planlaegge-vandreferien,/transformation,chrome,1
/blog/6-tips-til-at-planlaegge-vandreferien,/vandreferier,content,1
/blog/baltikum-og-de-oversete-fortaellinger,/,chrome,1
/blog/baltikum-og-de-oversete-fortaellinger,/baltikum,content,1
/blog/baltikum-og-de-oversete-fortaellinger,/blog,chrome,1
/blog/baltikum-og-de-oversete-fortaellinger,/cookie-politik,chrome,1
/blog/baltikum-og-de-oversete-fortaellinger,/estland,content,1
/blog/baltikum-og-de-oversete-fortaellinger,/estland/tallinn,content,1
/blog/baltikum-og-de-oversete-fortaellinger,/faq,chrome,1
/blog/baltikum-og-de-oversete-fortaellinger,/gavekort,chrome,1
/blog/baltikum-og-de-oversete-fortaellinger,/historiske-rejser,content,1
/blog/baltikum-og-de-oversete-fortaellinger,/katalog,chrome,1
/blog/baltikum-og-de-oversete-fortaellinger,/letland,content,1
/blog/baltikum-og-de-oversete-fortaellinger,/letland/riga,content,1
/blog/baltikum-og-de-oversete-fortaellinger,/litauen,content,1
/blog/baltikum-og-de-oversete-fortaellinger,/litauen/vilnius,content,1
/blog/baltikum-og-de-oversete-fortaellinger,/nyhedsbrev,chrome,1
/blog/baltikum-og-de-oversete-fortaellinger,/om-os/kontakt,chrome,1
/blog/baltikum-og-de-oversete-fortaellinger,/om-os/medarbejdere,chrome,1
/blog/baltikum-og-de-oversete-fortaellinger,/om-os/rejseledere,chrome,1
/blog/baltikum-og-de-oversete-fortaellinger,/privatlivspolitik,chrome,1
/blog/baltikum-og-de-oversete-fortaellinger,/rejseforsikring,chrome,1
/blog/baltikum-og-de-oversete-fortaellinger,/rejsekalender,chrome,1
/blog/baltikum-og-de-oversete-fortaellinger,/transformation,chrome,1
/blog/barcelonas-bedste-bydele,/,chrome,1
/blog/barcelonas-bedste-bydele,/blog,chrome,1
/blog/barcelonas-bedste-bydele,/cookie-politik,chrome,1
/blog/barcelonas-bedste-bydele,/faq,chrome,1
/blog/barcelonas-bedste-bydele,/gavekort,chrome,1
/blog/barcelonas-bedste-bydele,/katalog,chrome,1
/blog/barcelonas-bedste-bydele,/nyhedsbrev,chrome,1
/blog/barcelonas-bedste-bydele,/om-os/kontakt,chrome,1
/blog/barcelonas-bedste-bydele,/om-os/medarbejdere,chrome,1
/blog/barcelonas-bedste-bydele,/om-os/rejseledere,chrome,1
/blog/barcelonas-bedste-bydele,/privatlivspolitik,chrome,1
/blog/barcelonas-bedste-bydele,/rejseforsikring,chrome,1
/blog/barcelonas-bedste-bydele,/rejsekalender,chrome,1
/blog/barcelonas-bedste-bydele,/spanien,content,1
/blog/barcelonas-bedste-bydele,/spanien/barcelona,content,1
/blog/barcelonas-bedste-bydele,/spanien/madrid,content,1
/blog/barcelonas-bedste-bydele,/transformation,chrome,1
/blog/blomsterfestival-paa-madeira,/,chrome,1
/blog/blomsterfestival-paa-madeira,/blog,chrome,1
/blog/blomsterfestival-paa-madeira,/cookie-politik,chrome,1
/blog/blomsterfestival-paa-madeira,/faq,chrome,1
/blog/blomsterfestival-paa-madeira,/gavekort,chrome,1
/blog/blomsterfestival-paa-madeira,/katalog,chrome,1
/blog/blomsterfestival-paa-madeira,/naturrejser/blomsterrejser,content,1
/blog/blomsterfestival-paa-madeira,/nyhedsbrev,chrome,1
/blog/blomsterfestival-paa-madeira,/om-os/kontakt,chrome,1
/blog/blomsterfestival-paa-madeira,/om-os/medarbejdere,chrome,1
/blog/blomsterfestival-paa-madeira,/om-os/rejseledere,chrome,1
/blog/blomsterfestival-paa-madeira,/portugal,content,1
/blog/blomsterfestival-paa-madeira,/portugal/madeira,content,1
/blog/blomsterfestival-paa-madeira,/privatlivspolitik,chrome,1
/blog/blomsterfestival-paa-madeira,/rejseforsikring,chrome,1
/blog/blomsterfestival-paa-madeira,/rejsekalender,chrome,1
/blog/blomsterfestival-paa-madeira,/transformation,chrome,1
/blog/caminito-del-rey-malaga-andalusien,/,chrome,1
/blog/caminito-del-rey-malaga-andalusien,/blog,chrome,1
/blog/caminito-del-rey-malaga-andalusien,/cookie-politik,chrome,1
/blog/caminito-del-rey-malaga-andalusien,/faq,chrome,1
/blog/caminito-del-rey-malaga-andalusien,/gavekort,chrome,1
/blog/caminito-del-rey-malaga-andalusien,/katalog,chrome,1
/blog/caminito-del-rey-malaga-andalusien,/nyhedsbrev,chrome,1
/blog/caminito-del-rey-malaga-andalusien,/om-os/kontakt,chrome,1
/blog/caminito-del-rey-malaga-andalusien,/om-os/medarbejdere,chrome,1
/blog/caminito-del-rey-malaga-andalusien,/om-os/rejseledere,chrome,1
/blog/caminito-del-rey-malaga-andalusien,/privatlivspolitik,chrome,1
/blog/caminito-del-rey-malaga-andalusien,/rejseforsikring,chrome,1
/blog/caminito-del-rey-malaga-andalusien,/rejsekalender,chrome,1
/blog/caminito-del-rey-malaga-andalusien,/spanien/andalusien,content,1
/blog/caminito-del-rey-malaga-andalusien,/spanien/malaga,content,1
/blog/caminito-del-rey-malaga-andalusien,/transformation,chrome,1
/blog/cataloniens-mad-og-vin,/,chrome,1
/blog/cataloniens-mad-og-vin,/blog,chrome,1
/blog/cataloniens-mad-og-vin,/cookie-politik,chrome,1
/blog/cataloniens-mad-og-vin,/faq,chrome,1
/blog/cataloniens-mad-og-vin,/gavekort,chrome,1
/blog/cataloniens-mad-og-vin,/katalog,chrome,1
/blog/cataloniens-mad-og-vin,/madrejser/gastronomirejser,content,1
/blog/cataloniens-mad-og-vin,/nyhedsbrev,chrome,1
/blog/cataloniens-mad-og-vin,/om-os/kontakt,chrome,1
/blog/cataloniens-mad-og-vin,/om-os/medarbejdere,chrome,1
/blog/cataloniens-mad-og-vin,/om-os/rejseledere,chrome,1
/blog/cataloniens-mad-og-vin,/privatlivspolitik,chrome,1
/blog/cataloniens-mad-og-vin,/rejseforsikring,chrome,1
/blog/cataloniens-mad-og-vin,/rejsekalender,chrome,1
/blog/cataloniens-mad-og-vin,/sommerrejser,content,1
/blog/cataloniens-mad-og-vin,/spanien,content,1
/blog/cataloniens-mad-og-vin,/spanien/barcelona,content,1
/blog/cataloniens-mad-og-vin,/transformation,chrome,1
/blog/cataloniens-mad-og-vin,/vinrejser,content,1
/blog/cataloniens-mad-og-vin,/vinterrejser,content,1
/blog/cinque-terre-fem-smaa-byer,/,chrome,1
/blog/cinque-terre-fem-smaa-byer,/blog,chrome,1
/blog/cinque-terre-fem-smaa-byer,/cookie-politik,chrome,1
/blog/cinque-terre-fem-smaa-byer,/faq,chrome,1
/blog/cinque-terre-fem-smaa-byer,/gavekort,chrome,1
/blog/cinque-terre-fem-smaa-byer,/historiske-rejser,content,1
/blog/cinque-terre-fem-smaa-byer,/italien,content,1
/blog/cinque-terre-fem-smaa-byer,/italien/cinque-terre,content,1
/blog/cinque-terre-fem-smaa-byer,/italien/norditalien,content,1
/blog/cinque-terre-fem-smaa-byer,/katalog,chrome,1
/blog/cinque-terre-fem-smaa-byer,/madrejser,content,1
/blog/cinque-terre-fem-smaa-byer,/madrejser/gastronomirejser,content,1
/blog/cinque-terre-fem-smaa-byer,/naturrejser,content,1
/blog/cinque-terre-fem-smaa-byer,/naturrejser/blomsterrejser,content,1
/blog/cinque-terre-fem-smaa-byer,/nyhedsbrev,chrome,1
/blog/cinque-terre-fem-smaa-byer,/om-os/kontakt,chrome,1
/blog/cinque-terre-fem-smaa-byer,/om-os/medarbejdere,chrome,1
/blog/cinque-terre-fem-smaa-byer,/om-os/rejseledere,chrome,1
/blog/cinque-terre-fem-smaa-byer,/privatlivspolitik,chrome,1
/blog/cinque-terre-fem-smaa-byer,/rejseforsikring,chrome,1
/blog/cinque-terre-fem-smaa-byer,/rejsekalender,chrome,1
/blog/cinque-terre-fem-smaa-byer,/togrejser,content,1
/blog/cinque-terre-fem-smaa-byer,/transformation,chrome,1
/blog/cinque-terre-fem-smaa-byer,/vandreferier,content,1
/blog/cinque-terre-fem-smaa-byer,/vinrejser,content,1
/blog/coimbra-portugals-gamle-universitetsby,/,chrome,1
/blog/coimbra-portugals-gamle-universitetsby,/blog,chrome,1
/blog/coimbra-portugals-gamle-universitetsby,/cookie-politik,chrome,1
/blog/coimbra-portugals-gamle-universitetsby,/faq,chrome,1
/blog/coimbra-portugals-gamle-universitetsby,/gavekort,chrome,1
/blog/coimbra-portugals-gamle-universitetsby,/historiske-rejser,content,1
/blog/coimbra-portugals-gamle-universitetsby,/katalog,chrome,1
/blog/coimbra-portugals-gamle-universitetsby,/nyhedsbrev,chrome,1
/blog/coimbra-portugals-gamle-universitetsby,/om-os/kontakt,chrome,1
/blog/coimbra-portugals-gamle-universitetsby,/om-os/medarbejdere,chrome,1
/blog/coimbra-portugals-gamle-universitetsby,/om-os/rejseledere,chrome,1
/blog/coimbra-portugals-gamle-universitetsby,/portugal,content,1
/blog/coimbra-portugals-gamle-universitetsby,/privatlivspolitik,chrome,1
/blog/coimbra-portugals-gamle-universitetsby,/rejseforsikring,chrome,1
/blog/coimbra-portugals-gamle-universitetsby,/rejsekalender,chrome,1
/blog/coimbra-portugals-gamle-universitetsby,/transformation,chrome,1
/blog/dagbog-fra-madeira,/,chrome,1
/blog/dagbog-fra-madeira,/blog,chrome,1
/blog/dagbog-fra-madeira,/cookie-politik,chrome,1
/blog/dagbog-fra-madeira,/faq,chrome,1
/blog/dagbog-fra-madeira,/gavekort,chrome,1
/blog/dagbog-fra-madeira,/historiske-rejser,content,1
/blog/dagbog-fra-madeira,/katalog,chrome,1
/blog/dagbog-fra-madeira,/madrejser,content,1
/blog/dagbog-fra-madeira,/nyhedsbrev,chrome,1
/blog/dagbog-fra-madeira,/om-os/kontakt,chrome,1
/blog/dagbog-fra-madeira,/om-os/medarbejdere,chrome,1
/blog/dagbog-fra-madeira,/om-os/rejseledere,chrome,1
/blog/dagbog-fra-madeira,/portugal,content,1
/blog/dagbog-fra-madeira,/portugal/madeira,content,1
/blog/dagbog-fra-madeira,/privatlivspolitik,chrome,1
/blog/dagbog-fra-madeira,/rejseforsikring,chrome,1
/blog/dagbog-fra-madeira,/rejsekalender,chrome,1
/blog/dagbog-fra-madeira,/transformation,chrome,1
/blog/dagbog-fra-madeira,/vandreferier,content,1
/blog/dagbog-fra-madeira,/vinrejser,content,1
/blog/det-skaeve-taarn-i-pisa,/,chrome,1
/blog/det-skaeve-taarn-i-pisa,/blog,chrome,1
/blog/det-skaeve-taarn-i-pisa,/cookie-politik,chrome,1
/blog/det-skaeve-taarn-i-pisa,/faq,chrome,1
/blog/det-skaeve-taarn-i-pisa,/gavekort,chrome,1
/blog/det-skaeve-taarn-i-pisa,/historiske-rejser,content,1
/blog/det-skaeve-taarn-i-pisa,/italien,content,1
/blog/det-skaeve-taarn-i-pisa,/katalog,chrome,1
/blog/det-skaeve-taarn-i-pisa,/nyhedsbrev,chrome,1
/blog/det-skaeve-taarn-i-pisa,/om-os/kontakt,chrome,1
/blog/det-skaeve-taarn-i-pisa,/om-os/medarbejdere,chrome,1
/blog/det-skaeve-taarn-i-pisa,/om-os/rejseledere,chrome,1
/blog/det-skaeve-taarn-i-pisa,/privatlivspolitik,chrome,1
/blog/det-skaeve-taarn-i-pisa,/rejseforsikring,chrome,1
/blog/det-skaeve-taarn-i-pisa,/rejsekalender,chrome,1
/blog/det-skaeve-taarn-i-pisa,/transformation,chrome,1
/blog/det-specielle-guggenheim-museum-i-bilbao,/,chrome,1
/blog/det-specielle-guggenheim-museum-i-bilbao,/blog,chrome,1
/blog/det-specielle-guggenheim-museum-i-bilbao,/cookie-politik,chrome,1
/blog/det-specielle-guggenheim-museum-i-bilbao,/faq,chrome,1
/blog/det-specielle-guggenheim-museum-i-bilbao,/gavekort,chrome,1
/blog/det-specielle-guggenheim-museum-i-bilbao,/katalog,chrome,1
/blog/det-specielle-guggenheim-museum-i-bilbao,/nyhedsbrev,chrome,1
/blog/det-specielle-guggenheim-museum-i-bilbao,/om-os/kontakt,chrome,1
/blog/det-specielle-guggenheim-museum-i-bilbao,/om-os/medarbejdere,chrome,1
/blog/det-specielle-guggenheim-museum-i-bilbao,/om-os/rejseledere,chrome,1
/blog/det-specielle-guggenheim-museum-i-bilbao,/privatlivspolitik,chrome,1
/blog/det-specielle-guggenheim-museum-i-bilbao,/rejseforsikring,chrome,1
/blog/det-specielle-guggenheim-museum-i-bilbao,/rejsekalender,chrome,1
/blog/det-specielle-guggenheim-museum-i-bilbao,/spanien,content,1
/blog/det-specielle-guggenheim-museum-i-bilbao,/spanien/bilbao,content,1
/blog/det-specielle-guggenheim-museum-i-bilbao,/transformation,chrome,1
/blog/dette-kan-du-ogsaa-opleve-paa-sicilien,/,chrome,1
/blog/dette-kan-du-ogsaa-opleve-paa-sicilien,/afrika,content,1
/blog/dette-kan-du-ogsaa-opleve-paa-sicilien,/blog,chrome,1
/blog/dette-kan-du-ogsaa-opleve-paa-sicilien,/cookie-politik,chrome,1
/blog/dette-kan-du-ogsaa-opleve-paa-sicilien,/faq,chrome,1
/blog/dette-kan-du-ogsaa-opleve-paa-sicilien,/gavekort,chrome,1
/blog/dette-kan-du-ogsaa-opleve-paa-sicilien,/italien,content,1
/blog/dette-kan-du-ogsaa-opleve-paa-sicilien,/italien/sicilien,content,1
/blog/dette-kan-du-ogsaa-opleve-paa-sicilien,/italien/syditalien,content,1
/blog/dette-kan-du-ogsaa-opleve-paa-sicilien,/jul-og-nytaar/julerejser,content,1
/blog/dette-kan-du-ogsaa-opleve-paa-sicilien,/katalog,chrome,1
/blog/dette-kan-du-ogsaa-opleve-paa-sicilien,/kulturrejser,content,1
/blog/dette-kan-du-ogsaa-opleve-paa-sicilien,/naturrejser,content,1
/blog/dette-kan-du-ogsaa-opleve-paa-sicilien,/naturrejser/blomsterrejser,content,1
/blog/dette-kan-du-ogsaa-opleve-paa-sicilien,/nyhedsbrev,chrome,1
/blog/dette-kan-du-ogsaa-opleve-paa-sicilien,/om-os/kontakt,chrome,1
/blog/dette-kan-du-ogsaa-opleve-paa-sicilien,/om-os/medarbejdere,chrome,1
/blog/dette-kan-du-ogsaa-opleve-paa-sicilien,/om-os/rejseledere,chrome,1
/blog/dette-kan-du-ogsaa-opleve-paa-sicilien,/privatlivspolitik,chrome,1
/blog/dette-kan-du-ogsaa-opleve-paa-sicilien,/rejseforsikring,chrome,1
/blog/dette-kan-du-ogsaa-opleve-paa-sicilien,/rejsekalender,chrome,1
/blog/dette-kan-du-ogsaa-opleve-paa-sicilien,/transformation,chrome,1
/blog/en-lidenskabelig-rejse-gennem-myternes-rige,/,chrome,1
/blog/en-lidenskabelig-rejse-gennem-myternes-rige,/blog,chrome,1
/blog/en-lidenskabelig-rejse-gennem-myternes-rige,/cookie-politik,chrome,1
/blog/en-lidenskabelig-rejse-gennem-myternes-rige,/cypern,content,1
/blog/en-lidenskabelig-rejse-gennem-myternes-rige,/europa,content,1
/blog/en-lidenskabelig-rejse-gennem-myternes-rige,/faq,chrome,1
/blog/en-lidenskabelig-rejse-gennem-myternes-rige,/gavekort,chrome,1
/blog/en-lidenskabelig-rejse-gennem-myternes-rige,/graekenland,content,1
/blog/en-lidenskabelig-rejse-gennem-myternes-rige,/historiske-rejser,content,1
/blog/en-lidenskabelig-rejse-gennem-myternes-rige,/katalog,chrome,1
/blog/en-lidenskabelig-rejse-gennem-myternes-rige,/kulturrejser,content,1
/blog/en-lidenskabelig-rejse-gennem-myternes-rige,/nyhedsbrev,chrome,1
/blog/en-lidenskabelig-rejse-gennem-myternes-rige,/om-os/kontakt,chrome,1
/blog/en-lidenskabelig-rejse-gennem-myternes-rige,/om-os/medarbejdere,chrome,1
/blog/en-lidenskabelig-rejse-gennem-myternes-rige,/om-os/rejseledere,chrome,1
/blog/en-lidenskabelig-rejse-gennem-myternes-rige,/privatlivspolitik,chrome,1
/blog/en-lidenskabelig-rejse-gennem-myternes-rige,/rejseforsikring,chrome,1
/blog/en-lidenskabelig-rejse-gennem-myternes-rige,/rejsekalender,chrome,1
/blog/en-lidenskabelig-rejse-gennem-myternes-rige,/transformation,chrome,1
/blog/en-rejseberetning-fra-sicilien,/,chrome,1
/blog/en-rejseberetning-fra-sicilien,/blog,chrome,1
/blog/en-rejseberetning-fra-sicilien,/cookie-politik,chrome,1
/blog/en-rejseberetning-fra-sicilien,/faq,chrome,1
/blog/en-rejseberetning-fra-sicilien,/gavekort,chrome,1
/blog/en-rejseberetning-fra-sicilien,/graekenland,content,1
/blog/en-rejseberetning-fra-sicilien,/italien,content,1
/blog/en-rejseberetning-fra-sicilien,/italien/sicilien,content,1
/blog/en-rejseberetning-fra-sicilien,/katalog,chrome,1
/blog/en-rejseberetning-fra-sicilien,/madrejser,content,1
/blog/en-rejseberetning-fra-sicilien,/nyhedsbrev,chrome,1
/blog/en-rejseberetning-fra-sicilien,/om-os/kontakt,chrome,1
/blog/en-rejseberetning-fra-sicilien,/om-os/medarbejdere,chrome,1
/blog/en-rejseberetning-fra-sicilien,/om-os/rejseledere,chrome,1
/blog/en-rejseberetning-fra-sicilien,/privatlivspolitik,chrome,1
/blog/en-rejseberetning-fra-sicilien,/rejseforsikring,chrome,1
/blog/en-rejseberetning-fra-sicilien,/rejsekalender,chrome,1
/blog/en-rejseberetning-fra-sicilien,/transformation,chrome,1
/blog/en-rejseberetning-fra-sicilien,/vinrejser,content,1
/blog/en-rejseberetning-fra-toscana-og-umbrien,/,chrome,1
/blog/en-rejseberetning-fra-toscana-og-umbrien,/blog,chrome,1
/blog/en-rejseberetning-fra-toscana-og-umbrien,/cookie-politik,chrome,1
/blog/en-rejseberetning-fra-toscana-og-umbrien,/faq,chrome,1
/blog/en-rejseberetning-fra-toscana-og-umbrien,/gavekort,chrome,1
/blog/en-rejseberetning-fra-toscana-og-umbrien,/historiske-rejser,content,1
/blog/en-rejseberetning-fra-toscana-og-umbrien,/italien,content,1
/blog/en-rejseberetning-fra-toscana-og-umbrien,/italien/toscana,content,1
/blog/en-rejseberetning-fra-toscana-og-umbrien,/italien/umbrien,content,1
/blog/en-rejseberetning-fra-toscana-og-umbrien,/katalog,chrome,1
/blog/en-rejseberetning-fra-toscana-og-umbrien,/madrejser,content,1
/blog/en-rejseberetning-fra-toscana-og-umbrien,/nyhedsbrev,chrome,1
/blog/en-rejseberetning-fra-toscana-og-umbrien,/om-os/kontakt,chrome,1
/blog/en-rejseberetning-fra-toscana-og-umbrien,/om-os/medarbejdere,chrome,1
/blog/en-rejseberetning-fra-toscana-og-umbrien,/om-os/rejseledere,chrome,1
/blog/en-rejseberetning-fra-toscana-og-umbrien,/privatlivspolitik,chrome,1
/blog/en-rejseberetning-fra-toscana-og-umbrien,/rejseforsikring,chrome,1
/blog/en-rejseberetning-fra-toscana-og-umbrien,/rejsekalender,chrome,1
/blog/en-rejseberetning-fra-toscana-og-umbrien,/transformation,chrome,1
/blog/en-rejseberetning-fra-toscana-og-umbrien,/vinrejser,content,1
/blog/fabelagtige-faeroeerne-en-rejseberetning,/,chrome,1
/blog/fabelagtige-faeroeerne-en-rejseberetning,/blog,chrome,1
/blog/fabelagtige-faeroeerne-en-rejseberetning,/cookie-politik,chrome,1
/blog/fabelagtige-faeroeerne-en-rejseberetning,/faeroeerne,content,1
/blog/fabelagtige-faeroeerne-en-rejseberetning,/faeroeerne/torshavn,content,1
/blog/fabelagtige-faeroeerne-en-rejseberetning,/faq,chrome,1
/blog/fabelagtige-faeroeerne-en-rejseberetning,/gavekort,chrome,1
/blog/fabelagtige-faeroeerne-en-rejseberetning,/katalog,chrome,1
/blog/fabelagtige-faeroeerne-en-rejseberetning,/naturrejser,content,1
/blog/fabelagtige-faeroeerne-en-rejseberetning,/nyhedsbrev,chrome,1
/blog/fabelagtige-faeroeerne-en-rejseberetning,/om-os/kontakt,chrome,1
/blog/fabelagtige-faeroeerne-en-rejseberetning,/om-os/medarbejdere,chrome,1
/blog/fabelagtige-faeroeerne-en-rejseberetning,/om-os/rejseledere,chrome,1
/blog/fabelagtige-faeroeerne-en-rejseberetning,/privatlivspolitik,chrome,1
/blog/fabelagtige-faeroeerne-en-rejseberetning,/rejseforsikring,chrome,1
/blog/fabelagtige-faeroeerne-en-rejseberetning,/rejsekalender,chrome,1
/blog/fabelagtige-faeroeerne-en-rejseberetning,/transformation,chrome,1
/blog/fra-sten-til-vin-pa-azorerne,/,chrome,1
/blog/fra-sten-til-vin-pa-azorerne,/blog,chrome,1
/blog/fra-sten-til-vin-pa-azorerne,/cookie-politik,chrome,1
/blog/fra-sten-til-vin-pa-azorerne,/faq,chrome,1
/blog/fra-sten-til-vin-pa-azorerne,/gavekort,chrome,1
/blog/fra-sten-til-vin-pa-azorerne,/katalog,chrome,1
/blog/fra-sten-til-vin-pa-azorerne,/nyhedsbrev,chrome,1
/blog/fra-sten-til-vin-pa-azorerne,/om-os/kontakt,chrome,1
/blog/fra-sten-til-vin-pa-azorerne,/om-os/medarbejdere,chrome,1
/blog/fra-sten-til-vin-pa-azorerne,/om-os/rejseledere,chrome,1
/blog/fra-sten-til-vin-pa-azorerne,/portugal,content,1
/blog/fra-sten-til-vin-pa-azorerne,/portugal/azorerne,content,1
/blog/fra-sten-til-vin-pa-azorerne,/privatlivspolitik,chrome,1
/blog/fra-sten-til-vin-pa-azorerne,/rejseforsikring,chrome,1
/blog/fra-sten-til-vin-pa-azorerne,/rejsekalender,chrome,1
/blog/fra-sten-til-vin-pa-azorerne,/transformation,chrome,1
/blog/funchal-atlanterhavets-kulturelle-skat,/,chrome,1
/blog/funchal-atlanterhavets-kulturelle-skat,/afrika,content,1
/blog/funchal-atlanterhavets-kulturelle-skat,/blog,chrome,1
/blog/funchal-atlanterhavets-kulturelle-skat,/cookie-politik,chrome,1
/blog/funchal-atlanterhavets-kulturelle-skat,/faq,chrome,1
/blog/funchal-atlanterhavets-kulturelle-skat,/gavekort,chrome,1
/blog/funchal-atlanterhavets-kulturelle-skat,/historiske-rejser,content,1
/blog/funchal-atlanterhavets-kulturelle-skat,/katalog,chrome,1
/blog/funchal-atlanterhavets-kulturelle-skat,/kulturrejser,content,1
/blog/funchal-atlanterhavets-kulturelle-skat,/madrejser,content,1
/blog/funchal-atlanterhavets-kulturelle-skat,/naturrejser,content,1
/blog/funchal-atlanterhavets-kulturelle-skat,/naturrejser/haverejser,content,1
/blog/funchal-atlanterhavets-kulturelle-skat,/nyhedsbrev,chrome,1
/blog/funchal-atlanterhavets-kulturelle-skat,/om-os/kontakt,chrome,1
/blog/funchal-atlanterhavets-kulturelle-skat,/om-os/medarbejdere,chrome,1
/blog/funchal-atlanterhavets-kulturelle-skat,/om-os/rejseledere,chrome,1
/blog/funchal-atlanterhavets-kulturelle-skat,/portugal,content,1
/blog/funchal-atlanterhavets-kulturelle-skat,/portugal/madeira,content,1
/blog/funchal-atlanterhavets-kulturelle-skat,/privatlivspolitik,chrome,1
/blog/funchal-atlanterhavets-kulturelle-skat,/rejseforsikring,chrome,1
/blog/funchal-atlanterhavets-kulturelle-skat,/rejsekalender,chrome,1
/blog/funchal-atlanterhavets-kulturelle-skat,/transformation,chrome,1
/blog/graesk-vin-en-overset-perle,/,chrome,1
/blog/graesk-vin-en-overset-perle,/blog,chrome,1
/blog/graesk-vin-en-overset-perle,/cookie-politik,chrome,1
/blog/graesk-vin-en-overset-perle,/faq,chrome,1
/blog/graesk-vin-en-overset-perle,/frankrig,content,1
/blog/graesk-vin-en-overset-perle,/gavekort,chrome,1
/blog/graesk-vin-en-overset-perle,/graekenland,content,1
/blog/graesk-vin-en-overset-perle,/graekenland/peloponnes,content,1
/blog/graesk-vin-en-overset-perle,/graekenland/santorini,content,1
/blog/graesk-vin-en-overset-perle,/historiske-rejser,content,1
/blog/graesk-vin-en-overset-perle,/katalog,chrome,1
/blog/graesk-vin-en-overset-perle,/kulturrejser,content,1
/blog/graesk-vin-en-overset-perle,/madrejser,content,1
/blog/graesk-vin-en-overset-perle,/nyhedsbrev,chrome,1
/blog/graesk-vin-en-overset-perle,/om-os/kontakt,chrome,1
/blog/graesk-vin-en-overset-perle,/om-os/medarbejdere,chrome,1
/blog/graesk-vin-en-overset-perle,/om-os/rejseledere,chrome,1
/blog/graesk-vin-en-overset-perle,/privatlivspolitik,chrome,1
/blog/graesk-vin-en-overset-perle,/rejseforsikring,chrome,1
/blog/graesk-vin-en-overset-perle,/rejsekalender,chrome,1
/blog/graesk-vin-en-overset-perle,/transformation,chrome,1
/blog/graesk-vin-en-overset-perle,/vinrejser,content,1
/blog/h-c-andersen-paa-amalfikysten,/,chrome,1
/blog/h-c-andersen-paa-amalfikysten,/blog,chrome,1
/blog/h-c-andersen-paa-amalfikysten,/cookie-politik,chrome,1
/blog/h-c-andersen-paa-amalfikysten,/faq,chrome,1
/blog/h-c-andersen-paa-amalfikysten,/frankrig,content,1
/blog/h-c-andersen-paa-amalfikysten,/frankrig/paris,content,1
/blog/h-c-andersen-paa-amalfikysten,/gavekort,chrome,1
/blog/h-c-andersen-paa-amalfikysten,/italien,content,1
/blog/h-c-andersen-paa-amalfikysten,/italien/amalfi,content,1
/blog/h-c-andersen-paa-amalfikysten,/italien/amalfikysten,content,1
/blog/h-c-andersen-paa-amalfikysten,/italien/firenze,content,1
/blog/h-c-andersen-paa-amalfikysten,/italien/milano,content,1
/blog/h-c-andersen-paa-amalfikysten,/italien/napoli,content,1
/blog/h-c-andersen-paa-amalfikysten,/italien/pompeji,content,1
/blog/h-c-andersen-paa-amalfikysten,/italien/rom,content,1
/blog/h-c-andersen-paa-amalfikysten,/katalog,chrome,1
/blog/h-c-andersen-paa-amalfikysten,/nyhedsbrev,chrome,1
/blog/h-c-andersen-paa-amalfikysten,/om-os/kontakt,chrome,1
/blog/h-c-andersen-paa-amalfikysten,/om-os/medarbejdere,chrome,1
/blog/h-c-andersen-paa-amalfikysten,/om-os/rejseledere,chrome,1
/blog/h-c-andersen-paa-amalfikysten,/privatlivspolitik,chrome,1
/blog/h-c-andersen-paa-amalfikysten,/rejseforsikring,chrome,1
/blog/h-c-andersen-paa-amalfikysten,/rejsekalender,chrome,1
/blog/h-c-andersen-paa-amalfikysten,/transformation,chrome,1
/blog/h-c-andersen-paa-amalfikysten,/tyskland,content,1
/blog/haverejser-og-havebegreber,/,chrome,1
/blog/haverejser-og-havebegreber,/blog,chrome,1
/blog/haverejser-og-havebegreber,/cookie-politik,chrome,1
/blog/haverejser-og-havebegreber,/england/london,content,1
/blog/haverejser-og-havebegreber,/england/oxford,content,1
/blog/haverejser-og-havebegreber,/faq,chrome,1
/blog/haverejser-og-havebegreber,/gavekort,chrome,1
/blog/haverejser-og-havebegreber,/katalog,chrome,1
/blog/haverejser-og-havebegreber,/naturrejser/haverejser,content,1
/blog/haverejser-og-havebegreber,/nyhedsbrev,chrome,1
/blog/haverejser-og-havebegreber,/om-os/kontakt,chrome,1
/blog/haverejser-og-havebegreber,/om-os/medarbejdere,chrome,1
/blog/haverejser-og-havebegreber,/om-os/rejseledere,chrome,1
/blog/haverejser-og-havebegreber,/privatlivspolitik,chrome,1
/blog/haverejser-og-havebegreber,/rejseforsikring,chrome,1
/blog/haverejser-og-havebegreber,/rejsekalender,chrome,1
/blog/haverejser-og-havebegreber,/transformation,chrome,1
/blog/jordan-en-rejseberetning,/,chrome,1
/blog/jordan-en-rejseberetning,/blog,chrome,1
/blog/jordan-en-rejseberetning,/cookie-politik,chrome,1
/blog/jordan-en-rejseberetning,/europa,content,1
/blog/jordan-en-rejseberetning,/faq,chrome,1
/blog/jordan-en-rejseberetning,/gavekort,chrome,1
/blog/jordan-en-rejseberetning,/jordan,content,1
/blog/jordan-en-rejseberetning,/katalog,chrome,1
/blog/jordan-en-rejseberetning,/nyhedsbrev,chrome,1
/blog/jordan-en-rejseberetning,/om-os/kontakt,chrome,1
/blog/jordan-en-rejseberetning,/om-os/medarbejdere,chrome,1
/blog/jordan-en-rejseberetning,/om-os/rejseledere,chrome,1
/blog/jordan-en-rejseberetning,/privatlivspolitik,chrome,1
/blog/jordan-en-rejseberetning,/rejseforsikring,chrome,1
/blog/jordan-en-rejseberetning,/rejsekalender,chrome,1
/blog/jordan-en-rejseberetning,/transformation,chrome,1
/blog/jul-og-nytaar-paa-madeira,/,chrome,1
/blog/jul-og-nytaar-paa-madeira,/blog,chrome,1
/blog/jul-og-nytaar-paa-madeira,/cookie-politik,chrome,1
/blog/jul-og-nytaar-paa-madeira,/faq,chrome,1
/blog/jul-og-nytaar-paa-madeira,/gavekort,chrome,1
/blog/jul-og-nytaar-paa-madeira,/jul-og-nytaar/julerejser,content,1
/blog/jul-og-nytaar-paa-madeira,/jul-og-nytaar/nytaars-rejser,content,1
/blog/jul-og-nytaar-paa-madeira,/katalog,chrome,1
/blog/jul-og-nytaar-paa-madeira,/nyhedsbrev,chrome,1
/blog/jul-og-nytaar-paa-madeira,/om-os/kontakt,chrome,1
/blog/jul-og-nytaar-paa-madeira,/om-os/medarbejdere,chrome,1
/blog/jul-og-nytaar-paa-madeira,/om-os/rejseledere,chrome,1
/blog/jul-og-nytaar-paa-madeira,/portugal/madeira,content,1
/blog/jul-og-nytaar-paa-madeira,/privatlivspolitik,chrome,1
/blog/jul-og-nytaar-paa-madeira,/rejseforsikring,chrome,1
/blog/jul-og-nytaar-paa-madeira,/rejsekalender,chrome,1
/blog/jul-og-nytaar-paa-madeira,/transformation,chrome,1
/blog/kender-du-disse-tre-kirker-i-rom,/,chrome,1
/blog/kender-du-disse-tre-kirker-i-rom,/blog,chrome,1
/blog/kender-du-disse-tre-kirker-i-rom,/cookie-politik,chrome,1
/blog/kender-du-disse-tre-kirker-i-rom,/faq,chrome,1
/blog/kender-du-disse-tre-kirker-i-rom,/gavekort,chrome,1
/blog/kender-du-disse-tre-kirker-i-rom,/italien,content,1
/blog/kender-du-disse-tre-kirker-i-rom,/italien/rom,content,1
/blog/kender-du-disse-tre-kirker-i-rom,/katalog,chrome,1
/blog/kender-du-disse-tre-kirker-i-rom,/nyhedsbrev,chrome,1
/blog/kender-du-disse-tre-kirker-i-rom,/om-os/kontakt,chrome,1
/blog/kender-du-disse-tre-kirker-i-rom,/om-os/medarbejdere,chrome,1
/blog/kender-du-disse-tre-kirker-i-rom,/om-os/rejseledere,chrome,1
/blog/kender-du-disse-tre-kirker-i-rom,/privatlivspolitik,chrome,1
/blog/kender-du-disse-tre-kirker-i-rom,/rejseforsikring,chrome,1
/blog/kender-du-disse-tre-kirker-i-rom,/rejsekalender,chrome,1
/blog/kender-du-disse-tre-kirker-i-rom,/transformation,chrome,1
/blog/kroatien-en-personlig-kaerlighedshistorie,/,chrome,1
/blog/kroatien-en-personlig-kaerlighedshistorie,/blog,chrome,1
/blog/kroatien-en-personlig-kaerlighedshistorie,/cookie-politik,chrome,1
/blog/kroatien-en-personlig-kaerlighedshistorie,/europa,content,1
/blog/kroatien-en-personlig-kaerlighedshistorie,/faq,chrome,1
/blog/kroatien-en-personlig-kaerlighedshistorie,/gavekort,chrome,1
/blog/kroatien-en-personlig-kaerlighedshistorie,/italien,content,1
/blog/kroatien-en-personlig-kaerlighedshistorie,/katalog,chrome,1
/blog/kroatien-en-personlig-kaerlighedshistorie,/kroatien,content,1
/blog/kroatien-en-personlig-kaerlighedshistorie,/nyhedsbrev,chrome,1
/blog/kroatien-en-personlig-kaerlighedshistorie,/om-os/kontakt,chrome,1
/blog/kroatien-en-personlig-kaerlighedshistorie,/om-os/medarbejdere,chrome,1
/blog/kroatien-en-personlig-kaerlighedshistorie,/om-os/rejseledere,chrome,1
/blog/kroatien-en-personlig-kaerlighedshistorie,/privatlivspolitik,chrome,1
/blog/kroatien-en-personlig-kaerlighedshistorie,/rejseforsikring,chrome,1
/blog/kroatien-en-personlig-kaerlighedshistorie,/rejsekalender,chrome,1
/blog/kroatien-en-personlig-kaerlighedshistorie,/sommerrejser,content,1
/blog/kroatien-en-personlig-kaerlighedshistorie,/transformation,chrome,1
/blog/kunst-og-kultur-under-renaessancen-i-italien,/,chrome,1
/blog/kunst-og-kultur-under-renaessancen-i-italien,/blog,chrome,1
/blog/kunst-og-kultur-under-renaessancen-i-italien,/cookie-politik,chrome,1
/blog/kunst-og-kultur-under-renaessancen-i-italien,/europa,content,1
/blog/kunst-og-kultur-under-renaessancen-i-italien,/faq,chrome,1
/blog/kunst-og-kultur-under-renaessancen-i-italien,/gavekort,chrome,1
/blog/kunst-og-kultur-under-renaessancen-i-italien,/graekenland,content,1
/blog/kunst-og-kultur-under-renaessancen-i-italien,/graekenland/athen,content,1
/blog/kunst-og-kultur-under-renaessancen-i-italien,/italien,content,1
/blog/kunst-og-kultur-under-renaessancen-i-italien,/italien/firenze,content,1
/blog/kunst-og-kultur-under-renaessancen-i-italien,/italien/milano,content,1
/blog/kunst-og-kultur-under-renaessancen-i-italien,/italien/rom,content,1
/blog/kunst-og-kultur-under-renaessancen-i-italien,/italien/toscana,content,1
/blog/kunst-og-kultur-under-renaessancen-i-italien,/italien/venedig,content,1
/blog/kunst-og-kultur-under-renaessancen-i-italien,/katalog,chrome,1
/blog/kunst-og-kultur-under-renaessancen-i-italien,/nyhedsbrev,chrome,1
/blog/kunst-og-kultur-under-renaessancen-i-italien,/om-os/kontakt,chrome,1
/blog/kunst-og-kultur-under-renaessancen-i-italien,/om-os/medarbejdere,chrome,1
/blog/kunst-og-kultur-under-renaessancen-i-italien,/om-os/rejseledere,chrome,1
/blog/kunst-og-kultur-under-renaessancen-i-italien,/privatlivspolitik,chrome,1
/blog/kunst-og-kultur-under-renaessancen-i-italien,/rejseforsikring,chrome,1
/blog/kunst-og-kultur-under-renaessancen-i-italien,/rejsekalender,chrome,1
/blog/kunst-og-kultur-under-renaessancen-i-italien,/transformation,chrome,1
/blog/mad-og-vin-i-italien,/,chrome,1
/blog/mad-og-vin-i-italien,/blog,chrome,1
/blog/mad-og-vin-i-italien,/cookie-politik,chrome,1
/blog/mad-og-vin-i-italien,/faq,chrome,1
/blog/mad-og-vin-i-italien,/gavekort,chrome,1
/blog/mad-og-vin-i-italien,/italien,content,1
/blog/mad-og-vin-i-italien,/italien/toscana,content,1
/blog/mad-og-vin-i-italien,/katalog,chrome,1
/blog/mad-og-vin-i-italien,/madrejser,content,1
/blog/mad-og-vin-i-italien,/madrejser/gastronomirejser,content,1
/blog/mad-og-vin-i-italien,/nyhedsbrev,chrome,1
/blog/mad-og-vin-i-italien,/om-os/kontakt,chrome,1
/blog/mad-og-vin-i-italien,/om-os/medarbejdere,chrome,1
/blog/mad-og-vin-i-italien,/om-os/rejseledere,chrome,1
/blog/mad-og-vin-i-italien,/privatlivspolitik,chrome,1
/blog/mad-og-vin-i-italien,/rejseforsikring,chrome,1
/blog/mad-og-vin-i-italien,/rejsekalender,chrome,1
/blog/mad-og-vin-i-italien,/transformation,chrome,1
/blog/mad-og-vin-i-italien,/vinrejser,content,1
/blog/mad-og-vin-i-porto,/,chrome,1
/blog/mad-og-vin-i-porto,/blog,chrome,1
/blog/mad-og-vin-i-porto,/cookie-politik,chrome,1
/blog/mad-og-vin-i-porto,/faq,chrome,1
/blog/mad-og-vin-i-porto,/frankrig,content,1
/blog/mad-og-vin-i-porto,/gavekort,chrome,1
/blog/mad-og-vin-i-porto,/italien,content,1
/blog/mad-og-vin-i-porto,/katalog,chrome,1
/blog/mad-og-vin-i-porto,/nyhedsbrev,chrome,1
/blog/mad-og-vin-i-porto,/om-os/kontakt,chrome,1
/blog/mad-og-vin-i-porto,/om-os/medarbejdere,chrome,1
/blog/mad-og-vin-i-porto,/om-os/rejseledere,chrome,1
/blog/mad-og-vin-i-porto,/portugal,content,1
/blog/mad-og-vin-i-porto,/privatlivspolitik,chrome,1
/blog/mad-og-vin-i-porto,/rejseforsikring,chrome,1
/blog/mad-og-vin-i-porto,/rejsekalender,chrome,1
/blog/mad-og-vin-i-porto,/transformation,chrome,1
/blog/mad-og-vin-i-porto,/vinrejser,content,1
/blog/mad-og-vin-i-portugal,/,chrome,1
/blog/mad-og-vin-i-portugal,/blog,chrome,1
/blog/mad-og-vin-i-portugal,/cookie-politik,chrome,1
/blog/mad-og-vin-i-portugal,/faq,chrome,1
/blog/mad-og-vin-i-portugal,/gavekort,chrome,1
/blog/mad-og-vin-i-portugal,/katalog,chrome,1
/blog/mad-og-vin-i-portugal,/madrejser,content,1
/blog/mad-og-vin-i-portugal,/nyhedsbrev,chrome,1
/blog/mad-og-vin-i-portugal,/om-os/kontakt,chrome,1
/blog/mad-og-vin-i-portugal,/om-os/medarbejdere,chrome,1
/blog/mad-og-vin-i-portugal,/om-os/rejseledere,chrome,1
/blog/mad-og-vin-i-portugal,/portugal,content,1
/blog/mad-og-vin-i-portugal,/portugal/algarve,content,1
/blog/mad-og-vin-i-portugal,/portugal/azorerne,content,1
/blog/mad-og-vin-i-portugal,/privatlivspolitik,chrome,1
/blog/mad-og-vin-i-portugal,/rejseforsikring,chrome,1
/blog/mad-og-vin-i-portugal,/rejsekalender,chrome,1
/blog/mad-og-vin-i-portugal,/transformation,chrome,1
/blog/mad-og-vin-i-portugal,/vinrejser,content,1
/blog/madeira-vejr-og-klima,/,chrome,1
/blog/madeira-vejr-og-klima,/afrika,content,1
/blog/madeira-vejr-og-klima,/blog,chrome,1
/blog/madeira-vejr-og-klima,/cookie-politik,chrome,1
/blog/madeira-vejr-og-klima,/faq,chrome,1
/blog/madeira-vejr-og-klima,/gavekort,chrome,1
/blog/madeira-vejr-og-klima,/katalog,chrome,1
/blog/madeira-vejr-og-klima,/naturrejser/blomsterrejser,content,1
/blog/madeira-vejr-og-klima,/nyhedsbrev,chrome,1
/blog/madeira-vejr-og-klima,/om-os/kontakt,chrome,1
/blog/madeira-vejr-og-klima,/om-os/medarbejdere,chrome,1
/blog/madeira-vejr-og-klima,/om-os/rejseledere,chrome,1
/blog/madeira-vejr-og-klima,/portugal,content,1
/blog/madeira-vejr-og-klima,/portugal/madeira,content,1
/blog/madeira-vejr-og-klima,/privatlivspolitik,chrome,1
/blog/madeira-vejr-og-klima,/rejseforsikring,chrome,1
/blog/madeira-vejr-og-klima,/rejsekalender,chrome,1
/blog/madeira-vejr-og-klima,/sommerrejser,content,1
/blog/madeira-vejr-og-klima,/spanien/tenerife,content,1
/blog/madeira-vejr-og-klima,/transformation,chrome,1
/blog/madeira-vejr-og-klima,/vinterrejser,content,1
/blog/middelhavsoen-malta,/,chrome,1
/blog/middelhavsoen-malta,/blog,chrome,1
/blog/middelhavsoen-malta,/cookie-politik,chrome,1
/blog/middelhavsoen-malta,/england,content,1
/blog/middelhavsoen-malta,/europa,content,1
/blog/middelhavsoen-malta,/faq,chrome,1
/blog/middelhavsoen-malta,/frankrig,content,1
/blog/middelhavsoen-malta,/gavekort,chrome,1
/blog/middelhavsoen-malta,/italien,content,1
/blog/middelhavsoen-malta,/italien/sicilien,content,1
/blog/middelhavsoen-malta,/katalog,chrome,1
/blog/middelhavsoen-malta,/malta,content,1
/blog/middelhavsoen-malta,/nyhedsbrev,chrome,1
/blog/middelhavsoen-malta,/om-os/kontakt,chrome,1
/blog/middelhavsoen-malta,/om-os/medarbejdere,chrome,1
/blog/middelhavsoen-malta,/om-os/rejseledere,chrome,1
/blog/middelhavsoen-malta,/privatlivspolitik,chrome,1
/blog/middelhavsoen-malta,/rejseforsikring,chrome,1
/blog/middelhavsoen-malta,/rejsekalender,chrome,1
/blog/middelhavsoen-malta,/transformation,chrome,1
/blog/moderne-kulturturisme-arkaeologiens-muligheder,/,chrome,1
/blog/moderne-kulturturisme-arkaeologiens-muligheder,/blog,chrome,1
/blog/moderne-kulturturisme-arkaeologiens-muligheder,/cookie-politik,chrome,1
/blog/moderne-kulturturisme-arkaeologiens-muligheder,/england/london,content,1
/blog/moderne-kulturturisme-arkaeologiens-muligheder,/faq,chrome,1
/blog/moderne-kulturturisme-arkaeologiens-muligheder,/gavekort,chrome,1
/blog/moderne-kulturturisme-arkaeologiens-muligheder,/graekenland,content,1
/blog/moderne-kulturturisme-arkaeologiens-muligheder,/historiske-rejser,content,1
/blog/moderne-kulturturisme-arkaeologiens-muligheder,/italien,content,1
/blog/moderne-kulturturisme-arkaeologiens-muligheder,/italien/amalfikysten,content,1
/blog/moderne-kulturturisme-arkaeologiens-muligheder,/italien/napoli,content,1
/blog/moderne-kulturturisme-arkaeologiens-muligheder,/italien/pompeji,content,1
/blog/moderne-kulturturisme-arkaeologiens-muligheder,/italien/rom,content,1
/blog/moderne-kulturturisme-arkaeologiens-muligheder,/katalog,chrome,1
/blog/moderne-kulturturisme-arkaeologiens-muligheder,/kulturrejser,content,1
/blog/moderne-kulturturisme-arkaeologiens-muligheder,/nyhedsbrev,chrome,1
/blog/moderne-kulturturisme-arkaeologiens-muligheder,/om-os/kontakt,chrome,1
/blog/moderne-kulturturisme-arkaeologiens-muligheder,/om-os/medarbejdere,chrome,1
/blog/moderne-kulturturisme-arkaeologiens-muligheder,/om-os/rejseledere,chrome,1
/blog/moderne-kulturturisme-arkaeologiens-muligheder,/privatlivspolitik,chrome,1
/blog/moderne-kulturturisme-arkaeologiens-muligheder,/rejseforsikring,chrome,1
/blog/moderne-kulturturisme-arkaeologiens-muligheder,/rejsekalender,chrome,1
/blog/moderne-kulturturisme-arkaeologiens-muligheder,/transformation,chrome,1
/blog/moderne-kulturturisme-arkaeologiens-muligheder,/vinrejser,content,1
/blog/ni-ting-at-se-i-lucca,/,chrome,1
/blog/ni-ting-at-se-i-lucca,/blog,chrome,1
/blog/ni-ting-at-se-i-lucca,/cookie-politik,chrome,1
/blog/ni-ting-at-se-i-lucca,/faq,chrome,1
/blog/ni-ting-at-se-i-lucca,/frankrig,content,1
/blog/ni-ting-at-se-i-lucca,/gavekort,chrome,1
/blog/ni-ting-at-se-i-lucca,/irland,content,1
/blog/ni-ting-at-se-i-lucca,/italien,content,1
/blog/ni-ting-at-se-i-lucca,/italien/pompeji,content,1
/blog/ni-ting-at-se-i-lucca,/italien/rom,content,1
/blog/ni-ting-at-se-i-lucca,/italien/toscana,content,1
/blog/ni-ting-at-se-i-lucca,/italien/verona,content,1
/blog/ni-ting-at-se-i-lucca,/katalog,chrome,1
/blog/ni-ting-at-se-i-lucca,/nyhedsbrev,chrome,1
/blog/ni-ting-at-se-i-lucca,/om-os/kontakt,chrome,1
/blog/ni-ting-at-se-i-lucca,/om-os/medarbejdere,chrome,1
/blog/ni-ting-at-se-i-lucca,/om-os/rejseledere,chrome,1
/blog/ni-ting-at-se-i-lucca,/privatlivspolitik,chrome,1
/blog/ni-ting-at-se-i-lucca,/rejseforsikring,chrome,1
/blog/ni-ting-at-se-i-lucca,/rejsekalender,chrome,1
/blog/ni-ting-at-se-i-lucca,/spanien,content,1
/blog/ni-ting-at-se-i-lucca,/togrejser,content,1
/blog/ni-ting-at-se-i-lucca,/transformation,chrome,1
/blog/ni-ting-at-se-i-lucca,/tyskland,content,1
/blog/ni-ting-at-se-i-lucca,/vinrejser,content,1
/blog/nytaar-i-portugal,/,chrome,1
/blog/nytaar-i-portugal,/blog,chrome,1
/blog/nytaar-i-portugal,/cookie-politik,chrome,1
/blog/nytaar-i-portugal,/faq,chrome,1
/blog/nytaar-i-portugal,/gavekort,chrome,1
/blog/nytaar-i-portugal,/katalog,chrome,1
/blog/nytaar-i-portugal,/nyhedsbrev,chrome,1
/blog/nytaar-i-portugal,/om-os/kontakt,chrome,1
/blog/nytaar-i-portugal,/om-os/medarbejdere,chrome,1
/blog/nytaar-i-portugal,/om-os/rejseledere,chrome,1
/blog/nytaar-i-portugal,/portugal,content,1
/blog/nytaar-i-portugal,/portugal/cascais,content,1
/blog/nytaar-i-portugal,/portugal/lissabon,content,1
/blog/nytaar-i-portugal,/portugal/madeira,content,1
/blog/nytaar-i-portugal,/privatlivspolitik,chrome,1
/blog/nytaar-i-portugal,/rejseforsikring,chrome,1
/blog/nytaar-i-portugal,/rejsekalender,chrome,1
/blog/nytaar-i-portugal,/transformation,chrome,1
/blog/nytaar-i-portugal,/vinrejser,content,1
/blog/nytaar-i-portugal,/vinrejser/portvinsrejser,content,1
/blog/oman-rejs-sikkert-til-den-arabiske-halvoe,/,chrome,1
/blog/oman-rejs-sikkert-til-den-arabiske-halvoe,/blog,chrome,1
/blog/oman-rejs-sikkert-til-den-arabiske-halvoe,/cookie-politik,chrome,1
/blog/oman-rejs-sikkert-til-den-arabiske-halvoe,/faq,chrome,1
/blog/oman-rejs-sikkert-til-den-arabiske-halvoe,/gavekort,chrome,1
/blog/oman-rejs-sikkert-til-den-arabiske-halvoe,/katalog,chrome,1
/blog/oman-rejs-sikkert-til-den-arabiske-halvoe,/kulturrejser,content,1
/blog/oman-rejs-sikkert-til-den-arabiske-halvoe,/naturrejser,content,1
/blog/oman-rejs-sikkert-til-den-arabiske-halvoe,/nyhedsbrev,chrome,1
/blog/oman-rejs-sikkert-til-den-arabiske-halvoe,/om-os/kontakt,chrome,1
/blog/oman-rejs-sikkert-til-den-arabiske-halvoe,/om-os/medarbejdere,chrome,1
/blog/oman-rejs-sikkert-til-den-arabiske-halvoe,/om-os/rejseledere,chrome,1
/blog/oman-rejs-sikkert-til-den-arabiske-halvoe,/oman,content,1
/blog/oman-rejs-sikkert-til-den-arabiske-halvoe,/privatlivspolitik,chrome,1
/blog/oman-rejs-sikkert-til-den-arabiske-halvoe,/rejseforsikring,chrome,1
/blog/oman-rejs-sikkert-til-den-arabiske-halvoe,/rejsekalender,chrome,1
/blog/oman-rejs-sikkert-til-den-arabiske-halvoe,/transformation,chrome,1
/blog/opera-i-verona,/,chrome,1
/blog/opera-i-verona,/blog,chrome,1
/blog/opera-i-verona,/cookie-politik,chrome,1
/blog/opera-i-verona,/europa,content,1
/blog/opera-i-verona,/faq,chrome,1
/blog/opera-i-verona,/frankrig,content,1
/blog/opera-i-verona,/gavekort,chrome,1
/blog/opera-i-verona,/italien,content,1
/blog/opera-i-verona,/italien/gardasoeen,content,1
/blog/opera-i-verona,/italien/milano,content,1
/blog/opera-i-verona,/italien/napoli,content,1
/blog/opera-i-verona,/italien/venedig,content,1
/blog/opera-i-verona,/katalog,chrome,1
/blog/opera-i-verona,/nyhedsbrev,chrome,1
/blog/opera-i-verona,/om-os/kontakt,chrome,1
/blog/opera-i-verona,/om-os/medarbejdere,chrome,1
/blog/opera-i-verona,/om-os/rejseledere,chrome,1
/blog/opera-i-verona,/portugal/lissabon,content,1
/blog/opera-i-verona,/privatlivspolitik,chrome,1
/blog/opera-i-verona,/rejseforsikring,chrome,1
/blog/opera-i-verona,/rejsekalender,chrome,1
/blog/opera-i-verona,/spanien/granada,content,1
/blog/opera-i-verona,/transformation,chrome,1
/blog/opera-i-verona,/tyskland,content,1
/blog/oplev-det-bedste-af-porto-i-portugal,/,chrome,1
/blog/oplev-det-bedste-af-porto-i-portugal,/blog,chrome,1
/blog/oplev-det-bedste-af-porto-i-portugal,/cookie-politik,chrome,1
/blog/oplev-det-bedste-af-porto-i-portugal,/faq,chrome,1
/blog/oplev-det-bedste-af-porto-i-portugal,/gavekort,chrome,1
/blog/oplev-det-bedste-af-porto-i-portugal,/historiske-rejser,content,1
/blog/oplev-det-bedste-af-porto-i-portugal,/katalog,chrome,1
/blog/oplev-det-bedste-af-porto-i-portugal,/kulturrejser,content,1
/blog/oplev-det-bedste-af-porto-i-portugal,/madrejser,content,1
/blog/oplev-det-bedste-af-porto-i-portugal,/madrejser/gastronomirejser,content,1
/blog/oplev-det-bedste-af-porto-i-portugal,/naturrejser/haverejser,content,1
/blog/oplev-det-bedste-af-porto-i-portugal,/nyhedsbrev,chrome,1
/blog/oplev-det-bedste-af-porto-i-portugal,/om-os/kontakt,chrome,1
/blog/oplev-det-bedste-af-porto-i-portugal,/om-os/medarbejdere,chrome,1
/blog/oplev-det-bedste-af-porto-i-portugal,/om-os/rejseledere,chrome,1
/blog/oplev-det-bedste-af-porto-i-portugal,/portugal,content,1
/blog/oplev-det-bedste-af-porto-i-portugal,/portugal/lissabon,content,1
/blog/oplev-det-bedste-af-porto-i-portugal,/portugal/porto,content,1
/blog/oplev-det-bedste-af-porto-i-portugal,/privatlivspolitik,chrome,1
/blog/oplev-det-bedste-af-porto-i-portugal,/rejseforsikring,chrome,1
/blog/oplev-det-bedste-af-porto-i-portugal,/rejsekalender,chrome,1
/blog/oplev-det-bedste-af-porto-i-portugal,/sommerrejser,content,1
/blog/oplev-det-bedste-af-porto-i-portugal,/transformation,chrome,1
/blog/oplev-det-bedste-af-porto-i-portugal,/vandreferier,content,1
/blog/oplev-det-bedste-af-porto-i-portugal,/vinrejser,content,1
/blog/oplev-det-bedste-af-porto-i-portugal,/vinrejser/portvinsrejser,content,1
/blog/oplev-det-bedste-af-porto-i-portugal,/vinterrejser,content,1
/blog/oplev-sevilla,/,chrome,1
/blog/oplev-sevilla,/blog,chrome,1
/blog/oplev-sevilla,/cookie-politik,chrome,1
/blog/oplev-sevilla,/faq,chrome,1
/blog/oplev-sevilla,/gavekort,chrome,1
/blog/oplev-sevilla,/historiske-rejser,content,1
/blog/oplev-sevilla,/katalog,chrome,1
/blog/oplev-sevilla,/kulturrejser,content,1
/blog/oplev-sevilla,/naturrejser/haverejser,content,1
/blog/oplev-sevilla,/nyhedsbrev,chrome,1
/blog/oplev-sevilla,/om-os/kontakt,chrome,1
/blog/oplev-sevilla,/om-os/medarbejdere,chrome,1
/blog/oplev-sevilla,/om-os/rejseledere,chrome,1
/blog/oplev-sevilla,/privatlivspolitik,chrome,1
/blog/oplev-sevilla,/rejseforsikring,chrome,1
/blog/oplev-sevilla,/rejsekalender,chrome,1
/blog/oplev-sevilla,/sommerrejser,content,1
/blog/oplev-sevilla,/spanien,content,1
/blog/oplev-sevilla,/storbyferier,content,1
/blog/oplev-sevilla,/transformation,chrome,1
/blog/paa-douroflodens-gronne-vand,/,chrome,1
/blog/paa-douroflodens-gronne-vand,/blog,chrome,1
/blog/paa-douroflodens-gronne-vand,/cookie-politik,chrome,1
/blog/paa-douroflodens-gronne-vand,/europa,content,1
/blog/paa-douroflodens-gronne-vand,/faq,chrome,1
/blog/paa-douroflodens-gronne-vand,/gavekort,chrome,1
/blog/paa-douroflodens-gronne-vand,/katalog,chrome,1
/blog/paa-douroflodens-gronne-vand,/nyhedsbrev,chrome,1
/blog/paa-douroflodens-gronne-vand,/om-os/kontakt,chrome,1
/blog/paa-douroflodens-gronne-vand,/om-os/medarbejdere,chrome,1
/blog/paa-douroflodens-gronne-vand,/om-os/rejseledere,chrome,1
/blog/paa-douroflodens-gronne-vand,/portugal,content,1
/blog/paa-douroflodens-gronne-vand,/portugal/porto,content,1
/blog/paa-douroflodens-gronne-vand,/privatlivspolitik,chrome,1
/blog/paa-douroflodens-gronne-vand,/rejseforsikring,chrome,1
/blog/paa-douroflodens-gronne-vand,/rejsekalender,chrome,1
/blog/paa-douroflodens-gronne-vand,/spanien,content,1
/blog/paa-douroflodens-gronne-vand,/transformation,chrome,1
/blog/paa-douroflodens-gronne-vand,/vinrejser,content,1
/blog/paa-douroflodens-gronne-vand,/vinrejser/portvinsrejser,content,1
/blog/perler-omkring-lissabon,/,chrome,1
/blog/perler-omkring-lissabon,/blog,chrome,1
/blog/perler-omkring-lissabon,/cookie-politik,chrome,1
/blog/perler-omkring-lissabon,/faq,chrome,1
/blog/perler-omkring-lissabon,/gavekort,chrome,1
/blog/perler-omkring-lissabon,/historiske-rejser,content,1
/blog/perler-omkring-lissabon,/katalog,chrome,1
/blog/perler-omkring-lissabon,/nyhedsbrev,chrome,1
/blog/perler-omkring-lissabon,/om-os/kontakt,chrome,1
/blog/perler-omkring-lissabon,/om-os/medarbejdere,chrome,1
/blog/perler-omkring-lissabon,/om-os/rejseledere,chrome,1
/blog/perler-omkring-lissabon,/portugal,content,1
/blog/perler-omkring-lissabon,/portugal/cascais,content,1
/blog/perler-omkring-lissabon,/portugal/lissabon,content,1
/blog/perler-omkring-lissabon,/privatlivspolitik,chrome,1
/blog/perler-omkring-lissabon,/rejseforsikring,chrome,1
/blog/perler-omkring-lissabon,/rejsekalender,chrome,1
/blog/perler-omkring-lissabon,/transformation,chrome,1
/blog/portugal-classic-auto-parade-en-koeretur-gennem-tiden,/,chrome,1
/blog/portugal-classic-auto-parade-en-koeretur-gennem-tiden,/blog,chrome,1
/blog/portugal-classic-auto-parade-en-koeretur-gennem-tiden,/cookie-politik,chrome,1
/blog/portugal-classic-auto-parade-en-koeretur-gennem-tiden,/faq,chrome,1
/blog/portugal-classic-auto-parade-en-koeretur-gennem-tiden,/gavekort,chrome,1
/blog/portugal-classic-auto-parade-en-koeretur-gennem-tiden,/katalog,chrome,1
/blog/portugal-classic-auto-parade-en-koeretur-gennem-tiden,/naturrejser/blomsterrejser,content,1
/blog/portugal-classic-auto-parade-en-koeretur-gennem-tiden,/nyhedsbrev,chrome,1
/blog/portugal-classic-auto-parade-en-koeretur-gennem-tiden,/om-os/kontakt,chrome,1
/blog/portugal-classic-auto-parade-en-koeretur-gennem-tiden,/om-os/medarbejdere,chrome,1
/blog/portugal-classic-auto-parade-en-koeretur-gennem-tiden,/om-os/rejseledere,chrome,1
/blog/portugal-classic-auto-parade-en-koeretur-gennem-tiden,/privatlivspolitik,chrome,1
/blog/portugal-classic-auto-parade-en-koeretur-gennem-tiden,/rejseforsikring,chrome,1
/blog/portugal-classic-auto-parade-en-koeretur-gennem-tiden,/rejsekalender,chrome,1
/blog/portugal-classic-auto-parade-en-koeretur-gennem-tiden,/transformation,chrome,1
/blog/portugal-fado,/,chrome,1
/blog/portugal-fado,/blog,chrome,1
/blog/portugal-fado,/cookie-politik,chrome,1
/blog/portugal-fado,/europa,content,1
/blog/portugal-fado,/faq,chrome,1
/blog/portugal-fado,/gavekort,chrome,1
/blog/portugal-fado,/katalog,chrome,1
/blog/portugal-fado,/nyhedsbrev,chrome,1
/blog/portugal-fado,/om-os/kontakt,chrome,1
/blog/portugal-fado,/om-os/medarbejdere,chrome,1
/blog/portugal-fado,/om-os/rejseledere,chrome,1
/blog/portugal-fado,/portugal,content,1
/blog/portugal-fado,/portugal/lissabon,content,1
/blog/portugal-fado,/privatlivspolitik,chrome,1
/blog/portugal-fado,/rejseforsikring,chrome,1
/blog/portugal-fado,/rejsekalender,chrome,1
/blog/portugal-fado,/spanien,content,1
/blog/portugal-fado,/transformation,chrome,1
/blog/portugal-igors-opskrifter-paa-poncha,/,chrome,1
/blog/portugal-igors-opskrifter-paa-poncha,/blog,chrome,1
/blog/portugal-igors-opskrifter-paa-poncha,/cookie-politik,chrome,1
/blog/portugal-igors-opskrifter-paa-poncha,/faq,chrome,1
/blog/portugal-igors-opskrifter-paa-poncha,/gavekort,chrome,1
/blog/portugal-igors-opskrifter-paa-poncha,/katalog,chrome,1
/blog/portugal-igors-opskrifter-paa-poncha,/nyhedsbrev,chrome,1
/blog/portugal-igors-opskrifter-paa-poncha,/om-os/kontakt,chrome,1
/blog/portugal-igors-opskrifter-paa-poncha,/om-os/medarbejdere,chrome,1
/blog/portugal-igors-opskrifter-paa-poncha,/om-os/rejseledere,chrome,1
/blog/portugal-igors-opskrifter-paa-poncha,/portugal/madeira,content,1
/blog/portugal-igors-opskrifter-paa-poncha,/privatlivspolitik,chrome,1
/blog/portugal-igors-opskrifter-paa-poncha,/rejseforsikring,chrome,1
/blog/portugal-igors-opskrifter-paa-poncha,/rejsekalender,chrome,1
/blog/portugal-igors-opskrifter-paa-poncha,/transformation,chrome,1
/blog/portugal-lissabon,/,chrome,1
/blog/portugal-lissabon,/blog,chrome,1
/blog/portugal-lissabon,/cookie-politik,chrome,1
/blog/portugal-lissabon,/europa,content,1
/blog/portugal-lissabon,/faq,chrome,1
/blog/portugal-lissabon,/gavekort,chrome,1
/blog/portugal-lissabon,/historiske-rejser,content,1
/blog/portugal-lissabon,/katalog,chrome,1
/blog/portugal-lissabon,/nyhedsbrev,chrome,1
/blog/portugal-lissabon,/om-os/kontakt,chrome,1
/blog/portugal-lissabon,/om-os/medarbejdere,chrome,1
/blog/portugal-lissabon,/om-os/rejseledere,chrome,1
/blog/portugal-lissabon,/portugal,content,1
/blog/portugal-lissabon,/portugal/lissabon,content,1
/blog/portugal-lissabon,/privatlivspolitik,chrome,1
/blog/portugal-lissabon,/rejseforsikring,chrome,1
/blog/portugal-lissabon,/rejsekalender,chrome,1
/blog/portugal-lissabon,/transformation,chrome,1
/blog/prado-museet-i-madrid-med-ny-fantastisk-saerudstilling,/,chrome,1
/blog/prado-museet-i-madrid-med-ny-fantastisk-saerudstilling,/blog,chrome,1
/blog/prado-museet-i-madrid-med-ny-fantastisk-saerudstilling,/cookie-politik,chrome,1
/blog/prado-museet-i-madrid-med-ny-fantastisk-saerudstilling,/faq,chrome,1
/blog/prado-museet-i-madrid-med-ny-fantastisk-saerudstilling,/gavekort,chrome,1
/blog/prado-museet-i-madrid-med-ny-fantastisk-saerudstilling,/katalog,chrome,1
/blog/prado-museet-i-madrid-med-ny-fantastisk-saerudstilling,/nyhedsbrev,chrome,1
/blog/prado-museet-i-madrid-med-ny-fantastisk-saerudstilling,/om-os/kontakt,chrome,1
/blog/prado-museet-i-madrid-med-ny-fantastisk-saerudstilling,/om-os/medarbejdere,chrome,1
/blog/prado-museet-i-madrid-med-ny-fantastisk-saerudstilling,/om-os/rejseledere,chrome,1
/blog/prado-museet-i-madrid-med-ny-fantastisk-saerudstilling,/privatlivspolitik,chrome,1
/blog/prado-museet-i-madrid-med-ny-fantastisk-saerudstilling,/rejseforsikring,chrome,1
/blog/prado-museet-i-madrid-med-ny-fantastisk-saerudstilling,/rejsekalender,chrome,1
/blog/prado-museet-i-madrid-med-ny-fantastisk-saerudstilling,/spanien,content,1
/blog/prado-museet-i-madrid-med-ny-fantastisk-saerudstilling,/spanien/andalusien,content,1
/blog/prado-museet-i-madrid-med-ny-fantastisk-saerudstilling,/spanien/barcelona,content,1
/blog/prado-museet-i-madrid-med-ny-fantastisk-saerudstilling,/spanien/granada,content,1
/blog/prado-museet-i-madrid-med-ny-fantastisk-saerudstilling,/spanien/granada/alhambra,content,1
/blog/prado-museet-i-madrid-med-ny-fantastisk-saerudstilling,/spanien/madrid,content,1
/blog/prado-museet-i-madrid-med-ny-fantastisk-saerudstilling,/spanien/malaga,content,1
/blog/prado-museet-i-madrid-med-ny-fantastisk-saerudstilling,/transformation,chrome,1
/blog/rejseguide-til-gardasoeen,/,chrome,1
/blog/rejseguide-til-gardasoeen,/blog,chrome,1
/blog/rejseguide-til-gardasoeen,/cookie-politik,chrome,1
/blog/rejseguide-til-gardasoeen,/europa,content,1
/blog/rejseguide-til-gardasoeen,/faq,chrome,1
/blog/rejseguide-til-gardasoeen,/gavekort,chrome,1
/blog/rejseguide-til-gardasoeen,/historiske-rejser,content,1
/blog/rejseguide-til-gardasoeen,/italien,content,1
/blog/rejseguide-til-gardasoeen,/italien/gardasoeen,content,1
/blog/rejseguide-til-gardasoeen,/italien/venedig,content,1
/blog/rejseguide-til-gardasoeen,/italien/verona,content,1
/blog/rejseguide-til-gardasoeen,/katalog,chrome,1
/blog/rejseguide-til-gardasoeen,/kulturrejser,content,1
/blog/rejseguide-til-gardasoeen,/madrejser,content,1
/blog/rejseguide-til-gardasoeen,/madrejser/gastronomirejser,content,1
/blog/rejseguide-til-gardasoeen,/naturrejser,content,1
/blog/rejseguide-til-gardasoeen,/naturrejser/haverejser,content,1
/blog/rejseguide-til-gardasoeen,/nyhedsbrev,chrome,1
/blog/rejseguide-til-gardasoeen,/om-os/kontakt,chrome,1
/blog/rejseguide-til-gardasoeen,/om-os/medarbejdere,chrome,1
/blog/rejseguide-til-gardasoeen,/om-os/rejseledere,chrome,1
/blog/rejseguide-til-gardasoeen,/privatlivspolitik,chrome,1
/blog/rejseguide-til-gardasoeen,/rejseforsikring,chrome,1
/blog/rejseguide-til-gardasoeen,/rejsekalender,chrome,1
/blog/rejseguide-til-gardasoeen,/sommerrejser,content,1
/blog/rejseguide-til-gardasoeen,/togrejser,content,1
/blog/rejseguide-til-gardasoeen,/transformation,chrome,1
/blog/rejseguide-til-gardasoeen,/vandreferier,content,1
/blog/rejseguide-til-gardasoeen,/vinrejser,content,1
/blog/rejseguide-til-gardasoeen,/vinterrejser,content,1
/blog/rejsetrends-i-2025,/,chrome,1
/blog/rejsetrends-i-2025,/blog,chrome,1
/blog/rejsetrends-i-2025,/cookie-politik,chrome,1
/blog/rejsetrends-i-2025,/faq,chrome,1
/blog/rejsetrends-i-2025,/gavekort,chrome,1
/blog/rejsetrends-i-2025,/katalog,chrome,1
/blog/rejsetrends-i-2025,/nyhedsbrev,chrome,1
/blog/rejsetrends-i-2025,/om-os/kontakt,chrome,1
/blog/rejsetrends-i-2025,/om-os/medarbejdere,chrome,1
/blog/rejsetrends-i-2025,/om-os/rejseledere,chrome,1
/blog/rejsetrends-i-2025,/privatlivspolitik,chrome,1
/blog/rejsetrends-i-2025,/rejseforsikring,chrome,1
/blog/rejsetrends-i-2025,/rejsekalender,chrome,1
/blog/rejsetrends-i-2025,/transformation,chrome,1
/blog/restauranter-i-lissabon,/,chrome,1
/blog/restauranter-i-lissabon,/blog,chrome,1
/blog/restauranter-i-lissabon,/cookie-politik,chrome,1
/blog/restauranter-i-lissabon,/faq,chrome,1
/blog/restauranter-i-lissabon,/gavekort,chrome,1
/blog/restauranter-i-lissabon,/katalog,chrome,1
/blog/restauranter-i-lissabon,/kulturrejser,content,1
/blog/restauranter-i-lissabon,/madrejser,content,1
/blog/restauranter-i-lissabon,/madrejser/gastronomirejser,content,1
/blog/restauranter-i-lissabon,/nyhedsbrev,chrome,1
/blog/restauranter-i-lissabon,/om-os/kontakt,chrome,1
/blog/restauranter-i-lissabon,/om-os/medarbejdere,chrome,1
/blog/restauranter-i-lissabon,/om-os/rejseledere,chrome,1
/blog/restauranter-i-lissabon,/portugal/lissabon,content,1
/blog/restauranter-i-lissabon,/privatlivspolitik,chrome,1
/blog/restauranter-i-lissabon,/rejseforsikring,chrome,1
/blog/restauranter-i-lissabon,/rejsekalender,chrome,1
/blog/restauranter-i-lissabon,/transformation,chrome,1
/blog/rom-og-arkitekturen,/,chrome,1
/blog/rom-og-arkitekturen,/blog,chrome,1
/blog/rom-og-arkitekturen,/cookie-politik,chrome,1
/blog/rom-og-arkitekturen,/europa,content,1
/blog/rom-og-arkitekturen,/faq,chrome,1
/blog/rom-og-arkitekturen,/frankrig,content,1
/blog/rom-og-arkitekturen,/gavekort,chrome,1
/blog/rom-og-arkitekturen,/graekenland,content,1
/blog/rom-og-arkitekturen,/historiske-rejser,content,1
/blog/rom-og-arkitekturen,/italien,content,1
/blog/rom-og-arkitekturen,/italien/firenze,content,1
/blog/rom-og-arkitekturen,/italien/rom,content,1
/blog/rom-og-arkitekturen,/katalog,chrome,1
/blog/rom-og-arkitekturen,/nyhedsbrev,chrome,1
/blog/rom-og-arkitekturen,/om-os/kontakt,chrome,1
/blog/rom-og-arkitekturen,/om-os/medarbejdere,chrome,1
/blog/rom-og-arkitekturen,/om-os/rejseledere,chrome,1
/blog/rom-og-arkitekturen,/privatlivspolitik,chrome,1
/blog/rom-og-arkitekturen,/rejseforsikring,chrome,1
/blog/rom-og-arkitekturen,/rejsekalender,chrome,1
/blog/rom-og-arkitekturen,/transformation,chrome,1
/blog/rom-og-arkitekturen,/tyskland,content,1
/blog/sagrada-familia-gaudis-livsvaerk,/,chrome,1
/blog/sagrada-familia-gaudis-livsvaerk,/blog,chrome,1
/blog/sagrada-familia-gaudis-livsvaerk,/cookie-politik,chrome,1
/blog/sagrada-familia-gaudis-livsvaerk,/faq,chrome,1
/blog/sagrada-familia-gaudis-livsvaerk,/gavekort,chrome,1
/blog/sagrada-familia-gaudis-livsvaerk,/katalog,chrome,1
/blog/sagrada-familia-gaudis-livsvaerk,/nyhedsbrev,chrome,1
/blog/sagrada-familia-gaudis-livsvaerk,/om-os/kontakt,chrome,1
/blog/sagrada-familia-gaudis-livsvaerk,/om-os/medarbejdere,chrome,1
/blog/sagrada-familia-gaudis-livsvaerk,/om-os/rejseledere,chrome,1
/blog/sagrada-familia-gaudis-livsvaerk,/privatlivspolitik,chrome,1
/blog/sagrada-familia-gaudis-livsvaerk,/rejseforsikring,chrome,1
/blog/sagrada-familia-gaudis-livsvaerk,/rejsekalender,chrome,1
/blog/sagrada-familia-gaudis-livsvaerk,/spanien,content,1
/blog/sagrada-familia-gaudis-livsvaerk,/spanien/barcelona,content,1
/blog/sagrada-familia-gaudis-livsvaerk,/transformation,chrome,1
/blog/seoul-stress-selfie,/,chrome,1
/blog/seoul-stress-selfie,/blog,chrome,1
/blog/seoul-stress-selfie,/cookie-politik,chrome,1
/blog/seoul-stress-selfie,/faq,chrome,1
/blog/seoul-stress-selfie,/gavekort,chrome,1
/blog/seoul-stress-selfie,/katalog,chrome,1
/blog/seoul-stress-selfie,/nyhedsbrev,chrome,1
/blog/seoul-stress-selfie,/om-os/kontakt,chrome,1
/blog/seoul-stress-selfie,/om-os/medarbejdere,chrome,1
/blog/seoul-stress-selfie,/om-os/rejseledere,chrome,1
/blog/seoul-stress-selfie,/privatlivspolitik,chrome,1
/blog/seoul-stress-selfie,/rejseforsikring,chrome,1
/blog/seoul-stress-selfie,/rejsekalender,chrome,1
/blog/seoul-stress-selfie,/transformation,chrome,1
/blog/spanien-gibraltar,/,chrome,1
/blog/spanien-gibraltar,/blog,chrome,1
/blog/spanien-gibraltar,/cookie-politik,chrome,1
/blog/spanien-gibraltar,/england,content,1
/blog/spanien-gibraltar,/europa,content,1
/blog/spanien-gibraltar,/faq,chrome,1
/blog/spanien-gibraltar,/gavekort,chrome,1
/blog/spanien-gibraltar,/historiske-rejser,content,1
/blog/spanien-gibraltar,/katalog,chrome,1
/blog/spanien-gibraltar,/nyhedsbrev,chrome,1
/blog/spanien-gibraltar,/om-os/kontakt,chrome,1
/blog/spanien-gibraltar,/om-os/medarbejdere,chrome,1
/blog/spanien-gibraltar,/om-os/rejseledere,chrome,1
/blog/spanien-gibraltar,/privatlivspolitik,chrome,1
/blog/spanien-gibraltar,/rejseforsikring,chrome,1
/blog/spanien-gibraltar,/rejsekalender,chrome,1
/blog/spanien-gibraltar,/spanien,content,1
/blog/spanien-gibraltar,/spanien/madrid,content,1
/blog/spanien-gibraltar,/transformation,chrome,1
/blog/spanien-picasso,/,chrome,1
/blog/spanien-picasso,/afrika,content,1
/blog/spanien-picasso,/blog,chrome,1
/blog/spanien-picasso,/cookie-politik,chrome,1
/blog/spanien-picasso,/faq,chrome,1
/blog/spanien-picasso,/frankrig/paris,content,1
/blog/spanien-picasso,/gavekort,chrome,1
/blog/spanien-picasso,/katalog,chrome,1
/blog/spanien-picasso,/kulturrejser,content,1
/blog/spanien-picasso,/nyhedsbrev,chrome,1
/blog/spanien-picasso,/om-os/kontakt,chrome,1
/blog/spanien-picasso,/om-os/medarbejdere,chrome,1
/blog/spanien-picasso,/om-os/rejseledere,chrome,1
/blog/spanien-picasso,/privatlivspolitik,chrome,1
/blog/spanien-picasso,/rejseforsikring,chrome,1
/blog/spanien-picasso,/rejsekalender,chrome,1
/blog/spanien-picasso,/spanien,content,1
/blog/spanien-picasso,/spanien/andalusien,content,1
/blog/spanien-picasso,/spanien/barcelona,content,1
/blog/spanien-picasso,/spanien/malaga,content,1
/blog/spanien-picasso,/transformation,chrome,1
/blog/spanien-pilgrimsrute,/,chrome,1
/blog/spanien-pilgrimsrute,/blog,chrome,1
/blog/spanien-pilgrimsrute,/cookie-politik,chrome,1
/blog/spanien-pilgrimsrute,/europa,content,1
/blog/spanien-pilgrimsrute,/faq,chrome,1
/blog/spanien-pilgrimsrute,/frankrig,content,1
/blog/spanien-pilgrimsrute,/gavekort,chrome,1
/blog/spanien-pilgrimsrute,/historiske-rejser,content,1
/blog/spanien-pilgrimsrute,/italien/rom,content,1
/blog/spanien-pilgrimsrute,/katalog,chrome,1
/blog/spanien-pilgrimsrute,/kulturrejser,content,1
/blog/spanien-pilgrimsrute,/nyhedsbrev,chrome,1
/blog/spanien-pilgrimsrute,/om-os/kontakt,chrome,1
/blog/spanien-pilgrimsrute,/om-os/medarbejdere,chrome,1
/blog/spanien-pilgrimsrute,/om-os/rejseledere,chrome,1
/blog/spanien-pilgrimsrute,/portugal,content,1
/blog/spanien-pilgrimsrute,/portugal/porto,content,1
/blog/spanien-pilgrimsrute,/privatlivspolitik,chrome,1
/blog/spanien-pilgrimsrute,/rejseforsikring,chrome,1
/blog/spanien-pilgrimsrute,/rejsekalender,chrome,1
/blog/spanien-pilgrimsrute,/spanien,content,1
/blog/spanien-pilgrimsrute,/spanien/caminoen,content,1
/blog/spanien-pilgrimsrute,/transformation,chrome,1
/blog/spanien-pilgrimsrute,/vandreferier,content,1
/blog/sri-lanka-5-grunde,/,chrome,1
/blog/sri-lanka-5-grunde,/blog,chrome,1
/blog/sri-lanka-5-grunde,/cookie-politik,chrome,1
/blog/sri-lanka-5-grunde,/faq,chrome,1
/blog/sri-lanka-5-grunde,/gavekort,chrome,1
/blog/sri-lanka-5-grunde,/katalog,chrome,1
/blog/sri-lanka-5-grunde,/nyhedsbrev,chrome,1
/blog/sri-lanka-5-grunde,/om-os/kontakt,chrome,1
/blog/sri-lanka-5-grunde,/om-os/medarbejdere,chrome,1
/blog/sri-lanka-5-grunde,/om-os/rejseledere,chrome,1
/blog/sri-lanka-5-grunde,/privatlivspolitik,chrome,1
/blog/sri-lanka-5-grunde,/rejseforsikring,chrome,1
/blog/sri-lanka-5-grunde,/rejsekalender,chrome,1
/blog/sri-lanka-5-grunde,/transformation,chrome,1
/blog/tag-med-paa-byvandring-i-siena,/,chrome,1
/blog/tag-med-paa-byvandring-i-siena,/blog,chrome,1
/blog/tag-med-paa-byvandring-i-siena,/cookie-politik,chrome,1
/blog/tag-med-paa-byvandring-i-siena,/europa,content,1
/blog/tag-med-paa-byvandring-i-siena,/faq,chrome,1
/blog/tag-med-paa-byvandring-i-siena,/gavekort,chrome,1
/blog/tag-med-paa-byvandring-i-siena,/historiske-rejser,content,1
/blog/tag-med-paa-byvandring-i-siena,/italien,content,1
/blog/tag-med-paa-byvandring-i-siena,/italien/firenze,content,1
/blog/tag-med-paa-byvandring-i-siena,/italien/rom,content,1
/blog/tag-med-paa-byvandring-i-siena,/italien/toscana,content,1
/blog/tag-med-paa-byvandring-i-siena,/katalog,chrome,1
/blog/tag-med-paa-byvandring-i-siena,/nyhedsbrev,chrome,1
/blog/tag-med-paa-byvandring-i-siena,/om-os/kontakt,chrome,1
/blog/tag-med-paa-byvandring-i-siena,/om-os/medarbejdere,chrome,1
/blog/tag-med-paa-byvandring-i-siena,/om-os/rejseledere,chrome,1
/blog/tag-med-paa-byvandring-i-siena,/privatlivspolitik,chrome,1
/blog/tag-med-paa-byvandring-i-siena,/rejseforsikring,chrome,1
/blog/tag-med-paa-byvandring-i-siena,/rejsekalender,chrome,1
/blog/tag-med-paa-byvandring-i-siena,/transformation,chrome,1
/blog/ti-fantastiske-fiestas-i-spanien,/,chrome,1
/blog/ti-fantastiske-fiestas-i-spanien,/blog,chrome,1
/blog/ti-fantastiske-fiestas-i-spanien,/cookie-politik,chrome,1
/blog/ti-fantastiske-fiestas-i-spanien,/europa,content,1
/blog/ti-fantastiske-fiestas-i-spanien,/faq,chrome,1
/blog/ti-fantastiske-fiestas-i-spanien,/gavekort,chrome,1
/blog/ti-fantastiske-fiestas-i-spanien,/katalog,chrome,1
/blog/ti-fantastiske-fiestas-i-spanien,/nyhedsbrev,chrome,1
/blog/ti-fantastiske-fiestas-i-spanien,/om-os/kontakt,chrome,1
/blog/ti-fantastiske-fiestas-i-spanien,/om-os/medarbejdere,chrome,1
/blog/ti-fantastiske-fiestas-i-spanien,/om-os/rejseledere,chrome,1
/blog/ti-fantastiske-fiestas-i-spanien,/privatlivspolitik,chrome,1
/blog/ti-fantastiske-fiestas-i-spanien,/rejseforsikring,chrome,1
/blog/ti-fantastiske-fiestas-i-spanien,/rejsekalender,chrome,1
/blog/ti-fantastiske-fiestas-i-spanien,/spanien,content,1
/blog/ti-fantastiske-fiestas-i-spanien,/spanien/andalusien,content,1
/blog/ti-fantastiske-fiestas-i-spanien,/spanien/barcelona,content,1
/blog/ti-fantastiske-fiestas-i-spanien,/spanien/madrid,content,1
/blog/ti-fantastiske-fiestas-i-spanien,/spanien/tenerife,content,1
/blog/ti-fantastiske-fiestas-i-spanien,/transformation,chrome,1
/blog/top-10-i-verona,/,chrome,1
/blog/top-10-i-verona,/blog,chrome,1
/blog/top-10-i-verona,/cookie-politik,chrome,1
/blog/top-10-i-verona,/faq,chrome,1
/blog/top-10-i-verona,/gavekort,chrome,1
/blog/top-10-i-verona,/historiske-rejser,content,1
/blog/top-10-i-verona,/italien,content,1
/blog/top-10-i-verona,/italien/gardasoeen,content,1
/blog/top-10-i-verona,/italien/norditalien,content,1
/blog/top-10-i-verona,/italien/rom,content,1
/blog/top-10-i-verona,/italien/venedig,content,1
/blog/top-10-i-verona,/italien/verona,content,1
/blog/top-10-i-verona,/katalog,chrome,1
/blog/top-10-i-verona,/nyhedsbrev,chrome,1
/blog/top-10-i-verona,/om-os/kontakt,chrome,1
/blog/top-10-i-verona,/om-os/medarbejdere,chrome,1
/blog/top-10-i-verona,/om-os/rejseledere,chrome,1
/blog/top-10-i-verona,/privatlivspolitik,chrome,1
/blog/top-10-i-verona,/rejseforsikring,chrome,1
/blog/top-10-i-verona,/rejsekalender,chrome,1
/blog/top-10-i-verona,/transformation,chrome,1
/blog/top-10-i-verona,/vinrejser,content,1
/blog/tyskland-en-personlig-rejseberetning-fra-rhinen,/,chrome,1
/blog/tyskland-en-personlig-rejseberetning-fra-rhinen,/blog,chrome,1
/blog/tyskland-en-personlig-rejseberetning-fra-rhinen,/cookie-politik,chrome,1
/blog/tyskland-en-personlig-rejseberetning-fra-rhinen,/europa,content,1
/blog/tyskland-en-personlig-rejseberetning-fra-rhinen,/faq,chrome,1
/blog/tyskland-en-personlig-rejseberetning-fra-rhinen,/gavekort,chrome,1
/blog/tyskland-en-personlig-rejseberetning-fra-rhinen,/holland,content,1
/blog/tyskland-en-personlig-rejseberetning-fra-rhinen,/holland/amsterdam,content,1
/blog/tyskland-en-personlig-rejseberetning-fra-rhinen,/katalog,chrome,1
/blog/tyskland-en-personlig-rejseberetning-fra-rhinen,/nyhedsbrev,chrome,1
/blog/tyskland-en-personlig-rejseberetning-fra-rhinen,/om-os/kontakt,chrome,1
/blog/tyskland-en-personlig-rejseberetning-fra-rhinen,/om-os/medarbejdere,chrome,1
/blog/tyskland-en-personlig-rejseberetning-fra-rhinen,/om-os/rejseledere,chrome,1
/blog/tyskland-en-personlig-rejseberetning-fra-rhinen,/privatlivspolitik,chrome,1
/blog/tyskland-en-personlig-rejseberetning-fra-rhinen,/rejseforsikring,chrome,1
/blog/tyskland-en-personlig-rejseberetning-fra-rhinen,/rejsekalender,chrome,1
/blog/tyskland-en-personlig-rejseberetning-fra-rhinen,/transformation,chrome,1
/blog/tyskland-en-personlig-rejseberetning-fra-rhinen,/tyskland,content,1
/blog/tyskland-en-personlig-rejseberetning-fra-rhinen,/tyskland/koln,content,1
/blog/varmt-velkommen-til-andalusien,/,chrome,1
/blog/varmt-velkommen-til-andalusien,/blog,chrome,1
/blog/varmt-velkommen-til-andalusien,/cookie-politik,chrome,1
/blog/varmt-velkommen-til-andalusien,/faq,chrome,1
/blog/varmt-velkommen-til-andalusien,/gavekort,chrome,1
/blog/varmt-velkommen-til-andalusien,/katalog,chrome,1
/blog/varmt-velkommen-til-andalusien,/nyhedsbrev,chrome,1
/blog/varmt-velkommen-til-andalusien,/om-os/kontakt,chrome,1
/blog/varmt-velkommen-til-andalusien,/om-os/medarbejdere,chrome,1
/blog/varmt-velkommen-til-andalusien,/om-os/rejseledere,chrome,1
/blog/varmt-velkommen-til-andalusien,/privatlivspolitik,chrome,1
/blog/varmt-velkommen-til-andalusien,/rejseforsikring,chrome,1
/blog/varmt-velkommen-til-andalusien,/rejsekalender,chrome,1
/blog/varmt-velkommen-til-andalusien,/spanien,content,1
/blog/varmt-velkommen-til-andalusien,/spanien/andalusien,content,1
/blog/varmt-velkommen-til-andalusien,/spanien/malaga,content,1
/blog/varmt-velkommen-til-andalusien,/transformation,chrome,1
/blog/vejret-paa-amalfikysten-i-italien,/,chrome,1
/blog/vejret-paa-amalfikysten-i-italien,/blog,chrome,1
/blog/vejret-paa-amalfikysten-i-italien,/cookie-politik,chrome,1
/blog/vejret-paa-amalfikysten-i-italien,/faq,chrome,1
/blog/vejret-paa-amalfikysten-i-italien,/gavekort,chrome,1
/blog/vejret-paa-amalfikysten-i-italien,/italien/amalfi,content,1
/blog/vejret-paa-amalfikysten-i-italien,/italien/amalfikysten,content,1
/blog/vejret-paa-amalfikysten-i-italien,/italien/pompeji,content,1
/blog/vejret-paa-amalfikysten-i-italien,/italien/ravello,content,1
/blog/vejret-paa-amalfikysten-i-italien,/katalog,chrome,1
/blog/vejret-paa-amalfikysten-i-italien,/naturrejser,content,1
/blog/vejret-paa-amalfikysten-i-italien,/nyhedsbrev,chrome,1
/blog/vejret-paa-amalfikysten-i-italien,/om-os/kontakt,chrome,1
/blog/vejret-paa-amalfikysten-i-italien,/om-os/medarbejdere,chrome,1
/blog/vejret-paa-amalfikysten-i-italien,/om-os/rejseledere,chrome,1
/blog/vejret-paa-amalfikysten-i-italien,/privatlivspolitik,chrome,1
/blog/vejret-paa-amalfikysten-i-italien,/rejseforsikring,chrome,1
/blog/vejret-paa-amalfikysten-i-italien,/rejsekalender,chrome,1
/blog/vejret-paa-amalfikysten-i-italien,/sommerrejser,content,1
/blog/vejret-paa-amalfikysten-i-italien,/transformation,chrome,1
/blog/velkommen-til-madeira-en-frodig-oase,/,chrome,1
/blog/velkommen-til-madeira-en-frodig-oase,/afrika,content,1
/blog/velkommen-til-madeira-en-frodig-oase,/blog,chrome,1
/blog/velkommen-til-madeira-en-frodig-oase,/cookie-politik,chrome,1
/blog/velkommen-til-madeira-en-frodig-oase,/faq,chrome,1
/blog/velkommen-til-madeira-en-frodig-oase,/gavekort,chrome,1
/blog/velkommen-til-madeira-en-frodig-oase,/indien,content,1
/blog/velkommen-til-madeira-en-frodig-oase,/katalog,chrome,1
/blog/velkommen-til-madeira-en-frodig-oase,/naturrejser/haverejser,content,1
/blog/velkommen-til-madeira-en-frodig-oase,/nyhedsbrev,chrome,1
/blog/velkommen-til-madeira-en-frodig-oase,/om-os/kontakt,chrome,1
/blog/velkommen-til-madeira-en-frodig-oase,/om-os/medarbejdere,chrome,1
/blog/velkommen-til-madeira-en-frodig-oase,/om-os/rejseledere,chrome,1
/blog/velkommen-til-madeira-en-frodig-oase,/portugal/madeira,content,1
/blog/velkommen-til-madeira-en-frodig-oase,/privatlivspolitik,chrome,1
/blog/velkommen-til-madeira-en-frodig-oase,/rejseforsikring,chrome,1
/blog/velkommen-til-madeira-en-frodig-oase,/rejsekalender,chrome,1
/blog/velkommen-til-madeira-en-frodig-oase,/sydafrika,content,1
/blog/velkommen-til-madeira-en-frodig-oase,/transformation,chrome,1
/blog/vidste-du-det-om-etruskerne,/,chrome,1
/blog/vidste-du-det-om-etruskerne,/blog,chrome,1
/blog/vidste-du-det-om-etruskerne,/cookie-politik,chrome,1
/blog/vidste-du-det-om-etruskerne,/europa,content,1
/blog/vidste-du-det-om-etruskerne,/faq,chrome,1
/blog/vidste-du-det-om-etruskerne,/gavekort,chrome,1
/blog/vidste-du-det-om-etruskerne,/graekenland,content,1
/blog/vidste-du-det-om-etruskerne,/italien,content,1
/blog/vidste-du-det-om-etruskerne,/italien/norditalien,content,1
/blog/vidste-du-det-om-etruskerne,/italien/rom,content,1
/blog/vidste-du-det-om-etruskerne,/italien/toscana,content,1
/blog/vidste-du-det-om-etruskerne,/katalog,chrome,1
/blog/vidste-du-det-om-etruskerne,/kulturrejser,content,1
/blog/vidste-du-det-om-etruskerne,/madrejser/gastronomirejser,content,1
/blog/vidste-du-det-om-etruskerne,/nyhedsbrev,chrome,1
/blog/vidste-du-det-om-etruskerne,/om-os/kontakt,chrome,1
/blog/vidste-du-det-om-etruskerne,/om-os/medarbejdere,chrome,1
/blog/vidste-du-det-om-etruskerne,/om-os/rejseledere,chrome,1
/blog/vidste-du-det-om-etruskerne,/privatlivspolitik,chrome,1
/blog/vidste-du-det-om-etruskerne,/rejseforsikring,chrome,1
/blog/vidste-du-det-om-etruskerne,/rejsekalender,chrome,1
/blog/vidste-du-det-om-etruskerne,/transformation,chrome,1
/blog/vidste-du-det-om-etruskerne,/vinrejser,content,1
/blog/vin-og-delikatesser-i-lissabon,/,chrome,1
/blog/vin-og-delikatesser-i-lissabon,/blog,chrome,1
/blog/vin-og-delikatesser-i-lissabon,/cookie-politik,chrome,1
/blog/vin-og-delikatesser-i-lissabon,/faq,chrome,1
/blog/vin-og-delikatesser-i-lissabon,/gavekort,chrome,1
/blog/vin-og-delikatesser-i-lissabon,/katalog,chrome,1
/blog/vin-og-delikatesser-i-lissabon,/nyhedsbrev,chrome,1
/blog/vin-og-delikatesser-i-lissabon,/om-os/kontakt,chrome,1
/blog/vin-og-delikatesser-i-lissabon,/om-os/medarbejdere,chrome,1
/blog/vin-og-delikatesser-i-lissabon,/om-os/rejseledere,chrome,1
/blog/vin-og-delikatesser-i-lissabon,/portugal,content,1
/blog/vin-og-delikatesser-i-lissabon,/portugal/lissabon,content,1
/blog/vin-og-delikatesser-i-lissabon,/privatlivspolitik,chrome,1
/blog/vin-og-delikatesser-i-lissabon,/rejseforsikring,chrome,1
/blog/vin-og-delikatesser-i-lissabon,/rejsekalender,chrome,1
/blog/vin-og-delikatesser-i-lissabon,/transformation,chrome,1
/blog/vin-og-delikatesser-i-lissabon,/vinrejser,content,1
/blog/vin-og-delikatesser-i-lissabon,/vinrejser/portvinsrejser,content,1
/bosnien,/,chrome,1
/bosnien,/balkan,content,1
/bosnien,/balkan/betagende-nord-balkan,content,1
/bosnien,/bosnien/mostar,content,1
/bosnien,/bosnien/sarajevo,content,1
/bosnien,/cookie-politik,chrome,1
/bosnien,/europa,content,1
/bosnien,/faq,chrome,1
/bosnien,/gavekort,chrome,1
/bosnien,/graekenland,content,1
/bosnien,/historiske-rejser,content,1
/bosnien,/italien,content,1
/bosnien,/katalog,chrome,1
/bosnien,/kroatien/kroatiens-smukke-kyst,content,1
/bosnien,/kulturrejser,content,1
/bosnien,/naturrejser,content,1
/bosnien,/nyhedsbrev,chrome,1
/bosnien,/om-os/kontakt,chrome,1
/bosnien,/om-os/medarbejdere,chrome,1
/bosnien,/om-os/rejseledere,chrome,1
/bosnien,/privatlivspolitik,chrome,1
/bosnien,/rejseforsikring,chrome,1
/bosnien,/rejsekalender,chrome,1
/bosnien,/transformation,chrome,1
/bosnien,/tyrkiet,content,1
/bosnien/mostar,/,chrome,1
/bosnien/mostar,/balkan/betagende-nord-balkan,content,1
/bosnien/mostar,/bosnien,chrome,1
/bosnien/mostar,/cookie-politik,chrome,1
/bosnien/mostar,/faq,chrome,1
/bosnien/mostar,/gavekort,chrome,1
/bosnien/mostar,/historiske-rejser,content,1
/bosnien/mostar,/katalog,chrome,1
/bosnien/mostar,/kroatien/kroatiens-smukke-kyst,content,1
/bosnien/mostar,/kulturrejser,content,1
/bosnien/mostar,/nyhedsbrev,chrome,1
/bosnien/mostar,/oestrig,content,1
/bosnien/mostar,/om-os/kontakt,chrome,1
/bosnien/mostar,/om-os/medarbejdere,chrome,1
/bosnien/mostar,/om-os/rejseledere,chrome,1
/bosnien/mostar,/privatlivspolitik,chrome,1
/bosnien/mostar,/rejseforsikring,chrome,1
/bosnien/mostar,/rejsekalender,chrome,1
/bosnien/mostar,/transformation,chrome,1
/bosnien/mostar,/ungarn,content,1
/bosnien/sarajevo,/,chrome,1
/bosnien/sarajevo,/balkan/betagende-nord-balkan,content,1
/bosnien/sarajevo,/bosnien,chrome,1
/bosnien/sarajevo,/cookie-politik,chrome,1
/bosnien/sarajevo,/europa,content,1
/bosnien/sarajevo,/faq,chrome,1
/bosnien/sarajevo,/gavekort,chrome,1
/bosnien/sarajevo,/katalog,chrome,1
/bosnien/sarajevo,/kulturrejser,content,1
/bosnien/sarajevo,/madrejser,content,1
/bosnien/sarajevo,/nyhedsbrev,chrome,1
/bosnien/sarajevo,/oestrig,content,1
/bosnien/sarajevo,/om-os/kontakt,chrome,1
/bosnien/sarajevo,/om-os/medarbejdere,chrome,1
/bosnien/sarajevo,/om-os/rejseledere,chrome,1
/bosnien/sarajevo,/privatlivspolitik,chrome,1
/bosnien/sarajevo,/rejseforsikring,chrome,1
/bosnien/sarajevo,/rejsekalender,chrome,1
/bosnien/sarajevo,/transformation,chrome,1
/bosnien/sarajevo,/ungarn,content,1
/bulgarien,/,chrome,1
/bulgarien,/bulgarien/bulgariens-skjulte-skatte,content,1
/bulgarien,/cookie-politik,chrome,1
/bulgarien,/faq,chrome,1
/bulgarien,/gavekort,chrome,1
/bulgarien,/katalog,chrome,1
/bulgarien,/nyhedsbrev,chrome,1
/bulgarien,/om-os/kontakt,chrome,1
/bulgarien,/om-os/medarbejdere,chrome,1
/bulgarien,/om-os/rejseledere,chrome,1
/bulgarien,/privatlivspolitik,chrome,1
/bulgarien,/rejseforsikring,chrome,1
/bulgarien,/rejsekalender,chrome,1
/bulgarien,/transformation,chrome,1
/bulgarien/bulgariens-skjulte-skatte,/,chrome,1
/bulgarien/bulgariens-skjulte-skatte,/bulgarien,chrome,1
/bulgarien/bulgariens-skjulte-skatte,/cookie-politik,chrome,1
/bulgarien/bulgariens-skjulte-skatte,/faq,chrome,1
/bulgarien/bulgariens-skjulte-skatte,/gavekort,chrome,1
/bulgarien/bulgariens-skjulte-skatte,/katalog,chrome,1
/bulgarien/bulgariens-skjulte-skatte,/nyhedsbrev,chrome,1
/bulgarien/bulgariens-skjulte-skatte,/om-os/kontakt,chrome,1
/bulgarien/bulgariens-skjulte-skatte,/om-os/medarbejdere,chrome,1
/bulgarien/bulgariens-skjulte-skatte,/om-os/rejseledere,chrome,1
/bulgarien/bulgariens-skjulte-skatte,/privatlivspolitik,chrome,1
/bulgarien/bulgariens-skjulte-skatte,/rejseforsikring,chrome,1
/bulgarien/bulgariens-skjulte-skatte,/rejsekalender,chrome,1
/bulgarien/bulgariens-skjulte-skatte,/transformation,chrome,1
/cookie-politik,/,chrome,1
/cookie-politik,/faq,chrome,1
/cookie-politik,/gavekort,chrome,1
/cookie-politik,/katalog,chrome,1
/cookie-politik,/nyhedsbrev,chrome,1
/cookie-politik,/om-os/kontakt,chrome,1
/cookie-politik,/om-os/medarbejdere,chrome,1
/cookie-politik,/om-os/rejseledere,chrome,1
/cookie-politik,/privatlivspolitik,chrome,1
/cookie-politik,/rejseforsikring,chrome,1
/cookie-politik,/rejsekalender,chrome,1
/cookie-politik,/transformation,chrome,1
/cypern,/,chrome,1
/cypern,/cookie-politik,chrome,1
/cypern,/cypern/charmerende-cypern-kultur-og-livsnydelse,content,1
/cypern,/cypern/cypern-afrodites-smukke-oe,content,1
/cypern,/europa,content,1
/cypern,/faq,chrome,1
/cypern,/gavekort,chrome,1
/cypern,/graekenland,content,1
/cypern,/historiske-rejser,content,1
/cypern,/katalog,chrome,1
/cypern,/madrejser/gastronomirejser,content,1
/cypern,/naturrejser,content,1
/cypern,/nyhedsbrev,chrome,1
/cypern,/om-os/kontakt,chrome,1
/cypern,/om-os/medarbejdere,chrome,1
/cypern,/om-os/rejseledere,chrome,1
/cypern,/privatlivspolitik,chrome,1
/cypern,/rejseforsikring,chrome,1
/cypern,/rejsekalender,chrome,1
/cypern,/transformation,chrome,1
/cypern,/tyrkiet,content,1
/cypern,/vinrejser,content,1
/cypern/charmerende-cypern-kultur-og-livsnydelse,/,chrome,1
/cypern/charmerende-cypern-kultur-og-livsnydelse,/cookie-politik,chrome,1
/cypern/charmerende-cypern-kultur-og-livsnydelse,/cypern,chrome,1
/cypern/charmerende-cypern-kultur-og-livsnydelse,/faq,chrome,1
/cypern/charmerende-cypern-kultur-og-livsnydelse,/gavekort,chrome,1
/cypern/charmerende-cypern-kultur-og-livsnydelse,/historiske-rejser,content,1
/cypern/charmerende-cypern-kultur-og-livsnydelse,/katalog,chrome,1
/cypern/charmerende-cypern-kultur-og-livsnydelse,/kulturrejser,content,1
/cypern/charmerende-cypern-kultur-og-livsnydelse,/madrejser,content,1
/cypern/charmerende-cypern-kultur-og-livsnydelse,/naturrejser,content,1
/cypern/charmerende-cypern-kultur-og-livsnydelse,/nyhedsbrev,chrome,1
/cypern/charmerende-cypern-kultur-og-livsnydelse,/om-os/kontakt,chrome,1
/cypern/charmerende-cypern-kultur-og-livsnydelse,/om-os/medarbejdere,chrome,1
/cypern/charmerende-cypern-kultur-og-livsnydelse,/om-os/rejseledere,chrome,1
/cypern/charmerende-cypern-kultur-og-livsnydelse,/privatlivspolitik,chrome,1
/cypern/charmerende-cypern-kultur-og-livsnydelse,/rejseforsikring,chrome,1
/cypern/charmerende-cypern-kultur-og-livsnydelse,/rejsekalender,chrome,1
/cypern/charmerende-cypern-kultur-og-livsnydelse,/transformation,chrome,1
/cypern/cypern-afrodites-smukke-oe,/,chrome,1
/cypern/cypern-afrodites-smukke-oe,/cookie-politik,chrome,1
/cypern/cypern-afrodites-smukke-oe,/cypern,chrome,1
/cypern/cypern-afrodites-smukke-oe,/faq,chrome,1
/cypern/cypern-afrodites-smukke-oe,/gavekort,chrome,1
/cypern/cypern-afrodites-smukke-oe,/historiske-rejser,content,1
/cypern/cypern-afrodites-smukke-oe,/katalog,chrome,1
/cypern/cypern-afrodites-smukke-oe,/kulturrejser,content,1
/cypern/cypern-afrodites-smukke-oe,/madrejser,content,1
/cypern/cypern-afrodites-smukke-oe,/naturrejser,content,1
/cypern/cypern-afrodites-smukke-oe,/nyhedsbrev,chrome,1
/cypern/cypern-afrodites-smukke-oe,/om-os/kontakt,chrome,1
/cypern/cypern-afrodites-smukke-oe,/om-os/medarbejdere,chrome,1
/cypern/cypern-afrodites-smukke-oe,/om-os/rejseledere,chrome,1
/cypern/cypern-afrodites-smukke-oe,/privatlivspolitik,chrome,1
/cypern/cypern-afrodites-smukke-oe,/rejseforsikring,chrome,1
/cypern/cypern-afrodites-smukke-oe,/rejsekalender,chrome,1
/cypern/cypern-afrodites-smukke-oe,/transformation,chrome,1
/danmark,/,chrome,1
/danmark,/cookie-politik,chrome,1
/danmark,/faq,chrome,1
/danmark,/gavekort,chrome,1
/danmark,/katalog,chrome,1
/danmark,/nyhedsbrev,chrome,1
/danmark,/om-os/kontakt,chrome,1
/danmark,/om-os/medarbejdere,chrome,1
/danmark,/om-os/rejseledere,chrome,1
/danmark,/privatlivspolitik,chrome,1
/danmark,/rejseforsikring,chrome,1
/danmark,/rejsekalender,chrome,1
/danmark,/transformation,chrome,1
/efteraarsrejser,/,chrome,1
/efteraarsrejser,/albanien/autentiske-albanien,content,1
/efteraarsrejser,/cookie-politik,chrome,1
/efteraarsrejser,/cypern/cypern-afrodites-smukke-oe,content,1
/efteraarsrejser,/egypten/cairo-og-nilkrydstogt,content,1
/efteraarsrejser,/faq,chrome,1
/efteraarsrejser,/flodkrydstogter/flodkrydstogt-paa-seinen,content,1
/efteraarsrejser,/frankrig/flodkrydstogt-paa-rhinen-og-tur-med-gletsjerekspressen,content,1
/efteraarsrejser,/frankrig/paris-mon-amour-storbyliv-og-stemning-paa-seinen,content,1
/efteraarsrejser,/frankrig/sydfranske-eventyr-i-provence,content,1
/efteraarsrejser,/gavekort,chrome,1
/efteraarsrejser,/graekenland/nordgraekenland-mellem-himmel-og-hav,content,1
/efteraarsrejser,/graekenland/oe-hop-i-graekenland,content,1
/efteraarsrejser,/graekenland/unik-rundrejse-paa-peloponnes,content,1
/efteraarsrejser,/indien/rajasthan-indiens-juvel,content,1
/efteraarsrejser,/indien/sydindiens-guddommelige-hjerte-kerala,content,1
/efteraarsrejser,/italien/amalfi-a-la-carte,content,1
/efteraarsrejser,/italien/charmerende-cinque-terre,content,1
/efteraarsrejser,/italien/cilento-det-hemmelige-syditalienske-paradis,content,1
/efteraarsrejser,/italien/et-syditaliensk-eventyr,content,1
/efteraarsrejser,/italien/gardasoeens-herligheder,content,1
/efteraarsrejser,/italien/klassiske-sicilien,content,1
/efteraarsrejser,/italien/kulinariske-vandringer-paa-amalfikysten,content,1
/efteraarsrejser,/italien/kulinariske-vandringer-paa-amalfikysten-september-2026,content,1
/efteraarsrejser,/italien/opera-verona,content,1
/efteraarsrejser,/italien/rom-den-evige-stad,content,1
/efteraarsrejser,/italien/vandreferie-i-cinque-terre,content,1
/efteraarsrejser,/italien/vesuvs-arkaeologiske-skygge,content,1
/efteraarsrejser,/italien/vidunderlige-amalfi,content,1
/efteraarsrejser,/italien/vidunderlige-norditalien,content,1
/efteraarsrejser,/italien/vidunderlige-toscana,content,1
/efteraarsrejser,/italien/vin-og-gastronomi-i-piemonte,content,1
/efteraarsrejser,/katalog,chrome,1
/efteraarsrejser,/kina/vandreferie-paa-den-kinesiske-mur,content,1
/efteraarsrejser,/marokko/magiske-marrakech-og-essaouira,content,1
/efteraarsrejser,/marokko/marokko-blandt-berbere-og-beduiner,content,1
/efteraarsrejser,/nyhedsbrev,chrome,1
/efteraarsrejser,/om-os/kontakt,chrome,1
/efteraarsrejser,/om-os/medarbejdere,chrome,1
/efteraarsrejser,/om-os/rejseledere,chrome,1
/efteraarsrejser,/portugal/cascais-portugals-riviera,content,1
/efteraarsrejser,/portugal/lissabon-a-la-carte,content,1
/efteraarsrejser,/portugal/mageloese-madeira,content,1
/efteraarsrejser,/portugal/paa-opdagelse-i-portugal,content,1
/efteraarsrejser,/portugal/porto-og-douro-dalens-herligheder,content,1
/efteraarsrejser,/portugal/vandreferie-paa-algarvekysten,content,1
/efteraarsrejser,/portugal/vandreferie-paa-madeira,content,1
/efteraarsrejser,/privatlivspolitik,chrome,1
/efteraarsrejser,/rejseforsikring,chrome,1
/efteraarsrejser,/rejsekalender,chrome,1
/efteraarsrejser,/schweiz/toppen-af-alperne-med-gletsjer-ekspressen,content,1
/efteraarsrejser,/skotland/haverejse-til-skotland,content,1
/efteraarsrejser,/skotland/sagnomspundne-skotland,content,1
/efteraarsrejser,/skotland/vandreferie-i-skotland,content,1
/efteraarsrejser,/spanien/andalusiens-herligheder,content,1
/efteraarsrejser,/spanien/andalusiens-lys-med-cadiz-og-sevilla,content,1
/efteraarsrejser,/spanien/fra-bilbao-til-bordeaux-en-kulturel-rejse-gennem-baskerland-og-sydfrankrig,content,1
/efteraarsrejser,/spanien/madrid-spaniens-hjerte,content,1
/efteraarsrejser,/spanien/rundrejse-i-andalusien-med-tog,content,1
/efteraarsrejser,/sydafrika/sydafrika-cape-cabernet-og-safari,content,1
/efteraarsrejser,/sydkorea/essensen-af-sydkorea,content,1
/efteraarsrejser,/transformation,chrome,1
/egypten,/,chrome,1
/egypten,/cookie-politik,chrome,1
/egypten,/egypten/cairo-og-nilkrydstogt,content,1
/egypten,/faq,chrome,1
/egypten,/gavekort,chrome,1
/egypten,/katalog,chrome,1
/egypten,/nyhedsbrev,chrome,1
/egypten,/om-os/kontakt,chrome,1
/egypten,/om-os/medarbejdere,chrome,1
/egypten,/om-os/rejseledere,chrome,1
/egypten,/privatlivspolitik,chrome,1
/egypten,/rejseforsikring,chrome,1
/egypten,/rejsekalender,chrome,1
/egypten,/transformation,chrome,1
/egypten/cairo-og-nilkrydstogt,/,chrome,1
/egypten/cairo-og-nilkrydstogt,/cookie-politik,chrome,1
/egypten/cairo-og-nilkrydstogt,/egypten,chrome,1
/egypten/cairo-og-nilkrydstogt,/faq,chrome,1
/egypten/cairo-og-nilkrydstogt,/gavekort,chrome,1
/egypten/cairo-og-nilkrydstogt,/katalog,chrome,1
/egypten/cairo-og-nilkrydstogt,/nyhedsbrev,chrome,1
/egypten/cairo-og-nilkrydstogt,/om-os/kontakt,chrome,1
/egypten/cairo-og-nilkrydstogt,/om-os/medarbejdere,chrome,1
/egypten/cairo-og-nilkrydstogt,/om-os/rejseledere,chrome,1
/egypten/cairo-og-nilkrydstogt,/privatlivspolitik,chrome,1
/egypten/cairo-og-nilkrydstogt,/rejseforsikring,chrome,1
/egypten/cairo-og-nilkrydstogt,/rejsekalender,chrome,1
/egypten/cairo-og-nilkrydstogt,/transformation,chrome,1
/england,/,chrome,1
/england,/cookie-politik,chrome,1
/england,/england/bath,content,1
/england,/england/chester,content,1
/england,/england/cornwall,content,1
/england,/england/haverejse-i-det-sydoestlige-england,content,1
/england,/england/haverejse-i-england-med-chelsea-flower-show,content,1
/england,/england/liverpool,content,1
/england,/england/london,content,1
/england,/england/oxford,content,1
/england,/england/sydengland,content,1
/england,/england/sydenglands-stolthed-og-charme-fra-stonehenge-og-shakespeare-til-downton-abbey,content,1
/england,/england/vandreferie-i-lake-district,content,1
/england,/faq,chrome,1
/england,/gavekort,chrome,1
/england,/katalog,chrome,1
/england,/musik-og-underholdning,content,1
/england,/naturrejser,content,1
/england,/nyhedsbrev,chrome,1
/england,/om-os/kontakt,chrome,1
/england,/om-os/medarbejdere,chrome,1
/england,/om-os/rejseledere,chrome,1
/england,/privatlivspolitik,chrome,1
/england,/rejseforsikring,chrome,1
/england,/rejsekalender,chrome,1
/england,/transformation,chrome,1
/england/bath,/,chrome,1
/england/bath,/cookie-politik,chrome,1
/england/bath,/england,chrome,1
/england/bath,/england/sydenglands-stolthed-og-charme-fra-stonehenge-og-shakespeare-til-downton-abbey,content,1
/england/bath,/faq,chrome,1
/england/bath,/gavekort,chrome,1
/england/bath,/historiske-rejser,content,1
/england/bath,/jul-og-nytaar/julerejser,content,1
/england/bath,/katalog,chrome,1
/england/bath,/madrejser,content,1
/england/bath,/naturrejser,content,1
/england/bath,/nyhedsbrev,chrome,1
/england/bath,/om-os/kontakt,chrome,1
/england/bath,/om-os/medarbejdere,chrome,1
/england/bath,/om-os/rejseledere,chrome,1
/england/bath,/privatlivspolitik,chrome,1
/england/bath,/rejseforsikring,chrome,1
/england/bath,/rejsekalender,chrome,1
/england/bath,/sommerrejser,content,1
/england/bath,/transformation,chrome,1
/england/bath,/vinterrejser,content,1
/england/chester,/,chrome,1
/england/chester,/cookie-politik,chrome,1
/england/chester,/england,chrome,1
/england/chester,/faq,chrome,1
/england/chester,/gavekort,chrome,1
/england/chester,/jul-og-nytaar/julerejser,content,1
/england/chester,/katalog,chrome,1
/england/chester,/kulturrejser,content,1
/england/chester,/madrejser/gastronomirejser,content,1
/england/chester,/nyhedsbrev,chrome,1
/england/chester,/om-os/kontakt,chrome,1
/england/chester,/om-os/medarbejdere,chrome,1
/england/chester,/om-os/rejseledere,chrome,1
/england/chester,/privatlivspolitik,chrome,1
/england/chester,/rejseforsikring,chrome,1
/england/chester,/rejsekalender,chrome,1
/england/chester,/transformation,chrome,1
/england/cornwall,/,chrome,1
/england/cornwall,/cookie-politik,chrome,1
/england/cornwall,/england,chrome,1
/england/cornwall,/faq,chrome,1
/england/cornwall,/gavekort,chrome,1
/england/cornwall,/historiske-rejser,content,1
/england/cornwall,/jul-og-nytaar/julerejser,content,1
/england/cornwall,/katalog,chrome,1
/england/cornwall,/kulturrejser,content,1
/england/cornwall,/madrejser/gastronomirejser,content,1
/england/cornwall,/naturrejser,content,1
/england/cornwall,/naturrejser/haverejser,content,1
/england/cornwall,/nyhedsbrev,chrome,1
/england/cornwall,/om-os/kontakt,chrome,1
/england/cornwall,/om-os/medarbejdere,chrome,1
/england/cornwall,/om-os/rejseledere,chrome,1
/england/cornwall,/privatlivspolitik,chrome,1
/england/cornwall,/rejseforsikring,chrome,1
/england/cornwall,/rejsekalender,chrome,1
/england/cornwall,/transformation,chrome,1
/england/cornwall,/vandreferier,content,1
/england/haverejse-i-det-sydoestlige-england,/,chrome,1
/england/haverejse-i-det-sydoestlige-england,/booking/travel/62822/6743/accommodation,content,0
/england/haverejse-i-det-sydoestlige-england,/cookie-politik,chrome,1
/england/haverejse-i-det-sydoestlige-england,/england,chrome,1
/england/haverejse-i-det-sydoestlige-england,/faq,chrome,1
/england/haverejse-i-det-sydoestlige-england,/gavekort,chrome,1
/england/haverejse-i-det-sydoestlige-england,/katalog,chrome,1
/england/haverejse-i-det-sydoestlige-england,/nyhedsbrev,chrome,1
/england/haverejse-i-det-sydoestlige-england,/om-os/kontakt,chrome,1
/england/haverejse-i-det-sydoestlige-england,/om-os/medarbejdere,chrome,1
/england/haverejse-i-det-sydoestlige-england,/om-os/rejseledere,chrome,1
/england/haverejse-i-det-sydoestlige-england,/privatlivspolitik,chrome,1
/england/haverejse-i-det-sydoestlige-england,/rejseforsikring,chrome,1
/england/haverejse-i-det-sydoestlige-england,/rejsekalender,chrome,1
/england/haverejse-i-det-sydoestlige-england,/transformation,chrome,1
/england/haverejse-i-england-med-chelsea-flower-show,/,chrome,1
/england/haverejse-i-england-med-chelsea-flower-show,/cookie-politik,chrome,1
/england/haverejse-i-england-med-chelsea-flower-show,/england,chrome,1
/england/haverejse-i-england-med-chelsea-flower-show,/england/haverejser-england,content,1
/england/haverejse-i-england-med-chelsea-flower-show,/england/london,content,1
/england/haverejse-i-england-med-chelsea-flower-show,/faq,chrome,1
/england/haverejse-i-england-med-chelsea-flower-show,/gavekort,chrome,1
/england/haverejse-i-england-med-chelsea-flower-show,/katalog,chrome,1
/england/haverejse-i-england-med-chelsea-flower-show,/naturrejser/haverejser,content,1
/england/haverejse-i-england-med-chelsea-flower-show,/nyhedsbrev,chrome,1
/england/haverejse-i-england-med-chelsea-flower-show,/om-os/kontakt,chrome,1
/england/haverejse-i-england-med-chelsea-flower-show,/om-os/medarbejdere,chrome,1
/england/haverejse-i-england-med-chelsea-flower-show,/om-os/rejseledere,chrome,1
/england/haverejse-i-england-med-chelsea-flower-show,/privatlivspolitik,chrome,1
/england/haverejse-i-england-med-chelsea-flower-show,/rejseforsikring,chrome,1
/england/haverejse-i-england-med-chelsea-flower-show,/rejsekalender,chrome,1
/england/haverejse-i-england-med-chelsea-flower-show,/transformation,chrome,1
/england/haverejser-england,/,chrome,1
/england/haverejser-england,/cookie-politik,chrome,1
/england/haverejser-england,/england,chrome,1
/england/haverejser-england,/england/haverejse-i-det-sydoestlige-england,content,1
/england/haverejser-england,/england/haverejse-i-england-med-chelsea-flower-show,content,1
/england/haverejser-england,/faq,chrome,1
/england/haverejser-england,/gavekort,chrome,1
/england/haverejser-england,/katalog,chrome,1
/england/haverejser-england,/nyhedsbrev,chrome,1
/england/haverejser-england,/om-os/kontakt,chrome,1
/england/haverejser-england,/om-os/medarbejdere,chrome,1
/england/haverejser-england,/om-os/rejseledere,chrome,1
/england/haverejser-england,/privatlivspolitik,chrome,1
/england/haverejser-england,/rejseforsikring,chrome,1
/england/haverejser-england,/rejsekalender,chrome,1
/england/haverejser-england,/transformation,chrome,1
/england/liverpool,/,chrome,1
/england/liverpool,/cookie-politik,chrome,1
/england/liverpool,/england,chrome,1
/england/liverpool,/europa,content,1
/england/liverpool,/faq,chrome,1
/england/liverpool,/gavekort,chrome,1
/england/liverpool,/katalog,chrome,1
/england/liverpool,/madrejser,content,1
/england/liverpool,/musik-og-underholdning,content,1
/england/liverpool,/nyhedsbrev,chrome,1
/england/liverpool,/om-os/kontakt,chrome,1
/england/liverpool,/om-os/medarbejdere,chrome,1
/england/liverpool,/om-os/rejseledere,chrome,1
/england/liverpool,/privatlivspolitik,chrome,1
/england/liverpool,/rejseforsikring,chrome,1
/england/liverpool,/rejsekalender,chrome,1
/england/liverpool,/transformation,chrome,1
/england/london,/,chrome,1
/england/london,/cookie-politik,chrome,1
/england/london,/england,chrome,1
/england/london,/england/haverejse-i-england-med-chelsea-flower-show,content,1
/england/london,/faq,chrome,1
/england/london,/gavekort,chrome,1
/england/london,/historiske-rejser,content,1
/england/london,/jul-og-nytaar/julerejser,content,1
/england/london,/katalog,chrome,1
/england/london,/kulturrejser,content,1
/england/london,/madrejser,content,1
/england/london,/musik-og-underholdning,content,1
/england/london,/naturrejser,content,1
/england/london,/nyhedsbrev,chrome,1
/england/london,/om-os/kontakt,chrome,1
/england/london,/om-os/medarbejdere,chrome,1
/england/london,/om-os/rejseledere,chrome,1
/england/london,/privatlivspolitik,chrome,1
/england/london,/rejseforsikring,chrome,1
/england/london,/rejsekalender,chrome,1
/england/london,/transformation,chrome,1
/england/oxford,/,chrome,1
/england/oxford,/cookie-politik,chrome,1
/england/oxford,/england,chrome,1
/england/oxford,/england/london,content,1
/england/oxford,/england/sydenglands-stolthed-og-charme-fra-stonehenge-og-shakespeare-til-downton-abbey,content,1
/england/oxford,/faq,chrome,1
/england/oxford,/frankrig/paris,content,1
/england/oxford,/gavekort,chrome,1
/england/oxford,/historiske-rejser,content,1
/england/oxford,/katalog,chrome,1
/england/oxford,/kulturrejser,content,1
/england/oxford,/musik-og-underholdning,content,1
/england/oxford,/naturrejser,content,1
/england/oxford,/nyhedsbrev,chrome,1
/england/oxford,/om-os/kontakt,chrome,1
/england/oxford,/om-os/medarbejdere,chrome,1
/england/oxford,/om-os/rejseledere,chrome,1
/england/oxford,/privatlivspolitik,chrome,1
/england/oxford,/rejseforsikring,chrome,1
/england/oxford,/rejsekalender,chrome,1
/england/oxford,/transformation,chrome,1
/england/rundrejser-england,/,chrome,1
/england/rundrejser-england,/cookie-politik,chrome,1
/england/rundrejser-england,/england,chrome,1
/england/rundrejser-england,/england/sydenglands-stolthed-og-charme-fra-stonehenge-og-shakespeare-til-downton-abbey,content,1
/england/rundrejser-england,/england/vandreferie-i-lake-district,content,1
/england/rundrejser-england,/faq,chrome,1
/england/rundrejser-england,/gavekort,chrome,1
/england/rundrejser-england,/katalog,chrome,1
/england/rundrejser-england,/nyhedsbrev,chrome,1
/england/rundrejser-england,/om-os/kontakt,chrome,1
/england/rundrejser-england,/om-os/medarbejdere,chrome,1
/england/rundrejser-england,/om-os/rejseledere,chrome,1
/england/rundrejser-england,/privatlivspolitik,chrome,1
/england/rundrejser-england,/rejseforsikring,chrome,1
/england/rundrejser-england,/rejsekalender,chrome,1
/england/rundrejser-england,/transformation,chrome,1
/england/sydengland,/,chrome,1
/england/sydengland,/cookie-politik,chrome,1
/england/sydengland,/england,chrome,1
/england/sydengland,/england/bath,content,1
/england/sydengland,/england/cornwall,content,1
/england/sydengland,/england/haverejse-i-det-sydoestlige-england,content,1
/england/sydengland,/england/haverejse-i-england-med-chelsea-flower-show,content,1
/england/sydengland,/england/oxford,content,1
/england/sydengland,/faq,chrome,1
/england/sydengland,/gavekort,chrome,1
/england/sydengland,/historiske-rejser,content,1
/england/sydengland,/jul-og-nytaar/julerejser,content,1
/england/sydengland,/katalog,chrome,1
/england/sydengland,/kulturrejser,content,1
/england/sydengland,/musik-og-underholdning,content,1
/england/sydengland,/naturrejser,content,1
/england/sydengland,/nyhedsbrev,chrome,1
/england/sydengland,/om-os/kontakt,chrome,1
/england/sydengland,/om-os/medarbejdere,chrome,1
/england/sydengland,/om-os/rejseledere,chrome,1
/england/sydengland,/privatlivspolitik,chrome,1
/england/sydengland,/rejseforsikring,chrome,1
/england/sydengland,/rejsekalender,chrome,1
/england/sydengland,/transformation,chrome,1
/england/sydengland,/vandreferier,content,1
/england/sydenglands-stolthed-og-charme-fra-stonehenge-og-shakespeare-til-downton-abbey,/,chrome,1
/england/sydenglands-stolthed-og-charme-fra-stonehenge-og-shakespeare-til-downton-abbey,/cookie-politik,chrome,1
/england/sydenglands-stolthed-og-charme-fra-stonehenge-og-shakespeare-til-downton-abbey,/england,chrome,1
/england/sydenglands-stolthed-og-charme-fra-stonehenge-og-shakespeare-til-downton-abbey,/england/bath,content,1
/england/sydenglands-stolthed-og-charme-fra-stonehenge-og-shakespeare-til-downton-abbey,/england/london,content,1
/england/sydenglands-stolthed-og-charme-fra-stonehenge-og-shakespeare-til-downton-abbey,/england/oxford,content,1
/england/sydenglands-stolthed-og-charme-fra-stonehenge-og-shakespeare-til-downton-abbey,/faq,chrome,1
/england/sydenglands-stolthed-og-charme-fra-stonehenge-og-shakespeare-til-downton-abbey,/gavekort,chrome,1
/england/sydenglands-stolthed-og-charme-fra-stonehenge-og-shakespeare-til-downton-abbey,/historiske-rejser,content,1
/england/sydenglands-stolthed-og-charme-fra-stonehenge-og-shakespeare-til-downton-abbey,/katalog,chrome,1
/england/sydenglands-stolthed-og-charme-fra-stonehenge-og-shakespeare-til-downton-abbey,/nyhedsbrev,chrome,1
/england/sydenglands-stolthed-og-charme-fra-stonehenge-og-shakespeare-til-downton-abbey,/om-os/kontakt,chrome,1
/england/sydenglands-stolthed-og-charme-fra-stonehenge-og-shakespeare-til-downton-abbey,/om-os/medarbejdere,chrome,1
/england/sydenglands-stolthed-og-charme-fra-stonehenge-og-shakespeare-til-downton-abbey,/om-os/rejseledere,chrome,1
/england/sydenglands-stolthed-og-charme-fra-stonehenge-og-shakespeare-til-downton-abbey,/privatlivspolitik,chrome,1
/england/sydenglands-stolthed-og-charme-fra-stonehenge-og-shakespeare-til-downton-abbey,/rejseforsikring,chrome,1
/england/sydenglands-stolthed-og-charme-fra-stonehenge-og-shakespeare-til-downton-abbey,/rejsekalender,chrome,1
/england/sydenglands-stolthed-og-charme-fra-stonehenge-og-shakespeare-til-downton-abbey,/transformation,chrome,1
/england/vandreferie-i-lake-district,/,chrome,1
/england/vandreferie-i-lake-district,/cookie-politik,chrome,1
/england/vandreferie-i-lake-district,/england,chrome,1
/england/vandreferie-i-lake-district,/europa,content,1
/england/vandreferie-i-lake-district,/faq,chrome,1
/england/vandreferie-i-lake-district,/gavekort,chrome,1
/england/vandreferie-i-lake-district,/historiske-rejser,content,1
/england/vandreferie-i-lake-district,/katalog,chrome,1
/england/vandreferie-i-lake-district,/naturrejser,content,1
/england/vandreferie-i-lake-district,/nyhedsbrev,chrome,1
/england/vandreferie-i-lake-district,/om-os/kontakt,chrome,1
/england/vandreferie-i-lake-district,/om-os/medarbejdere,chrome,1
/england/vandreferie-i-lake-district,/om-os/rejseledere,chrome,1
/england/vandreferie-i-lake-district,/privatlivspolitik,chrome,1
/england/vandreferie-i-lake-district,/rejseforsikring,chrome,1
/england/vandreferie-i-lake-district,/rejsekalender,chrome,1
/england/vandreferie-i-lake-district,/transformation,chrome,1
/england/vandreferie-i-lake-district,/vandreferier,content,1
/estland,/,chrome,1
/estland,/baltikum/den-baltiske-odysse,content,1
/estland,/cookie-politik,chrome,1
/estland,/estland/tallinn,content,1
/estland,/faq,chrome,1
/estland,/gavekort,chrome,1
/estland,/katalog,chrome,1
/estland,/nyhedsbrev,chrome,1
/estland,/om-os/kontakt,chrome,1
/estland,/om-os/medarbejdere,chrome,1
/estland,/om-os/rejseledere,chrome,1
/estland,/privatlivspolitik,chrome,1
/estland,/rejseforsikring,chrome,1
/estland,/rejsekalender,chrome,1
/estland,/sommerrejser,content,1
/estland,/transformation,chrome,1
/estland,/vinterrejser,content,1
/estland/tallinn,/,chrome,1
/estland/tallinn,/baltikum,content,1
/estland/tallinn,/baltikum/den-baltiske-odysse,content,1
/estland/tallinn,/cookie-politik,chrome,1
/estland/tallinn,/estland,chrome,1
/estland/tallinn,/europa,content,1
/estland/tallinn,/faq,chrome,1
/estland/tallinn,/gavekort,chrome,1
/estland/tallinn,/historiske-rejser,content,1
/estland/tallinn,/jul-og-nytaar/julerejser,content,1
/estland/tallinn,/katalog,chrome,1
/estland/tallinn,/kulturrejser,content,1
/estland/tallinn,/naturrejser,content,1
/estland/tallinn,/nyhedsbrev,chrome,1
/estland/tallinn,/om-os/kontakt,chrome,1
/estland/tallinn,/om-os/medarbejdere,chrome,1
/estland/tallinn,/om-os/rejseledere,chrome,1
/estland/tallinn,/privatlivspolitik,chrome,1
/estland/tallinn,/rejseforsikring,chrome,1
/estland/tallinn,/rejsekalender,chrome,1
/estland/tallinn,/storbyferier,content,1
/estland/tallinn,/transformation,chrome,1
/europa,/,chrome,1
/europa,/albanien,content,1
/europa,/albanien/autentiske-albanien,content,1
/europa,/armenien,content,1
/europa,/balkan,content,1
/europa,/balkan/betagende-nord-balkan,content,1
/europa,/balkan/betagende-syd-balkan,content,1
/europa,/baltikum,content,1
/europa,/baltikum/den-baltiske-odysse,content,1
/europa,/belgien,content,1
/europa,/bosnien,content,1
/europa,/bulgarien/bulgariens-skjulte-skatte,content,1
/europa,/cookie-politik,chrome,1
/europa,/cypern,content,1
/europa,/cypern/charmerende-cypern-kultur-og-livsnydelse,content,1
/europa,/cypern/cypern-afrodites-smukke-oe,content,1
/europa,/england,content,1
/europa,/england/haverejse-i-det-sydoestlige-england,content,1
/europa,/england/haverejse-i-england-med-chelsea-flower-show,content,1
/europa,/england/sydenglands-stolthed-og-charme-fra-stonehenge-og-shakespeare-til-downton-abbey,content,1
/europa,/england/vandreferie-i-lake-district,content,1
/europa,/estland,content,1
/europa,/faeroeerne,content,1
/europa,/faeroeerne/fabelagtige-faeroerne,content,1
/europa,/faq,chrome,1
/europa,/flodkrydstogter/douro-deluxe-flodkrydstogt-paa-dourofloden,content,1
/europa,/flodkrydstogter/flodkrydstogt-fra-alsace-til-toppen-af-de-schweiziske-alper,content,1
/europa,/flodkrydstogter/flodkrydstogt-paa-donaufloden,content,1
/europa,/flodkrydstogter/flodkrydstogt-paa-douro-floden,content,1
/europa,/flodkrydstogter/flodkrydstogt-paa-rhinen,content,1
/europa,/flodkrydstogter/flodkrydstogt-paa-rhone-floden,content,1
/europa,/flodkrydstogter/flodkrydstogt-paa-rhone-floden-2027,content,1
/europa,/flodkrydstogter/flodkrydstogt-paa-seinen,content,1
/europa,/frankrig,content,1
/europa,/frankrig/flodkrydstogt-paa-rhinen-og-tur-med-gletsjerekspressen,content,1
/europa,/frankrig/paris,content,1
/europa,/frankrig/paris-mon-amour-storbyliv-og-stemning-paa-seinen,content,1
/europa,/frankrig/seinen,content,1
/europa,/frankrig/sydfranske-eventyr-i-provence,content,1
/europa,/gavekort,chrome,1
/europa,/georgien,content,1
/europa,/georgien/vandreferie-i-georgien-svaneti,content,1
/europa,/graekenland,content,1
/europa,/graekenland/nordgraekenland-mellem-himmel-og-hav,content,1
/europa,/graekenland/oe-hop-i-graekenland,content,1
/europa,/graekenland/smagen-af-kreta,content,1
/europa,/graekenland/unik-rundrejse-paa-peloponnes,content,1
/europa,/graekenland/vandreferie-i-graekenland,content,1
/europa,/historiske-rejser,content,1
/europa,/holland,content,1
/europa,/holland/amsterdam,content,1
/europa,/irland,content,1
/europa,/irland/fortryllende-irland,content,1
/europa,/irland/musikfestival-i-dublin,content,1
/europa,/irland/vandreferie-i-irland,content,1
/europa,/island,content,1
/europa,/italien,content,1
/europa,/italien/amalfi-a-la-carte,content,1
/europa,/italien/amalfikysten,content,1
/europa,/italien/amalfikysten-til-foraarspris,content,1
/europa,/italien/andrea-bocelli-i-toscana,content,1
/europa,/italien/charmerende-cinque-terre,content,1
/europa,/italien/cilento-det-hemmelige-syditalienske-paradis,content,1
/europa,/italien/det-ukendte-norditalien,content,1
/europa,/italien/et-syditaliensk-eventyr,content,1
/europa,/italien/gardasoeens-herligheder,content,1
/europa,/italien/hjertet-af-italien-paa-elcykel,content,1
/europa,/italien/klassiske-sicilien,content,1
/europa,/italien/kulinariske-vandringer-paa-amalfikysten,content,1
/europa,/italien/kulinariske-vandringer-paa-amalfikysten-september-2026,content,1
/europa,/italien/madlavningskursus-paa-amalfikysten,content,1
/europa,/italien/napoli-og-amalfikysten-storbyens-puls-og-kystens-hoejdepunkter,content,1
/europa,/italien/nytaar-i-det-historiske-rom,content,1
/europa,/italien/opera-verona,content,1
/europa,/italien/puccini-operarejse-til-toscana,content,1
/europa,/italien/rom,content,1
/europa,/italien/rom-den-evige-stad,content,1
/europa,/italien/siciliens-riviera,content,1
/europa,/italien/sommer-paa-amalfikysten,content,1
/europa,/italien/sommer-ved-gardasoeen,content,1
/europa,/italien/toscana,content,1
/europa,/italien/vandreferie-i-cinque-terre,content,1
/europa,/italien/vandreferie-ved-gardasoeen,content,1
/europa,/italien/venedig,content,1
/europa,/italien/vesuvs-arkaeologiske-skygge,content,1
/europa,/italien/vidunderlige-amalfi,content,1
/europa,/italien/vidunderlige-norditalien,content,1
/europa,/italien/vidunderlige-toscana,content,1
/europa,/italien/vin-og-gastronomi-i-piemonte,content,1
/europa,/katalog,chrome,1
/europa,/kroatien,content,1
/europa,/kroatien/kroatiens-smukke-kyst,content,1
/europa,/letland,content,1
/europa,/letland/riga,content,1
/europa,/litauen,content,1
/europa,/madrejser/gastronomirejser,content,1
/europa,/musik-og-underholdning,content,1
/europa,/norge,content,1
/europa,/norge/haverejse-til-stavanger,content,1
/europa,/nyhedsbrev,chrome,1
/europa,/oestrig,content,1
/europa,/oestrig/kultur-i-alperne,content,1
/europa,/oestrig/salzburg,content,1
/europa,/om-os/kontakt,chrome,1
/europa,/om-os/medarbejdere,chrome,1
/europa,/om-os/rejseledere,chrome,1
/europa,/polen,content,1
/europa,/polen/kulturel-kvalitetstid-i-krakow,content,1
/europa,/portugal,content,1
/europa,/portugal/azorerne-den-groenne-oe-sao-miguel,content,1
/europa,/portugal/cascais-portugals-riviera,content,1
/europa,/portugal/essensen-af-madeira,content,1
/europa,/portugal/haverejse-til-nordportugal,content,1
/europa,/portugal/idylliske-tavira,content,1
/europa,/portugal/jul-paa-madeira,content,1
/europa,/portugal/lissabon-a-la-carte,content,1
/europa,/portugal/lissabon-og-alentejos-herligheder,content,1
/europa,/portugal/mageloese-madeira,content,1
/europa,/portugal/mageloese_madeira_med_blomsterfestival,content,1
/europa,/portugal/mageloese_madeira_med_blomsterfestivalen,content,1
/europa,/portugal/nytaar-i-porto,content,1
/europa,/portugal/nytaar-paa-algarvekysten,content,1
/europa,/portugal/nytaarsrejse-til-lissabon,content,1
/europa,/portugal/nytaarsrejse-til-madeira,content,1
/europa,/portugal/paa-opdagelse-i-portugal,content,1
/europa,/portugal/porto-og-douro-dalens-herligheder,content,1
/europa,/portugal/portugals-groenne-oerige-azorerne-og-madeira,content,1
/europa,/portugal/praegtige-portugal,content,1
/europa,/portugal/vandreferie-i-portugal,content,1
/europa,/portugal/vandreferie-paa-algarvekysten,content,1
/europa,/portugal/vandreferie-paa-madeira,content,1
/europa,/portugal/vidunderlige-madeira,content,1
/europa,/privatlivspolitik,chrome,1
/europa,/rejseforsikring,chrome,1
/europa,/rejsekalender,chrome,1
/europa,/schweiz,content,1
/europa,/schweiz/toppen-af-alperne-med-gletsjer-ekspressen,content,1
/europa,/serbien,content,1
/europa,/skotland,content,1
/europa,/skotland/haverejse-til-skotland,content,1
/europa,/skotland/sagnomspundne-skotland,content,1
/europa,/skotland/sommer-i-skotland,content,1
/europa,/skotland/vandreferie-i-skotland,content,1
/europa,/slovenien,content,1
/europa,/slovenien/ljubljana-og-de-slovenske-perler,content,1
/europa,/spanien,content,1
/europa,/spanien/andalusien-til-saerpris,content,1
/europa,/spanien/andalusiens-herligheder,content,1
/europa,/spanien/andalusiens-lys-med-cadiz-og-sevilla,content,1
/europa,/spanien/autentiske-catalonien-og-costa-brava,content,1
/europa,/spanien/barcelona,content,1
/europa,/spanien/det-gode-liv-langtidsferie-i-andalusien,content,1
/europa,/spanien/fra-bilbao-til-bordeaux-en-kulturel-rejse-gennem-baskerland-og-sydfrankrig,content,1
/europa,/spanien/fra-bilbao-til-toulouse,content,1
/europa,/spanien/madrid-spaniens-hjerte,content,1
/europa,/spanien/maleriske-mallorca,content,1
/europa,/spanien/rundrejse-i-andalusien-med-tog,content,1
/europa,/spanien/solformoerkelse-i-spanien-bilbao,content,1
/europa,/spanien/solformoerkelse-i-spanien-med-astrofysiker-michael-linden-voernle,content,1
/europa,/spanien/solformoerkelse-i-spanien-valencia,content,1
/europa,/spanien/tenerife-det-evige-foraars-oe,content,1
/europa,/spanien/vandreferie-paa-caminoen,content,1
/europa,/sverige,content,1
/europa,/sverige/gotland-svensk-sommeridyl,content,1
/europa,/tjekkiet,content,1
/europa,/tjekkiet/magiske-prag-en-kulturrejse-i-europas-hjerte,content,1
/europa,/transformation,chrome,1
/europa,/tyrkiet,content,1
/europa,/tyrkiet/maegtige-istanbul,content,1
/europa,/tyskland,content,1
/europa,/ungarn,content,1
/europa,/vandreferier,content,1
/europa,/wales,content,1
/europa/kulturrejser,/,chrome,1
/europa/kulturrejser,/albanien/autentiske-albanien,content,1
/europa/kulturrejser,/balkan/betagende-nord-balkan,content,1
/europa/kulturrejser,/balkan/betagende-syd-balkan,content,1
/europa/kulturrejser,/baltikum/den-baltiske-odysse,content,1
/europa/kulturrejser,/bulgarien/bulgariens-skjulte-skatte,content,1
/europa/kulturrejser,/cookie-politik,chrome,1
/europa/kulturrejser,/cypern/charmerende-cypern-kultur-og-livsnydelse,content,1
/europa/kulturrejser,/cypern/cypern-afrodites-smukke-oe,content,1
/europa/kulturrejser,/england/haverejse-i-det-sydoestlige-england,content,1
/europa/kulturrejser,/england/haverejse-i-england-med-chelsea-flower-show,content,1
/europa/kulturrejser,/england/sydenglands-stolthed-og-charme-fra-stonehenge-og-shakespeare-til-downton-abbey,content,1
/europa/kulturrejser,/england/vandreferie-i-lake-district,content,1
/europa/kulturrejser,/europa,chrome,1
/europa/kulturrejser,/faeroeerne/fabelagtige-faeroerne,content,1
/europa/kulturrejser,/faq,chrome,1
/europa/kulturrejser,/flodkrydstogter/douro-deluxe-flodkrydstogt-paa-dourofloden,content,1
/europa/kulturrejser,/flodkrydstogter/flodkrydstogt-fra-alsace-til-toppen-af-de-schweiziske-alper,content,1
/europa/kulturrejser,/flodkrydstogter/flodkrydstogt-paa-donaufloden,content,1
/europa/kulturrejser,/flodkrydstogter/flodkrydstogt-paa-douro-floden,content,1
/europa/kulturrejser,/flodkrydstogter/flodkrydstogt-paa-rhinen,content,1
/europa/kulturrejser,/flodkrydstogter/flodkrydstogt-paa-rhone-floden,content,1
/europa/kulturrejser,/flodkrydstogter/flodkrydstogt-paa-rhone-floden-2027,content,1
/europa/kulturrejser,/flodkrydstogter/flodkrydstogt-paa-seinen,content,1
/europa/kulturrejser,/frankrig/flodkrydstogt-paa-rhinen-og-tur-med-gletsjerekspressen,content,1
/europa/kulturrejser,/frankrig/paris-mon-amour-storbyliv-og-stemning-paa-seinen,content,1
/europa/kulturrejser,/frankrig/sydfranske-eventyr-i-provence,content,1
/europa/kulturrejser,/gavekort,chrome,1
/europa/kulturrejser,/georgien/vandreferie-i-georgien-svaneti,content,1
/europa/kulturrejser,/graekenland/nordgraekenland-mellem-himmel-og-hav,content,1
/europa/kulturrejser,/graekenland/oe-hop-i-graekenland,content,1
/europa/kulturrejser,/graekenland/smagen-af-kreta,content,1
/europa/kulturrejser,/graekenland/unik-rundrejse-paa-peloponnes,content,1
/europa/kulturrejser,/graekenland/vandreferie-i-graekenland,content,1
/europa/kulturrejser,/irland/fortryllende-irland,content,1
/europa/kulturrejser,/irland/musikfestival-i-dublin,content,1
/europa/kulturrejser,/irland/vandreferie-i-irland,content,1
/europa/kulturrejser,/italien/amalfi-a-la-carte,content,1
/europa/kulturrejser,/italien/amalfikysten-til-foraarspris,content,1
/europa/kulturrejser,/italien/andrea-bocelli-i-toscana,content,1
/europa/kulturrejser,/italien/charmerende-cinque-terre,content,1
/europa/kulturrejser,/italien/cilento-det-hemmelige-syditalienske-paradis,content,1
/europa/kulturrejser,/italien/det-ukendte-norditalien,content,1
/europa/kulturrejser,/italien/et-syditaliensk-eventyr,content,1
/europa/kulturrejser,/italien/gardasoeens-herligheder,content,1
/europa/kulturrejser,/italien/hjertet-af-italien-paa-elcykel,content,1
/europa/kulturrejser,/italien/klassiske-sicilien,content,1
/europa/kulturrejser,/italien/kulinariske-vandringer-paa-amalfikysten,content,1
/europa/kulturrejser,/italien/kulinariske-vandringer-paa-amalfikysten-september-2026,content,1
/europa/kulturrejser,/italien/napoli-og-amalfikysten-storbyens-puls-og-kystens-hoejdepunkter,content,1
/europa/kulturrejser,/italien/nytaar-i-det-historiske-rom,content,1
/europa/kulturrejser,/italien/opera-verona,content,1
/europa/kulturrejser,/italien/puccini-operarejse-til-toscana,content,1
/europa/kulturrejser,/italien/rom-den-evige-stad,content,1
/europa/kulturrejser,/italien/siciliens-riviera,content,1
/europa/kulturrejser,/italien/sommer-paa-amalfikysten,content,1
/europa/kulturrejser,/italien/sommer-ved-gardasoeen,content,1
/europa/kulturrejser,/italien/vandreferie-i-cinque-terre,content,1
/europa/kulturrejser,/italien/vandreferie-ved-gardasoeen,content,1
/europa/kulturrejser,/italien/vesuvs-arkaeologiske-skygge,content,1
/europa/kulturrejser,/italien/vidunderlige-amalfi,content,1
/europa/kulturrejser,/italien/vidunderlige-norditalien,content,1
/europa/kulturrejser,/italien/vidunderlige-toscana,content,1
/europa/kulturrejser,/italien/vin-og-gastronomi-i-piemonte,content,1
/europa/kulturrejser,/katalog,chrome,1
/europa/kulturrejser,/kroatien/kroatiens-smukke-kyst,content,1
/europa/kulturrejser,/nyhedsbrev,chrome,1
/europa/kulturrejser,/oestrig/kultur-i-alperne,content,1
/europa/kulturrejser,/om-os/kontakt,chrome,1
/europa/kulturrejser,/om-os/medarbejdere,chrome,1
/europa/kulturrejser,/om-os/rejseledere,chrome,1
/europa/kulturrejser,/polen/kulturel-kvalitetstid-i-krakow,content,1
/europa/kulturrejser,/portugal/azorerne-den-groenne-oe-sao-miguel,content,1
/europa/kulturrejser,/portugal/cascais-portugals-riviera,content,1
/europa/kulturrejser,/portugal/essensen-af-madeira,content,1
/europa/kulturrejser,/portugal/haverejse-til-nordportugal,content,1
/europa/kulturrejser,/portugal/idylliske-tavira,content,1
/europa/kulturrejser,/portugal/jul-paa-madeira,content,1
/europa/kulturrejser,/portugal/lissabon-a-la-carte,content,1
/europa/kulturrejser,/portugal/lissabon-og-alentejos-herligheder,content,1
/europa/kulturrejser,/portugal/mageloese-madeira,content,1
/europa/kulturrejser,/portugal/mageloese_madeira_med_blomsterfestival,content,1
/europa/kulturrejser,/portugal/mageloese_madeira_med_blomsterfestivalen,content,1
/europa/kulturrejser,/portugal/nytaar-i-porto,content,1
/europa/kulturrejser,/portugal/nytaar-paa-algarvekysten,content,1
/europa/kulturrejser,/portugal/nytaarsrejse-til-lissabon,content,1
/europa/kulturrejser,/portugal/nytaarsrejse-til-madeira,content,1
/europa/kulturrejser,/portugal/paa-opdagelse-i-portugal,content,1
/europa/kulturrejser,/portugal/porto-og-douro-dalens-herligheder,content,1
/europa/kulturrejser,/portugal/portugals-groenne-oerige-azorerne-og-madeira,content,1
/europa/kulturrejser,/portugal/praegtige-portugal,content,1
/europa/kulturrejser,/portugal/vandreferie-i-portugal,content,1
/europa/kulturrejser,/portugal/vandreferie-paa-algarvekysten,content,1
/europa/kulturrejser,/portugal/vandreferie-paa-madeira,content,1
/europa/kulturrejser,/portugal/vidunderlige-madeira,content,1
/europa/kulturrejser,/privatlivspolitik,chrome,1
/europa/kulturrejser,/rejseforsikring,chrome,1
/europa/kulturrejser,/rejsekalender,chrome,1
/europa/kulturrejser,/schweiz/toppen-af-alperne-med-gletsjer-ekspressen,content,1
/europa/kulturrejser,/skotland/haverejse-til-skotland,content,1
/europa/kulturrejser,/skotland/sagnomspundne-skotland,content,1
/europa/kulturrejser,/skotland/sommer-i-skotland,content,1
/europa/kulturrejser,/skotland/vandreferie-i-skotland,content,1
/europa/kulturrejser,/slovenien/ljubljana-og-de-slovenske-perler,content,1
/europa/kulturrejser,/spanien/andalusien-til-saerpris,content,1
/europa/kulturrejser,/spanien/andalusiens-herligheder,content,1
/europa/kulturrejser,/spanien/andalusiens-lys-med-cadiz-og-sevilla,content,1
/europa/kulturrejser,/spanien/autentiske-catalonien-og-costa-brava,content,1
/europa/kulturrejser,/spanien/det-gode-liv-langtidsferie-i-andalusien,content,1
/europa/kulturrejser,/spanien/fra-bilbao-til-bordeaux-en-kulturel-rejse-gennem-baskerland-og-sydfrankrig,content,1
/europa/kulturrejser,/spanien/fra-bilbao-til-toulouse,content,1
/europa/kulturrejser,/spanien/madrid-spaniens-hjerte,content,1
/europa/kulturrejser,/spanien/maleriske-mallorca,content,1
/europa/kulturrejser,/spanien/solformoerkelse-i-spanien-bilbao,content,1
/europa/kulturrejser,/spanien/solformoerkelse-i-spanien-med-astrofysiker-michael-linden-voernle,content,1
/europa/kulturrejser,/spanien/solformoerkelse-i-spanien-valencia,content,1
/europa/kulturrejser,/spanien/tenerife-det-evige-foraars-oe,content,1
/europa/kulturrejser,/spanien/vandreferie-paa-caminoen,content,1
/europa/kulturrejser,/sverige/gotland-svensk-sommeridyl,content,1
/europa/kulturrejser,/tjekkiet/magiske-prag-en-kulturrejse-i-europas-hjerte,content,1
/europa/kulturrejser,/transformation,chrome,1
/europa/kulturrejser,/tyrkiet/maegtige-istanbul,content,1
/faeroeerne,/,chrome,1
/faeroeerne,/cookie-politik,chrome,1
/faeroeerne,/faeroeerne/fabelagtige-faeroerne,content,1
/faeroeerne,/faeroeerne/torshavn,content,1
/faeroeerne,/faq,chrome,1
/faeroeerne,/gavekort,chrome,1
/faeroeerne,/island,content,1
/faeroeerne,/katalog,chrome,1
/faeroeerne,/madrejser/gastronomirejser,content,1
/faeroeerne,/naturrejser,content,1
/faeroeerne,/norge,content,1
/faeroeerne,/nyhedsbrev,chrome,1
/faeroeerne,/om-os/kontakt,chrome,1
/faeroeerne,/om-os/medarbejdere,chrome,1
/faeroeerne,/om-os/rejseledere,chrome,1
/faeroeerne,/privatlivspolitik,chrome,1
/faeroeerne,/rejseforsikring,chrome,1
/faeroeerne,/rejsekalender,chrome,1
/faeroeerne,/transformation,chrome,1
/faeroeerne,/vandreferier,content,1
/faeroeerne/fabelagtige-faeroerne,/,chrome,1
/faeroeerne/fabelagtige-faeroerne,/cookie-politik,chrome,1
/faeroeerne/fabelagtige-faeroerne,/faeroeerne,chrome,1
/faeroeerne/fabelagtige-faeroerne,/faq,chrome,1
/faeroeerne/fabelagtige-faeroerne,/gavekort,chrome,1
/faeroeerne/fabelagtige-faeroerne,/katalog,chrome,1
/faeroeerne/fabelagtige-faeroerne,/nyhedsbrev,chrome,1
/faeroeerne/fabelagtige-faeroerne,/om-os/kontakt,chrome,1
/faeroeerne/fabelagtige-faeroerne,/om-os/medarbejdere,chrome,1
/faeroeerne/fabelagtige-faeroerne,/om-os/rejseledere,chrome,1
/faeroeerne/fabelagtige-faeroerne,/privatlivspolitik,chrome,1
/faeroeerne/fabelagtige-faeroerne,/rejseforsikring,chrome,1
/faeroeerne/fabelagtige-faeroerne,/rejsekalender,chrome,1
/faeroeerne/fabelagtige-faeroerne,/transformation,chrome,1
/faeroeerne/torshavn,/,chrome,1
/faeroeerne/torshavn,/cookie-politik,chrome,1
/faeroeerne/torshavn,/faeroeerne,chrome,1
/faeroeerne/torshavn,/faeroeerne/fabelagtige-faeroerne,content,1
/faeroeerne/torshavn,/faq,chrome,1
/faeroeerne/torshavn,/gavekort,chrome,1
/faeroeerne/torshavn,/historiske-rejser,content,1
/faeroeerne/torshavn,/katalog,chrome,1
/faeroeerne/torshavn,/madrejser,content,1
/faeroeerne/torshavn,/madrejser/gastronomirejser,content,1
/faeroeerne/torshavn,/naturrejser,content,1
/faeroeerne/torshavn,/nyhedsbrev,chrome,1
/faeroeerne/torshavn,/om-os/kontakt,chrome,1
/faeroeerne/torshavn,/om-os/medarbejdere,chrome,1
/faeroeerne/torshavn,/om-os/rejseledere,chrome,1
/faeroeerne/torshavn,/privatlivspolitik,chrome,1
/faeroeerne/torshavn,/rejseforsikring,chrome,1
/faeroeerne/torshavn,/rejsekalender,chrome,1
/faeroeerne/torshavn,/sommerrejser,content,1
/faeroeerne/torshavn,/transformation,chrome,1
/faeroeerne/torshavn,/vinterrejser,content,1
/faq,/,chrome,1
/faq,/cookie-politik,chrome,1
/faq,/gavekort,chrome,1
/faq,/katalog,chrome,1
/faq,/nyhedsbrev,chrome,1
/faq,/om-os/kontakt,chrome,1
/faq,/om-os/medarbejdere,chrome,1
/faq,/om-os/rejseledere,chrome,1
/faq,/privatlivspolitik,chrome,1
/faq,/rejsebetingelser,content,1
/faq,/rejseforsikring,chrome,1
/faq,/rejsekalender,chrome,1
/faq,/transformation,chrome,1
/flere-generationer,/,chrome,1
/flere-generationer,/cookie-politik,chrome,1
/flere-generationer,/faq,chrome,1
/flere-generationer,/gavekort,chrome,1
/flere-generationer,/katalog,chrome,1
/flere-generationer,/nyhedsbrev,chrome,1
/flere-generationer,/om-os/kontakt,chrome,1
/flere-generationer,/om-os/medarbejdere,chrome,1
/flere-generationer,/om-os/rejseledere,chrome,1
/flere-generationer,/portugal/mageloese-madeira,content,1
/flere-generationer,/privatlivspolitik,chrome,1
/flere-generationer,/rejseforsikring,chrome,1
/flere-generationer,/rejsekalender,chrome,1
/flere-generationer,/sri-lanka/klassiske-sri-lanka,content,1
/flere-generationer,/sydkorea/essensen-af-sydkorea,content,1
/flere-generationer,/transformation,chrome,1
/flodkrydstogter,/,chrome,1
/flodkrydstogter,/cookie-politik,chrome,1
/flodkrydstogter,/europa,content,1
/flodkrydstogter,/faq,chrome,1
/flodkrydstogter,/flodkrydstogter/douro-deluxe-flodkrydstogt-paa-dourofloden,content,1
/flodkrydstogter,/flodkrydstogter/flodkrydstogt-fra-alsace-til-toppen-af-de-schweiziske-alper,content,1
/flodkrydstogter,/flodkrydstogter/flodkrydstogt-paa-donaufloden,content,1
/flodkrydstogter,/flodkrydstogter/flodkrydstogt-paa-rhinen,content,1
/flodkrydstogter,/flodkrydstogter/flodkrydstogt-paa-rhone-floden,content,1
/flodkrydstogter,/flodkrydstogter/flodkrydstogt-paa-rhone-floden-2027,content,1
/flodkrydstogter,/flodkrydstogter/flodkrydstogt-paa-seinen,content,1
/flodkrydstogter,/frankrig/flodkrydstogt-paa-rhinen-og-tur-med-gletsjerekspressen,content,1
/flodkrydstogter,/gavekort,chrome,1
/flodkrydstogter,/katalog,chrome,1
/flodkrydstogter,/kulturrejser,content,1
/flodkrydstogter,/naturrejser,content,1
/flodkrydstogter,/nyhedsbrev,chrome,1
/flodkrydstogter,/om-os/kontakt,chrome,1
/flodkrydstogter,/om-os/medarbejdere,chrome,1
/flodkrydstogter,/om-os/rejseledere,chrome,1
/flodkrydstogter,/privatlivspolitik,chrome,1
/flodkrydstogter,/rejseforsikring,chrome,1
/flodkrydstogter,/rejsekalender,chrome,1
/flodkrydstogter,/transformation,chrome,1
/flodkrydstogter,/vinrejser,content,1
/flodkrydstogter/douro-deluxe-flodkrydstogt-paa-dourofloden,/,chrome,1
/flodkrydstogter/douro-deluxe-flodkrydstogt-paa-dourofloden,/cookie-politik,chrome,1
/flodkrydstogter/douro-deluxe-flodkrydstogt-paa-dourofloden,/faq,chrome,1
/flodkrydstogter/douro-deluxe-flodkrydstogt-paa-dourofloden,/flodkrydstogter,chrome,1
/flodkrydstogter/douro-deluxe-flodkrydstogt-paa-dourofloden,/gavekort,chrome,1
/flodkrydstogter/douro-deluxe-flodkrydstogt-paa-dourofloden,/katalog,chrome,1
/flodkrydstogter/douro-deluxe-flodkrydstogt-paa-dourofloden,/nyhedsbrev,chrome,1
/flodkrydstogter/douro-deluxe-flodkrydstogt-paa-dourofloden,/om-os/kontakt,chrome,1
/flodkrydstogter/douro-deluxe-flodkrydstogt-paa-dourofloden,/om-os/medarbejdere,chrome,1
/flodkrydstogter/douro-deluxe-flodkrydstogt-paa-dourofloden,/om-os/rejseledere,chrome,1
/flodkrydstogter/douro-deluxe-flodkrydstogt-paa-dourofloden,/privatlivspolitik,chrome,1
/flodkrydstogter/douro-deluxe-flodkrydstogt-paa-dourofloden,/rejseforsikring,chrome,1
/flodkrydstogter/douro-deluxe-flodkrydstogt-paa-dourofloden,/rejsekalender,chrome,1
/flodkrydstogter/douro-deluxe-flodkrydstogt-paa-dourofloden,/transformation,chrome,1
/flodkrydstogter/flodkrydstogt-fra-alsace-til-toppen-af-de-schweiziske-alper,/,chrome,1
/flodkrydstogter/flodkrydstogt-fra-alsace-til-toppen-af-de-schweiziske-alper,/cookie-politik,chrome,1
/flodkrydstogter/flodkrydstogt-fra-alsace-til-toppen-af-de-schweiziske-alper,/europa,content,1
/flodkrydstogter/flodkrydstogt-fra-alsace-til-toppen-af-de-schweiziske-alper,/faq,chrome,1
/flodkrydstogter/flodkrydstogt-fra-alsace-til-toppen-af-de-schweiziske-alper,/flodkrydstogter,chrome,1
/flodkrydstogter/flodkrydstogt-fra-alsace-til-toppen-af-de-schweiziske-alper,/frankrig/strasbourg,content,1
/flodkrydstogter/flodkrydstogt-fra-alsace-til-toppen-af-de-schweiziske-alper,/gavekort,chrome,1
/flodkrydstogter/flodkrydstogt-fra-alsace-til-toppen-af-de-schweiziske-alper,/historiske-rejser,content,1
/flodkrydstogter/flodkrydstogt-fra-alsace-til-toppen-af-de-schweiziske-alper,/katalog,chrome,1
/flodkrydstogter/flodkrydstogt-fra-alsace-til-toppen-af-de-schweiziske-alper,/kulturrejser,content,1
/flodkrydstogter/flodkrydstogt-fra-alsace-til-toppen-af-de-schweiziske-alper,/nyhedsbrev,chrome,1
/flodkrydstogter/flodkrydstogt-fra-alsace-til-toppen-af-de-schweiziske-alper,/om-os/kontakt,chrome,1
/flodkrydstogter/flodkrydstogt-fra-alsace-til-toppen-af-de-schweiziske-alper,/om-os/medarbejdere,chrome,1
/flodkrydstogter/flodkrydstogt-fra-alsace-til-toppen-af-de-schweiziske-alper,/om-os/rejseledere,chrome,1
/flodkrydstogter/flodkrydstogt-fra-alsace-til-toppen-af-de-schweiziske-alper,/privatlivspolitik,chrome,1
/flodkrydstogter/flodkrydstogt-fra-alsace-til-toppen-af-de-schweiziske-alper,/rejseforsikring,chrome,1
/flodkrydstogter/flodkrydstogt-fra-alsace-til-toppen-af-de-schweiziske-alper,/rejsekalender,chrome,1
/flodkrydstogter/flodkrydstogt-fra-alsace-til-toppen-af-de-schweiziske-alper,/transformation,chrome,1
/flodkrydstogter/flodkrydstogt-paa-donaufloden,/,chrome,1
/flodkrydstogter/flodkrydstogt-paa-donaufloden,/cookie-politik,chrome,1
/flodkrydstogter/flodkrydstogt-paa-donaufloden,/europa,content,1
/flodkrydstogter/flodkrydstogt-paa-donaufloden,/faq,chrome,1
/flodkrydstogter/flodkrydstogt-paa-donaufloden,/flodkrydstogter,chrome,1
/flodkrydstogter/flodkrydstogt-paa-donaufloden,/gavekort,chrome,1
/flodkrydstogter/flodkrydstogt-paa-donaufloden,/katalog,chrome,1
/flodkrydstogter/flodkrydstogt-paa-donaufloden,/kulturrejser,content,1
/flodkrydstogter/flodkrydstogt-paa-donaufloden,/nyhedsbrev,chrome,1
/flodkrydstogter/flodkrydstogt-paa-donaufloden,/oestrig/wien,content,1
/flodkrydstogter/flodkrydstogt-paa-donaufloden,/om-os/kontakt,chrome,1
/flodkrydstogter/flodkrydstogt-paa-donaufloden,/om-os/medarbejdere,chrome,1
/flodkrydstogter/flodkrydstogt-paa-donaufloden,/om-os/rejseledere,chrome,1
/flodkrydstogter/flodkrydstogt-paa-donaufloden,/privatlivspolitik,chrome,1
/flodkrydstogter/flodkrydstogt-paa-donaufloden,/rejseforsikring,chrome,1
/flodkrydstogter/flodkrydstogt-paa-donaufloden,/rejsekalender,chrome,1
/flodkrydstogter/flodkrydstogt-paa-donaufloden,/storbyferier,content,1
/flodkrydstogter/flodkrydstogt-paa-donaufloden,/transformation,chrome,1
/flodkrydstogter/flodkrydstogt-paa-donaufloden,/ungarn/budapest,content,1
/flodkrydstogter/flodkrydstogt-paa-douro-floden,/,chrome,1
/flodkrydstogter/flodkrydstogt-paa-douro-floden,/cookie-politik,chrome,1
/flodkrydstogter/flodkrydstogt-paa-douro-floden,/faq,chrome,1
/flodkrydstogter/flodkrydstogt-paa-douro-floden,/flodkrydstogter,chrome,1
/flodkrydstogter/flodkrydstogt-paa-douro-floden,/gavekort,chrome,1
/flodkrydstogter/flodkrydstogt-paa-douro-floden,/historiske-rejser,content,1
/flodkrydstogter/flodkrydstogt-paa-douro-floden,/katalog,chrome,1
/flodkrydstogter/flodkrydstogt-paa-douro-floden,/nyhedsbrev,chrome,1
/flodkrydstogter/flodkrydstogt-paa-douro-floden,/om-os/kontakt,chrome,1
/flodkrydstogter/flodkrydstogt-paa-douro-floden,/om-os/medarbejdere,chrome,1
/flodkrydstogter/flodkrydstogt-paa-douro-floden,/om-os/rejseledere,chrome,1
/flodkrydstogter/flodkrydstogt-paa-douro-floden,/portugal,content,1
/flodkrydstogter/flodkrydstogt-paa-douro-floden,/portugal/porto,content,1
/flodkrydstogter/flodkrydstogt-paa-douro-floden,/privatlivspolitik,chrome,1
/flodkrydstogter/flodkrydstogt-paa-douro-floden,/rejseforsikring,chrome,1
/flodkrydstogter/flodkrydstogt-paa-douro-floden,/rejsekalender,chrome,1
/flodkrydstogter/flodkrydstogt-paa-douro-floden,/transformation,chrome,1
/flodkrydstogter/flodkrydstogt-paa-douro-floden,/vinrejser/portvinsrejser,content,1
/flodkrydstogter/flodkrydstogt-paa-rhinen,/,chrome,1
/flodkrydstogter/flodkrydstogt-paa-rhinen,/cookie-politik,chrome,1
/flodkrydstogter/flodkrydstogt-paa-rhinen,/faq,chrome,1
/flodkrydstogter/flodkrydstogt-paa-rhinen,/flodkrydstogter,chrome,1
/flodkrydstogter/flodkrydstogt-paa-rhinen,/frankrig/strasbourg,content,1
/flodkrydstogter/flodkrydstogt-paa-rhinen,/gavekort,chrome,1
/flodkrydstogter/flodkrydstogt-paa-rhinen,/historiske-rejser,content,1
/flodkrydstogter/flodkrydstogt-paa-rhinen,/holland,content,1
/flodkrydstogter/flodkrydstogt-paa-rhinen,/holland/amsterdam,content,1
/flodkrydstogter/flodkrydstogt-paa-rhinen,/katalog,chrome,1
/flodkrydstogter/flodkrydstogt-paa-rhinen,/kulturrejser,content,1
/flodkrydstogter/flodkrydstogt-paa-rhinen,/naturrejser,content,1
/flodkrydstogter/flodkrydstogt-paa-rhinen,/nyhedsbrev,chrome,1
/flodkrydstogter/flodkrydstogt-paa-rhinen,/om-os/kontakt,chrome,1
/flodkrydstogter/flodkrydstogt-paa-rhinen,/om-os/medarbejdere,chrome,1
/flodkrydstogter/flodkrydstogt-paa-rhinen,/om-os/rejseledere,chrome,1
/flodkrydstogter/flodkrydstogt-paa-rhinen,/privatlivspolitik,chrome,1
/flodkrydstogter/flodkrydstogt-paa-rhinen,/rejseforsikring,chrome,1
/flodkrydstogter/flodkrydstogt-paa-rhinen,/rejsekalender,chrome,1
/flodkrydstogter/flodkrydstogt-paa-rhinen,/transformation,chrome,1
/flodkrydstogter/flodkrydstogt-paa-rhinen,/tyskland,content,1
/flodkrydstogter/flodkrydstogt-paa-rhinen,/tyskland/koln,content,1
/flodkrydstogter/flodkrydstogt-paa-rhone-floden,/,chrome,1
/flodkrydstogter/flodkrydstogt-paa-rhone-floden,/booking/travel/65453/8055/accommodation,content,0
/flodkrydstogter/flodkrydstogt-paa-rhone-floden,/cookie-politik,chrome,1
/flodkrydstogter/flodkrydstogt-paa-rhone-floden,/faq,chrome,1
/flodkrydstogter/flodkrydstogt-paa-rhone-floden,/flodkrydstogter,chrome,1
/flodkrydstogter/flodkrydstogt-paa-rhone-floden,/gavekort,chrome,1
/flodkrydstogter/flodkrydstogt-paa-rhone-floden,/katalog,chrome,1
/flodkrydstogter/flodkrydstogt-paa-rhone-floden,/nyhedsbrev,chrome,1
/flodkrydstogter/flodkrydstogt-paa-rhone-floden,/om-os/kontakt,chrome,1
/flodkrydstogter/flodkrydstogt-paa-rhone-floden,/om-os/medarbejdere,chrome,1
/flodkrydstogter/flodkrydstogt-paa-rhone-floden,/om-os/rejseledere,chrome,1
/flodkrydstogter/flodkrydstogt-paa-rhone-floden,/privatlivspolitik,chrome,1
/flodkrydstogter/flodkrydstogt-paa-rhone-floden,/rejseforsikring,chrome,1
/flodkrydstogter/flodkrydstogt-paa-rhone-floden,/rejsekalender,chrome,1
/flodkrydstogter/flodkrydstogt-paa-rhone-floden,/transformation,chrome,1
/flodkrydstogter/flodkrydstogt-paa-rhone-floden-2027,/,chrome,1
/flodkrydstogter/flodkrydstogt-paa-rhone-floden-2027,/cookie-politik,chrome,1
/flodkrydstogter/flodkrydstogt-paa-rhone-floden-2027,/faq,chrome,1
/flodkrydstogter/flodkrydstogt-paa-rhone-floden-2027,/flodkrydstogter,chrome,1
/flodkrydstogter/flodkrydstogt-paa-rhone-floden-2027,/gavekort,chrome,1
/flodkrydstogter/flodkrydstogt-paa-rhone-floden-2027,/katalog,chrome,1
/flodkrydstogter/flodkrydstogt-paa-rhone-floden-2027,/nyhedsbrev,chrome,1
/flodkrydstogter/flodkrydstogt-paa-rhone-floden-2027,/om-os/kontakt,chrome,1
/flodkrydstogter/flodkrydstogt-paa-rhone-floden-2027,/om-os/medarbejdere,chrome,1
/flodkrydstogter/flodkrydstogt-paa-rhone-floden-2027,/om-os/rejseledere,chrome,1
/flodkrydstogter/flodkrydstogt-paa-rhone-floden-2027,/privatlivspolitik,chrome,1
/flodkrydstogter/flodkrydstogt-paa-rhone-floden-2027,/rejseforsikring,chrome,1
/flodkrydstogter/flodkrydstogt-paa-rhone-floden-2027,/rejsekalender,chrome,1
/flodkrydstogter/flodkrydstogt-paa-rhone-floden-2027,/transformation,chrome,1
/flodkrydstogter/flodkrydstogt-paa-seinen,/,chrome,1
/flodkrydstogter/flodkrydstogt-paa-seinen,/cookie-politik,chrome,1
/flodkrydstogter/flodkrydstogt-paa-seinen,/faq,chrome,1
/flodkrydstogter/flodkrydstogt-paa-seinen,/flodkrydstogter,chrome,1
/flodkrydstogter/flodkrydstogt-paa-seinen,/frankrig,content,1
/flodkrydstogter/flodkrydstogt-paa-seinen,/frankrig/paris,content,1
/flodkrydstogter/flodkrydstogt-paa-seinen,/frankrig/rouen,content,1
/flodkrydstogter/flodkrydstogt-paa-seinen,/gavekort,chrome,1
/flodkrydstogter/flodkrydstogt-paa-seinen,/historiske-rejser,content,1
/flodkrydstogter/flodkrydstogt-paa-seinen,/katalog,chrome,1
/flodkrydstogter/flodkrydstogt-paa-seinen,/kulturrejser,content,1
/flodkrydstogter/flodkrydstogt-paa-seinen,/nyhedsbrev,chrome,1
/flodkrydstogter/flodkrydstogt-paa-seinen,/om-os/kontakt,chrome,1
/flodkrydstogter/flodkrydstogt-paa-seinen,/om-os/medarbejdere,chrome,1
/flodkrydstogter/flodkrydstogt-paa-seinen,/om-os/rejseledere,chrome,1
/flodkrydstogter/flodkrydstogt-paa-seinen,/privatlivspolitik,chrome,1
/flodkrydstogter/flodkrydstogt-paa-seinen,/rejseforsikring,chrome,1
/flodkrydstogter/flodkrydstogt-paa-seinen,/rejsekalender,chrome,1
/flodkrydstogter/flodkrydstogt-paa-seinen,/transformation,chrome,1
/flyrejser,/,chrome,1
/flyrejser,/albanien/autentiske-albanien,content,1
/flyrejser,/balkan/betagende-syd-balkan,content,1
/flyrejser,/bulgarien/bulgariens-skjulte-skatte,content,1
/flyrejser,/cookie-politik,chrome,1
/flyrejser,/cypern/charmerende-cypern-kultur-og-livsnydelse,content,1
/flyrejser,/england/haverejse-i-det-sydoestlige-england,content,1
/flyrejser,/faq,chrome,1
/flyrejser,/flodkrydstogter/douro-deluxe-flodkrydstogt-paa-dourofloden,content,1
/flyrejser,/flodkrydstogter/flodkrydstogt-fra-alsace-til-toppen-af-de-schweiziske-alper,content,1
/flyrejser,/flodkrydstogter/flodkrydstogt-paa-donaufloden,content,1
/flyrejser,/flodkrydstogter/flodkrydstogt-paa-rhinen,content,1
/flyrejser,/flodkrydstogter/flodkrydstogt-paa-rhone-floden,content,1
/flyrejser,/flodkrydstogter/flodkrydstogt-paa-rhone-floden-2027,content,1
/flyrejser,/flodkrydstogter/flodkrydstogt-paa-seinen,content,1
/flyrejser,/frankrig/flodkrydstogt-paa-rhinen-og-tur-med-gletsjerekspressen,content,1
/flyrejser,/frankrig/sydfranske-eventyr-i-provence,content,1
/flyrejser,/gavekort,chrome,1
/flyrejser,/georgien/vandreferie-i-georgien-svaneti,content,1
/flyrejser,/graekenland/nordgraekenland-mellem-himmel-og-hav,content,1
/flyrejser,/indien/sydindiens-guddommelige-hjerte-kerala,content,1
/flyrejser,/irland/musikfestival-i-dublin,content,1
/flyrejser,/italien/andrea-bocelli-i-toscana,content,1
/flyrejser,/italien/kulinariske-vandringer-paa-amalfikysten-september-2026,content,1
/flyrejser,/italien/madlavningskursus-paa-amalfikysten,content,1
/flyrejser,/italien/nytaar-i-det-historiske-rom,content,1
/flyrejser,/italien/siciliens-riviera,content,1
/flyrejser,/italien/sommer-paa-amalfikysten,content,1
/flyrejser,/italien/sommer-ved-gardasoeen,content,1
/flyrejser,/italien/vandreferie-i-cinque-terre,content,1
/flyrejser,/italien/vidunderlige-toscana,content,1
/flyrejser,/jordan/jordan-et-magisk-kongerige,content,1
/flyrejser,/jordan/vandreferie-i-jordan,content,1
/flyrejser,/katalog,chrome,1
/flyrejser,/kina/kina-pagoder-pandaer-og-paladser,content,1
/flyrejser,/marokko/farverige-marokko-fra-tanger-til-marrakech,content,1
/flyrejser,/marokko/magiske-marrakech-og-essaouira,content,1
/flyrejser,/marokko/marokko-blandt-berbere-og-beduiner,content,1
/flyrejser,/norge/haverejse-til-stavanger,content,1
/flyrejser,/nyhedsbrev,chrome,1
/flyrejser,/oestrig/kultur-i-alperne,content,1
/flyrejser,/om-os/kontakt,chrome,1
/flyrejser,/om-os/medarbejdere,chrome,1
/flyrejser,/om-os/rejseledere,chrome,1
/flyrejser,/oman/oman-det-fortryllende-oerkenland,content,1
/flyrejser,/portugal/azorerne-den-groenne-oe-sao-miguel,content,1
/flyrejser,/portugal/essensen-af-madeira,content,1
/flyrejser,/portugal/jul-paa-madeira,content,1
/flyrejser,/portugal/lissabon-a-la-carte,content,1
/flyrejser,/portugal/lissabon-og-alentejos-herligheder,content,1
/flyrejser,/portugal/nytaar-paa-algarvekysten,content,1
/flyrejser,/portugal/nytaarsrejse-til-lissabon,content,1
/flyrejser,/portugal/nytaarsrejse-til-madeira,content,1
/flyrejser,/portugal/praegtige-portugal,content,1
/flyrejser,/portugal/vandreferie-i-portugal,content,1
/flyrejser,/portugal/vidunderlige-madeira,content,1
/flyrejser,/privatlivspolitik,chrome,1
/flyrejser,/rejseforsikring,chrome,1
/flyrejser,/rejsekalender,chrome,1
/flyrejser,/schweiz/toppen-af-alperne-med-gletsjer-ekspressen,content,1
/flyrejser,/skotland/haverejse-til-skotland,content,1
/flyrejser,/slovenien/ljubljana-og-de-slovenske-perler,content,1
/flyrejser,/spanien/andalusien-til-saerpris,content,1
/flyrejser,/spanien/fra-bilbao-til-toulouse,content,1
/flyrejser,/spanien/tenerife-det-evige-foraars-oe,content,1
/flyrejser,/spanien/vandreferie-paa-caminoen,content,1
/flyrejser,/sri-lanka/klassiske-sri-lanka,content,1
/flyrejser,/sydafrika/sydafrika-cape-cabernet-og-safari,content,1
/flyrejser,/sydafrika/sydafrika-et-eventyr-i-tre-akter,content,1
/flyrejser,/sydkorea/essensen-af-sydkorea,content,1
/flyrejser,/thailand/thailand-smilets-land,content,1
/flyrejser,/tjekkiet/magiske-prag-en-kulturrejse-i-europas-hjerte,content,1
/flyrejser,/transformation,chrome,1
/flyrejser,/tyrkiet/maegtige-istanbul,content,1
/flyrejser,/vietnam/det-bedste-af-vietnam,content,1
/flyrejser/flyrejser-fra-aalborg-lufthavn,/,chrome,1
/flyrejser/flyrejser-fra-aalborg-lufthavn,/cookie-politik,chrome,1
/flyrejser/flyrejser-fra-aalborg-lufthavn,/faq,chrome,1
/flyrejser/flyrejser-fra-aalborg-lufthavn,/flyrejser,chrome,1
/flyrejser/flyrejser-fra-aalborg-lufthavn,/gavekort,chrome,1
/flyrejser/flyrejser-fra-aalborg-lufthavn,/katalog,chrome,1
/flyrejser/flyrejser-fra-aalborg-lufthavn,/nyhedsbrev,chrome,1
/flyrejser/flyrejser-fra-aalborg-lufthavn,/om-os/kontakt,chrome,1
/flyrejser/flyrejser-fra-aalborg-lufthavn,/om-os/medarbejdere,chrome,1
/flyrejser/flyrejser-fra-aalborg-lufthavn,/om-os/rejseledere,chrome,1
/flyrejser/flyrejser-fra-aalborg-lufthavn,/privatlivspolitik,chrome,1
/flyrejser/flyrejser-fra-aalborg-lufthavn,/rejseforsikring,chrome,1
/flyrejser/flyrejser-fra-aalborg-lufthavn,/rejsekalender,chrome,1
/flyrejser/flyrejser-fra-aalborg-lufthavn,/skotland/haverejse-til-skotland,content,1
/flyrejser/flyrejser-fra-aalborg-lufthavn,/sydkorea/essensen-af-sydkorea,content,1
/flyrejser/flyrejser-fra-aalborg-lufthavn,/transformation,chrome,1
/flyrejser/flyrejser-fra-billund-lufthavn,/,chrome,1
/flyrejser/flyrejser-fra-billund-lufthavn,/cookie-politik,chrome,1
/flyrejser/flyrejser-fra-billund-lufthavn,/faq,chrome,1
/flyrejser/flyrejser-fra-billund-lufthavn,/flyrejser,chrome,1
/flyrejser/flyrejser-fra-billund-lufthavn,/gavekort,chrome,1
/flyrejser/flyrejser-fra-billund-lufthavn,/katalog,chrome,1
/flyrejser/flyrejser-fra-billund-lufthavn,/nyhedsbrev,chrome,1
/flyrejser/flyrejser-fra-billund-lufthavn,/om-os/kontakt,chrome,1
/flyrejser/flyrejser-fra-billund-lufthavn,/om-os/medarbejdere,chrome,1
/flyrejser/flyrejser-fra-billund-lufthavn,/om-os/rejseledere,chrome,1
/flyrejser/flyrejser-fra-billund-lufthavn,/privatlivspolitik,chrome,1
/flyrejser/flyrejser-fra-billund-lufthavn,/rejseforsikring,chrome,1
/flyrejser/flyrejser-fra-billund-lufthavn,/rejsekalender,chrome,1
/flyrejser/flyrejser-fra-billund-lufthavn,/transformation,chrome,1
/foraarsrejser,/,chrome,1
/foraarsrejser,/cookie-politik,chrome,1
/foraarsrejser,/faq,chrome,1
/foraarsrejser,/gavekort,chrome,1
/foraarsrejser,/katalog,chrome,1
/foraarsrejser,/nyhedsbrev,chrome,1
/foraarsrejser,/om-os/kontakt,chrome,1
/foraarsrejser,/om-os/medarbejdere,chrome,1
/foraarsrejser,/om-os/rejseledere,chrome,1
/foraarsrejser,/privatlivspolitik,chrome,1
/foraarsrejser,/rejseforsikring,chrome,1
/foraarsrejser,/rejsekalender,chrome,1
/foraarsrejser,/transformation,chrome,1
/frankrig,/,chrome,1
/frankrig,/cookie-politik,chrome,1
/frankrig,/europa,content,1
/frankrig,/faq,chrome,1
/frankrig,/flodkrydstogter/flodkrydstogt-fra-alsace-til-toppen-af-de-schweiziske-alper,content,1
/frankrig,/flodkrydstogter/flodkrydstogt-paa-rhinen,content,1
/frankrig,/flodkrydstogter/flodkrydstogt-paa-rhone-floden,content,1
/frankrig,/flodkrydstogter/flodkrydstogt-paa-rhone-floden-2027,content,1
/frankrig,/flodkrydstogter/flodkrydstogt-paa-seinen,content,1
/frankrig,/frankrig/cannes,content,1
/frankrig,/frankrig/flodkrydstogt-paa-rhinen-og-tur-med-gletsjerekspressen,content,1
/frankrig,/frankrig/normandiet,content,1
/frankrig,/frankrig/paris,content,1
/frankrig,/frankrig/paris-mon-amour-storbyliv-og-stemning-paa-seinen,content,1
/frankrig,/frankrig/provence,content,1
/frankrig,/frankrig/rouen,content,1
/frankrig,/frankrig/saint-tropez,content,1
/frankrig,/frankrig/seinen,content,1
/frankrig,/frankrig/strasbourg,content,1
/frankrig,/frankrig/sydfranske-eventyr-i-provence,content,1
/frankrig,/gavekort,chrome,1
/frankrig,/historiske-rejser,content,1
/frankrig,/katalog,chrome,1
/frankrig,/kulturrejser,content,1
/frankrig,/madrejser,content,1
/frankrig,/nyhedsbrev,chrome,1
/frankrig,/om-os/kontakt,chrome,1
/frankrig,/om-os/medarbejdere,chrome,1
/frankrig,/om-os/rejseledere,chrome,1
/frankrig,/privatlivspolitik,chrome,1
/frankrig,/rejseforsikring,chrome,1
/frankrig,/rejsekalender,chrome,1
/frankrig,/sommerrejser,content,1
/frankrig,/spanien/fra-bilbao-til-bordeaux-en-kulturel-rejse-gennem-baskerland-og-sydfrankrig,content,1
/frankrig,/spanien/fra-bilbao-til-toulouse,content,1
/frankrig,/transformation,chrome,1
/frankrig,/vinrejser,content,1
/frankrig,/vinterrejser,content,1
/frankrig/cannes,/,chrome,1
/frankrig/cannes,/cookie-politik,chrome,1
/frankrig/cannes,/faq,chrome,1
/frankrig/cannes,/frankrig,chrome,1
/frankrig/cannes,/frankrig/provence,content,1
/frankrig/cannes,/frankrig/sydfranske-eventyr-i-provence,content,1
/frankrig/cannes,/gavekort,chrome,1
/frankrig/cannes,/jul-og-nytaar/julerejser,content,1
/frankrig/cannes,/katalog,chrome,1
/frankrig/cannes,/kulturrejser,content,1
/frankrig/cannes,/nyhedsbrev,chrome,1
/frankrig/cannes,/om-os/kontakt,chrome,1
/frankrig/cannes,/om-os/medarbejdere,chrome,1
/frankrig/cannes,/om-os/rejseledere,chrome,1
/frankrig/cannes,/privatlivspolitik,chrome,1
/frankrig/cannes,/rejseforsikring,chrome,1
/frankrig/cannes,/rejsekalender,chrome,1
/frankrig/cannes,/transformation,chrome,1
/frankrig/cannes,/vandreferier,content,1
/frankrig/cannes,/vinterrejser,content,1
/frankrig/flodkrydstogt-paa-rhinen-og-tur-med-gletsjerekspressen,/,chrome,1
/frankrig/flodkrydstogt-paa-rhinen-og-tur-med-gletsjerekspressen,/cookie-politik,chrome,1
/frankrig/flodkrydstogt-paa-rhinen-og-tur-med-gletsjerekspressen,/faq,chrome,1
/frankrig/flodkrydstogt-paa-rhinen-og-tur-med-gletsjerekspressen,/frankrig,chrome,1
/frankrig/flodkrydstogt-paa-rhinen-og-tur-med-gletsjerekspressen,/gavekort,chrome,1
/frankrig/flodkrydstogt-paa-rhinen-og-tur-med-gletsjerekspressen,/katalog,chrome,1
/frankrig/flodkrydstogt-paa-rhinen-og-tur-med-gletsjerekspressen,/nyhedsbrev,chrome,1
/frankrig/flodkrydstogt-paa-rhinen-og-tur-med-gletsjerekspressen,/om-os/kontakt,chrome,1
/frankrig/flodkrydstogt-paa-rhinen-og-tur-med-gletsjerekspressen,/om-os/medarbejdere,chrome,1
/frankrig/flodkrydstogt-paa-rhinen-og-tur-med-gletsjerekspressen,/om-os/rejseledere,chrome,1
/frankrig/flodkrydstogt-paa-rhinen-og-tur-med-gletsjerekspressen,/privatlivspolitik,chrome,1
/frankrig/flodkrydstogt-paa-rhinen-og-tur-med-gletsjerekspressen,/rejseforsikring,chrome,1
/frankrig/flodkrydstogt-paa-rhinen-og-tur-med-gletsjerekspressen,/rejsekalender,chrome,1
/frankrig/flodkrydstogt-paa-rhinen-og-tur-med-gletsjerekspressen,/transformation,chrome,1
/frankrig/normandiet,/,chrome,1
/frankrig/normandiet,/cookie-politik,chrome,1
/frankrig/normandiet,/england,content,1
/frankrig/normandiet,/europa,content,1
/frankrig/normandiet,/faq,chrome,1
/frankrig/normandiet,/flodkrydstogter/flodkrydstogt-paa-seinen,content,1
/frankrig/normandiet,/frankrig,chrome,1
/frankrig/normandiet,/frankrig/rouen,content,1
/frankrig/normandiet,/gavekort,chrome,1
/frankrig/normandiet,/historiske-rejser,content,1
/frankrig/normandiet,/katalog,chrome,1
/frankrig/normandiet,/naturrejser,content,1
/frankrig/normandiet,/nyhedsbrev,chrome,1
/frankrig/normandiet,/om-os/kontakt,chrome,1
/frankrig/normandiet,/om-os/medarbejdere,chrome,1
/frankrig/normandiet,/om-os/rejseledere,chrome,1
/frankrig/normandiet,/privatlivspolitik,chrome,1
/frankrig/normandiet,/rejseforsikring,chrome,1
/frankrig/normandiet,/rejsekalender,chrome,1
/frankrig/normandiet,/transformation,chrome,1
/frankrig/paris,/,chrome,1
/frankrig/paris,/cookie-politik,chrome,1
/frankrig/paris,/faq,chrome,1
/frankrig/paris,/flodkrydstogter/flodkrydstogt-paa-seinen,content,1
/frankrig/paris,/frankrig,chrome,1
/frankrig/paris,/frankrig/paris-mon-amour-storbyliv-og-stemning-paa-seinen,content,1
/frankrig/paris,/gavekort,chrome,1
/frankrig/paris,/jul-og-nytaar/julerejser,content,1
/frankrig/paris,/katalog,chrome,1
/frankrig/paris,/nyhedsbrev,chrome,1
/frankrig/paris,/om-os/kontakt,chrome,1
/frankrig/paris,/om-os/medarbejdere,chrome,1
/frankrig/paris,/om-os/rejseledere,chrome,1
/frankrig/paris,/privatlivspolitik,chrome,1
/frankrig/paris,/rejseforsikring,chrome,1
/frankrig/paris,/rejsekalender,chrome,1
/frankrig/paris,/transformation,chrome,1
/frankrig/paris,/vandreferier,content,1
/frankrig/paris,/vinrejser,content,1
/frankrig/paris-mon-amour-storbyliv-og-stemning-paa-seinen,/,chrome,1
/frankrig/paris-mon-amour-storbyliv-og-stemning-paa-seinen,/booking/travel/62709/6605/accommodation,content,0
/frankrig/paris-mon-amour-storbyliv-og-stemning-paa-seinen,/cookie-politik,chrome,1
/frankrig/paris-mon-amour-storbyliv-og-stemning-paa-seinen,/faq,chrome,1
/frankrig/paris-mon-amour-storbyliv-og-stemning-paa-seinen,/frankrig,chrome,1
/frankrig/paris-mon-amour-storbyliv-og-stemning-paa-seinen,/gavekort,chrome,1
/frankrig/paris-mon-amour-storbyliv-og-stemning-paa-seinen,/katalog,chrome,1
/frankrig/paris-mon-amour-storbyliv-og-stemning-paa-seinen,/nyhedsbrev,chrome,1
/frankrig/paris-mon-amour-storbyliv-og-stemning-paa-seinen,/om-os/kontakt,chrome,1
/frankrig/paris-mon-amour-storbyliv-og-stemning-paa-seinen,/om-os/medarbejdere,chrome,1
/frankrig/paris-mon-amour-storbyliv-og-stemning-paa-seinen,/om-os/rejseledere,chrome,1
/frankrig/paris-mon-amour-storbyliv-og-stemning-paa-seinen,/privatlivspolitik,chrome,1
/frankrig/paris-mon-amour-storbyliv-og-stemning-paa-seinen,/rejseforsikring,chrome,1
/frankrig/paris-mon-amour-storbyliv-og-stemning-paa-seinen,/rejsekalender,chrome,1
/frankrig/paris-mon-amour-storbyliv-og-stemning-paa-seinen,/transformation,chrome,1
/frankrig/provence,/,chrome,1
/frankrig/provence,/cookie-politik,chrome,1
/frankrig/provence,/faq,chrome,1
/frankrig/provence,/flodkrydstogter/flodkrydstogt-paa-rhone-floden,content,1
/frankrig/provence,/flodkrydstogter/flodkrydstogt-paa-rhone-floden-2027,content,1
/frankrig/provence,/frankrig,chrome,1
/frankrig/provence,/frankrig/paris,content,1
/frankrig/provence,/gavekort,chrome,1
/frankrig/provence,/historiske-rejser,content,1
/frankrig/provence,/katalog,chrome,1
/frankrig/provence,/madrejser,content,1
/frankrig/provence,/naturrejser,content,1
/frankrig/provence,/nyhedsbrev,chrome,1
/frankrig/provence,/om-os/kontakt,chrome,1
/frankrig/provence,/om-os/medarbejdere,chrome,1
/frankrig/provence,/om-os/rejseledere,chrome,1
/frankrig/provence,/privatlivspolitik,chrome,1
/frankrig/provence,/rejseforsikring,chrome,1
/frankrig/provence,/rejsekalender,chrome,1
/frankrig/provence,/transformation,chrome,1
/frankrig/rouen,/,chrome,1
/frankrig/rouen,/cookie-politik,chrome,1
/frankrig/rouen,/england,content,1
/frankrig/rouen,/faq,chrome,1
/frankrig/rouen,/flodkrydstogter/flodkrydstogt-paa-seinen,content,1
/frankrig/rouen,/frankrig,chrome,1
/frankrig/rouen,/frankrig/paris,content,1
/frankrig/rouen,/frankrig/seinen,content,1
/frankrig/rouen,/gavekort,chrome,1
/frankrig/rouen,/katalog,chrome,1
/frankrig/rouen,/kulturrejser,content,1
/frankrig/rouen,/madrejser/gastronomirejser,content,1
/frankrig/rouen,/nyhedsbrev,chrome,1
/frankrig/rouen,/om-os/kontakt,chrome,1
/frankrig/rouen,/om-os/medarbejdere,chrome,1
/frankrig/rouen,/om-os/rejseledere,chrome,1
/frankrig/rouen,/privatlivspolitik,chrome,1
/frankrig/rouen,/rejseforsikring,chrome,1
/frankrig/rouen,/rejsekalender,chrome,1
/frankrig/rouen,/transformation,chrome,1
/frankrig/saint-tropez,/,chrome,1
/frankrig/saint-tropez,/cookie-politik,chrome,1
/frankrig/saint-tropez,/faq,chrome,1
/frankrig/saint-tropez,/frankrig,chrome,1
/frankrig/saint-tropez,/frankrig/provence,content,1
/frankrig/saint-tropez,/frankrig/sydfranske-eventyr-i-provence,content,1
/frankrig/saint-tropez,/gavekort,chrome,1
/frankrig/saint-tropez,/katalog,chrome,1
/frankrig/saint-tropez,/kulturrejser,content,1
/frankrig/saint-tropez,/naturrejser,content,1
/frankrig/saint-tropez,/nyhedsbrev,chrome,1
/frankrig/saint-tropez,/om-os/kontakt,chrome,1
/frankrig/saint-tropez,/om-os/medarbejdere,chrome,1
/frankrig/saint-tropez,/om-os/rejseledere,chrome,1
/frankrig/saint-tropez,/privatlivspolitik,chrome,1
/frankrig/saint-tropez,/rejseforsikring,chrome,1
/frankrig/saint-tropez,/rejsekalender,chrome,1
/frankrig/saint-tropez,/transformation,chrome,1
/frankrig/saint-tropez,/vandreferier,content,1
/frankrig/saint-tropez,/vinrejser,content,1
/frankrig/saint-tropez,/vinterrejser,content,1
/frankrig/seinen,/,chrome,1
/frankrig/seinen,/cookie-politik,chrome,1
/frankrig/seinen,/faq,chrome,1
/frankrig/seinen,/flodkrydstogter/flodkrydstogt-paa-seinen,content,1
/frankrig/seinen,/frankrig,chrome,1
/frankrig/seinen,/frankrig/normandiet,content,1
/frankrig/seinen,/frankrig/paris,content,1
/frankrig/seinen,/frankrig/paris-mon-amour-storbyliv-og-stemning-paa-seinen,content,1
/frankrig/seinen,/gavekort,chrome,1
/frankrig/seinen,/historiske-rejser,content,1
/frankrig/seinen,/katalog,chrome,1
/frankrig/seinen,/naturrejser/blomsterrejser,content,1
/frankrig/seinen,/nyhedsbrev,chrome,1
/frankrig/seinen,/om-os/kontakt,chrome,1
/frankrig/seinen,/om-os/medarbejdere,chrome,1
/frankrig/seinen,/om-os/rejseledere,chrome,1
/frankrig/seinen,/privatlivspolitik,chrome,1
/frankrig/seinen,/rejseforsikring,chrome,1
/frankrig/seinen,/rejsekalender,chrome,1
/frankrig/seinen,/transformation,chrome,1
/frankrig/seinen,/vinrejser,content,1
/frankrig/strasbourg,/,chrome,1
/frankrig/strasbourg,/cookie-politik,chrome,1
/frankrig/strasbourg,/europa,content,1
/frankrig/strasbourg,/faq,chrome,1
/frankrig/strasbourg,/flodkrydstogter/flodkrydstogt-fra-alsace-til-toppen-af-de-schweiziske-alper,content,1
/frankrig/strasbourg,/flodkrydstogter/flodkrydstogt-paa-rhinen,content,1
/frankrig/strasbourg,/frankrig,chrome,1
/frankrig/strasbourg,/gavekort,chrome,1
/frankrig/strasbourg,/historiske-rejser,content,1
/frankrig/strasbourg,/katalog,chrome,1
/frankrig/strasbourg,/kulturrejser,content,1
/frankrig/strasbourg,/naturrejser/haverejser,content,1
/frankrig/strasbourg,/nyhedsbrev,chrome,1
/frankrig/strasbourg,/om-os/kontakt,chrome,1
/frankrig/strasbourg,/om-os/medarbejdere,chrome,1
/frankrig/strasbourg,/om-os/rejseledere,chrome,1
/frankrig/strasbourg,/privatlivspolitik,chrome,1
/frankrig/strasbourg,/rejseforsikring,chrome,1
/frankrig/strasbourg,/rejsekalender,chrome,1
/frankrig/strasbourg,/transformation,chrome,1
/frankrig/strasbourg,/tyskland,content,1
/frankrig/strasbourg,/vinrejser,content,1
/frankrig/sydfranske-eventyr-i-provence,/,chrome,1
/frankrig/sydfranske-eventyr-i-provence,/booking/travel/62416/6308/accommodation,content,0
/frankrig/sydfranske-eventyr-i-provence,/booking/travel/62416/6914/accommodation,content,0
/frankrig/sydfranske-eventyr-i-provence,/cookie-politik,chrome,1
/frankrig/sydfranske-eventyr-i-provence,/faq,chrome,1
/frankrig/sydfranske-eventyr-i-provence,/frankrig,chrome,1
/frankrig/sydfranske-eventyr-i-provence,/frankrig/cannes,content,1
/frankrig/sydfranske-eventyr-i-provence,/frankrig/provence,content,1
/frankrig/sydfranske-eventyr-i-provence,/frankrig/saint-tropez,content,1
/frankrig/sydfranske-eventyr-i-provence,/gavekort,chrome,1
/frankrig/sydfranske-eventyr-i-provence,/italien,content,1
/frankrig/sydfranske-eventyr-i-provence,/katalog,chrome,1
/frankrig/sydfranske-eventyr-i-provence,/madrejser/gastronomirejser,content,1
/frankrig/sydfranske-eventyr-i-provence,/nyhedsbrev,chrome,1
/frankrig/sydfranske-eventyr-i-provence,/om-os/kontakt,chrome,1
/frankrig/sydfranske-eventyr-i-provence,/om-os/medarbejdere,chrome,1
/frankrig/sydfranske-eventyr-i-provence,/om-os/rejseledere,chrome,1
/frankrig/sydfranske-eventyr-i-provence,/privatlivspolitik,chrome,1
/frankrig/sydfranske-eventyr-i-provence,/rejseforsikring,chrome,1
/frankrig/sydfranske-eventyr-i-provence,/rejsekalender,chrome,1
/frankrig/sydfranske-eventyr-i-provence,/transformation,chrome,1
/gavekort,/,chrome,1
/gavekort,/cookie-politik,chrome,1
/gavekort,/faq,chrome,1
/gavekort,/katalog,chrome,1
/gavekort,/nyhedsbrev,chrome,1
/gavekort,/om-os/kontakt,chrome,1
/gavekort,/om-os/medarbejdere,chrome,1
/gavekort,/om-os/rejseledere,chrome,1
/gavekort,/privatlivspolitik,chrome,1
/gavekort,/rejseforsikring,chrome,1
/gavekort,/rejsekalender,chrome,1
/gavekort,/transformation,chrome,1
/georgien,/,chrome,1
/georgien,/asien,content,1
/georgien,/cookie-politik,chrome,1
/georgien,/europa,content,1
/georgien,/faq,chrome,1
/georgien,/gavekort,chrome,1
/georgien,/georgien/vandreferie-i-georgien-svaneti,content,1
/georgien,/historiske-rejser,content,1
/georgien,/jul-og-nytaar,content,1
/georgien,/katalog,chrome,1
/georgien,/kulturrejser,content,1
/georgien,/naturrejser,content,1
/georgien,/nyhedsbrev,chrome,1
/georgien,/om-os/kontakt,chrome,1
/georgien,/om-os/medarbejdere,chrome,1
/georgien,/om-os/rejseledere,chrome,1
/georgien,/privatlivspolitik,chrome,1
/georgien,/rejseforsikring,chrome,1
/georgien,/rejsekalender,chrome,1
/georgien,/sommerrejser,content,1
/georgien,/transformation,chrome,1
/georgien,/vandreferier,content,1
/georgien,/vinrejser,content,1
/georgien/vandreferie-i-georgien-svaneti,/,chrome,1
/georgien/vandreferie-i-georgien-svaneti,/cookie-politik,chrome,1
/georgien/vandreferie-i-georgien-svaneti,/europa,content,1
/georgien/vandreferie-i-georgien-svaneti,/faq,chrome,1
/georgien/vandreferie-i-georgien-svaneti,/gavekort,chrome,1
/georgien/vandreferie-i-georgien-svaneti,/georgien,chrome,1
/georgien/vandreferie-i-georgien-svaneti,/historiske-rejser,content,1
/georgien/vandreferie-i-georgien-svaneti,/katalog,chrome,1
/georgien/vandreferie-i-georgien-svaneti,/kulturrejser,content,1
/georgien/vandreferie-i-georgien-svaneti,/nyhedsbrev,chrome,1
/georgien/vandreferie-i-georgien-svaneti,/oestrig/wien,content,1
/georgien/vandreferie-i-georgien-svaneti,/om-os/kontakt,chrome,1
/georgien/vandreferie-i-georgien-svaneti,/om-os/medarbejdere,chrome,1
/georgien/vandreferie-i-georgien-svaneti,/om-os/rejseledere,chrome,1
/georgien/vandreferie-i-georgien-svaneti,/privatlivspolitik,chrome,1
/georgien/vandreferie-i-georgien-svaneti,/rejseforsikring,chrome,1
/georgien/vandreferie-i-georgien-svaneti,/rejsekalender,chrome,1
/georgien/vandreferie-i-georgien-svaneti,/transformation,chrome,1
/georgien/vandreferie-i-georgien-svaneti,/vandreferier,content,1
/graekenland,/,chrome,1
/graekenland,/balkan/betagende-syd-balkan,content,1
/graekenland,/cookie-politik,chrome,1
/graekenland,/faq,chrome,1
/graekenland,/gavekort,chrome,1
/graekenland,/graekenland/athen,content,1
/graekenland,/graekenland/mykonos,content,1
/graekenland,/graekenland/nordgraekenland-mellem-himmel-og-hav,content,1
/graekenland,/graekenland/oe-hop-i-graekenland,content,1
/graekenland,/graekenland/peloponnes,content,1
/graekenland,/graekenland/santorini,content,1
/graekenland,/graekenland/smagen-af-kreta,content,1
/graekenland,/graekenland/unik-rundrejse-paa-peloponnes,content,1
/graekenland,/graekenland/vandreferie-i-graekenland,content,1
/graekenland,/historiske-rejser,content,1
/graekenland,/katalog,chrome,1
/graekenland,/kulturrejser,content,1
/graekenland,/madrejser/gastronomirejser,content,1
/graekenland,/naturrejser,content,1
/graekenland,/nyhedsbrev,chrome,1
/graekenland,/om-os/kontakt,chrome,1
/graekenland,/om-os/medarbejdere,chrome,1
/graekenland,/om-os/rejseledere,chrome,1
/graekenland,/privatlivspolitik,chrome,1
/graekenland,/rejseforsikring,chrome,1
/graekenland,/rejsekalender,chrome,1
/graekenland,/transformation,chrome,1
/graekenland,/vinrejser,content,1
/graekenland,/vinterrejser,content,1
/graekenland/athen,/,chrome,1
/graekenland/athen,/cookie-politik,chrome,1
/graekenland/athen,/faq,chrome,1
/graekenland/athen,/gavekort,chrome,1
/graekenland/athen,/graekenland,chrome,1
/graekenland/athen,/graekenland/nordgraekenland-mellem-himmel-og-hav,content,1
/graekenland/athen,/graekenland/oe-hop-i-graekenland,content,1
/graekenland/athen,/graekenland/unik-rundrejse-paa-peloponnes,content,1
/graekenland/athen,/graekenland/vandreferie-i-graekenland,content,1
/graekenland/athen,/historiske-rejser,content,1
/graekenland/athen,/katalog,chrome,1
/graekenland/athen,/kulturrejser,content,1
/graekenland/athen,/nyhedsbrev,chrome,1
/graekenland/athen,/om-os/kontakt,chrome,1
/graekenland/athen,/om-os/medarbejdere,chrome,1
/graekenland/athen,/om-os/rejseledere,chrome,1
/graekenland/athen,/privatlivspolitik,chrome,1
/graekenland/athen,/rejseforsikring,chrome,1
/graekenland/athen,/rejsekalender,chrome,1
/graekenland/athen,/storbyferier,content,1
/graekenland/athen,/transformation,chrome,1
/graekenland/mykonos,/,chrome,1
/graekenland/mykonos,/cookie-politik,chrome,1
/graekenland/mykonos,/faq,chrome,1
/graekenland/mykonos,/gavekort,chrome,1
/graekenland/mykonos,/graekenland,chrome,1
/graekenland/mykonos,/katalog,chrome,1
/graekenland/mykonos,/kulturrejser,content,1
/graekenland/mykonos,/naturrejser,content,1
/graekenland/mykonos,/nyhedsbrev,chrome,1
/graekenland/mykonos,/om-os/kontakt,chrome,1
/graekenland/mykonos,/om-os/medarbejdere,chrome,1
/graekenland/mykonos,/om-os/rejseledere,chrome,1
/graekenland/mykonos,/privatlivspolitik,chrome,1
/graekenland/mykonos,/rejseforsikring,chrome,1
/graekenland/mykonos,/rejsekalender,chrome,1
/graekenland/mykonos,/sommerrejser,content,1
/graekenland/mykonos,/storbyferier,content,1
/graekenland/mykonos,/transformation,chrome,1
/graekenland/mykonos,/vinterrejser,content,1
/graekenland/nordgraekenland-mellem-himmel-og-hav,/,chrome,1
/graekenland/nordgraekenland-mellem-himmel-og-hav,/booking/travel/48087/4989/accommodation,content,0
/graekenland/nordgraekenland-mellem-himmel-og-hav,/cookie-politik,chrome,1
/graekenland/nordgraekenland-mellem-himmel-og-hav,/faq,chrome,1
/graekenland/nordgraekenland-mellem-himmel-og-hav,/gavekort,chrome,1
/graekenland/nordgraekenland-mellem-himmel-og-hav,/graekenland,chrome,1
/graekenland/nordgraekenland-mellem-himmel-og-hav,/graekenland/athen,content,1
/graekenland/nordgraekenland-mellem-himmel-og-hav,/historiske-rejser,content,1
/graekenland/nordgraekenland-mellem-himmel-og-hav,/katalog,chrome,1
/graekenland/nordgraekenland-mellem-himmel-og-hav,/kulturrejser,content,1
/graekenland/nordgraekenland-mellem-himmel-og-hav,/nyhedsbrev,chrome,1
/graekenland/nordgraekenland-mellem-himmel-og-hav,/om-os/kontakt,chrome,1
/graekenland/nordgraekenland-mellem-himmel-og-hav,/om-os/medarbejdere,chrome,1
/graekenland/nordgraekenland-mellem-himmel-og-hav,/om-os/rejseledere,chrome,1
/graekenland/nordgraekenland-mellem-himmel-og-hav,/privatlivspolitik,chrome,1
/graekenland/nordgraekenland-mellem-himmel-og-hav,/rejseforsikring,chrome,1
/graekenland/nordgraekenland-mellem-himmel-og-hav,/rejsekalender,chrome,1
/graekenland/nordgraekenland-mellem-himmel-og-hav,/transformation,chrome,1
/graekenland/nordgraekenland-mellem-himmel-og-hav,/vinrejser,content,1
/graekenland/oe-hop-i-graekenland,/,chrome,1
/graekenland/oe-hop-i-graekenland,/booking/travel/48062/4962/accommodation,content,0
/graekenland/oe-hop-i-graekenland,/cookie-politik,chrome,1
/graekenland/oe-hop-i-graekenland,/faq,chrome,1
/graekenland/oe-hop-i-graekenland,/gavekort,chrome,1
/graekenland/oe-hop-i-graekenland,/graekenland,chrome,1
/graekenland/oe-hop-i-graekenland,/graekenland/athen,content,1
/graekenland/oe-hop-i-graekenland,/graekenland/peloponnes,content,1
/graekenland/oe-hop-i-graekenland,/katalog,chrome,1
/graekenland/oe-hop-i-graekenland,/nyhedsbrev,chrome,1
/graekenland/oe-hop-i-graekenland,/om-os/kontakt,chrome,1
/graekenland/oe-hop-i-graekenland,/om-os/medarbejdere,chrome,1
/graekenland/oe-hop-i-graekenland,/om-os/rejseledere,chrome,1
/graekenland/oe-hop-i-graekenland,/privatlivspolitik,chrome,1
/graekenland/oe-hop-i-graekenland,/rejseforsikring,chrome,1
/graekenland/oe-hop-i-graekenland,/rejsekalender,chrome,1
/graekenland/oe-hop-i-graekenland,/storbyferier,content,1
/graekenland/oe-hop-i-graekenland,/transformation,chrome,1
/graekenland/peloponnes,/,chrome,1
/graekenland/peloponnes,/cookie-politik,chrome,1
/graekenland/peloponnes,/europa,content,1
/graekenland/peloponnes,/faq,chrome,1
/graekenland/peloponnes,/gavekort,chrome,1
/graekenland/peloponnes,/graekenland,chrome,1
/graekenland/peloponnes,/graekenland/unik-rundrejse-paa-peloponnes,content,1
/graekenland/peloponnes,/graekenland/vandreferie-i-graekenland,content,1
/graekenland/peloponnes,/historiske-rejser,content,1
/graekenland/peloponnes,/katalog,chrome,1
/graekenland/peloponnes,/kulturrejser,content,1
/graekenland/peloponnes,/nyhedsbrev,chrome,1
/graekenland/peloponnes,/om-os/kontakt,chrome,1
/graekenland/peloponnes,/om-os/medarbejdere,chrome,1
/graekenland/peloponnes,/om-os/rejseledere,chrome,1
/graekenland/peloponnes,/privatlivspolitik,chrome,1
/graekenland/peloponnes,/rejseforsikring,chrome,1
/graekenland/peloponnes,/rejsekalender,chrome,1
/graekenland/peloponnes,/transformation,chrome,1
/graekenland/santorini,/,chrome,1
/graekenland/santorini,/cookie-politik,chrome,1
/graekenland/santorini,/faq,chrome,1
/graekenland/santorini,/gavekort,chrome,1
/graekenland/santorini,/graekenland,chrome,1
/graekenland/santorini,/historiske-rejser,content,1
/graekenland/santorini,/katalog,chrome,1
/graekenland/santorini,/kulturrejser,content,1
/graekenland/santorini,/nyhedsbrev,chrome,1
/graekenland/santorini,/om-os/kontakt,chrome,1
/graekenland/santorini,/om-os/medarbejdere,chrome,1
/graekenland/santorini,/om-os/rejseledere,chrome,1
/graekenland/santorini,/privatlivspolitik,chrome,1
/graekenland/santorini,/rejseforsikring,chrome,1
/graekenland/santorini,/rejsekalender,chrome,1
/graekenland/santorini,/sommerrejser,content,1
/graekenland/santorini,/transformation,chrome,1
/graekenland/santorini,/vinrejser,content,1
/graekenland/santorini,/vinterrejser,content,1
/graekenland/smagen-af-kreta,/,chrome,1
/graekenland/smagen-af-kreta,/cookie-politik,chrome,1
/graekenland/smagen-af-kreta,/faq,chrome,1
/graekenland/smagen-af-kreta,/gavekort,chrome,1
/graekenland/smagen-af-kreta,/graekenland,chrome,1
/graekenland/smagen-af-kreta,/katalog,chrome,1
/graekenland/smagen-af-kreta,/madrejser,content,1
/graekenland/smagen-af-kreta,/nyhedsbrev,chrome,1
/graekenland/smagen-af-kreta,/om-os/kontakt,chrome,1
/graekenland/smagen-af-kreta,/om-os/medarbejdere,chrome,1
/graekenland/smagen-af-kreta,/om-os/rejseledere,chrome,1
/graekenland/smagen-af-kreta,/privatlivspolitik,chrome,1
/graekenland/smagen-af-kreta,/rejseforsikring,chrome,1
/graekenland/smagen-af-kreta,/rejsekalender,chrome,1
/graekenland/smagen-af-kreta,/transformation,chrome,1
/graekenland/smagen-af-kreta,/vinrejser,content,1
/graekenland/unik-rundrejse-paa-peloponnes,/,chrome,1
/graekenland/unik-rundrejse-paa-peloponnes,/booking/travel/48089/4991/accommodation,content,0
/graekenland/unik-rundrejse-paa-peloponnes,/cookie-politik,chrome,1
/graekenland/unik-rundrejse-paa-peloponnes,/faq,chrome,1
/graekenland/unik-rundrejse-paa-peloponnes,/gavekort,chrome,1
/graekenland/unik-rundrejse-paa-peloponnes,/graekenland,chrome,1
/graekenland/unik-rundrejse-paa-peloponnes,/graekenland/athen,content,1
/graekenland/unik-rundrejse-paa-peloponnes,/graekenland/peloponnes,content,1
/graekenland/unik-rundrejse-paa-peloponnes,/historiske-rejser,content,1
/graekenland/unik-rundrejse-paa-peloponnes,/katalog,chrome,1
/graekenland/unik-rundrejse-paa-peloponnes,/kulturrejser,content,1
/graekenland/unik-rundrejse-paa-peloponnes,/naturrejser,content,1
/graekenland/unik-rundrejse-paa-peloponnes,/nyhedsbrev,chrome,1
/graekenland/unik-rundrejse-paa-peloponnes,/om-os/kontakt,chrome,1
/graekenland/unik-rundrejse-paa-peloponnes,/om-os/medarbejdere,chrome,1
/graekenland/unik-rundrejse-paa-peloponnes,/om-os/rejseledere,chrome,1
/graekenland/unik-rundrejse-paa-peloponnes,/privatlivspolitik,chrome,1
/graekenland/unik-rundrejse-paa-peloponnes,/rejseforsikring,chrome,1
/graekenland/unik-rundrejse-paa-peloponnes,/rejsekalender,chrome,1
/graekenland/unik-rundrejse-paa-peloponnes,/storbyferier,content,1
/graekenland/unik-rundrejse-paa-peloponnes,/transformation,chrome,1
/graekenland/unik-rundrejse-paa-peloponnes,/vinrejser,content,1
/graekenland/vandreferie-i-graekenland,/,chrome,1
/graekenland/vandreferie-i-graekenland,/cookie-politik,chrome,1
/graekenland/vandreferie-i-graekenland,/faq,chrome,1
/graekenland/vandreferie-i-graekenland,/gavekort,chrome,1
/graekenland/vandreferie-i-graekenland,/graekenland,chrome,1
/graekenland/vandreferie-i-graekenland,/graekenland/athen,content,1
/graekenland/vandreferie-i-graekenland,/katalog,chrome,1
/graekenland/vandreferie-i-graekenland,/nyhedsbrev,chrome,1
/graekenland/vandreferie-i-graekenland,/om-os/kontakt,chrome,1
/graekenland/vandreferie-i-graekenland,/om-os/medarbejdere,chrome,1
/graekenland/vandreferie-i-graekenland,/om-os/rejseledere,chrome,1
/graekenland/vandreferie-i-graekenland,/privatlivspolitik,chrome,1
/graekenland/vandreferie-i-graekenland,/rejseforsikring,chrome,1
/graekenland/vandreferie-i-graekenland,/rejsekalender,chrome,1
/graekenland/vandreferie-i-graekenland,/transformation,chrome,1
/historiske-rejser,/,chrome,1
/historiske-rejser,/albanien/autentiske-albanien,content,1
/historiske-rejser,/asien,content,1
/historiske-rejser,/balkan/betagende-nord-balkan,content,1
/historiske-rejser,/balkan/betagende-syd-balkan,content,1
/historiske-rejser,/baltikum/den-baltiske-odysse,content,1
/historiske-rejser,/bulgarien/bulgariens-skjulte-skatte,content,1
/historiske-rejser,/cookie-politik,chrome,1
/historiske-rejser,/cypern/charmerende-cypern-kultur-og-livsnydelse,content,1
/historiske-rejser,/cypern/cypern-afrodites-smukke-oe,content,1
/historiske-rejser,/egypten/cairo-og-nilkrydstogt,content,1
/historiske-rejser,/england/sydenglands-stolthed-og-charme-fra-stonehenge-og-shakespeare-til-downton-abbey,content,1
/historiske-rejser,/faeroeerne/fabelagtige-faeroerne,content,1
/historiske-rejser,/faq,chrome,1
/historiske-rejser,/flodkrydstogter/flodkrydstogt-fra-alsace-til-toppen-af-de-schweiziske-alper,content,1
/historiske-rejser,/flodkrydstogter/flodkrydstogt-paa-donaufloden,content,1
/historiske-rejser,/flodkrydstogter/flodkrydstogt-paa-douro-floden,content,1
/historiske-rejser,/flodkrydstogter/flodkrydstogt-paa-rhinen,content,1
/historiske-rejser,/flodkrydstogter/flodkrydstogt-paa-rhone-floden,content,1
/historiske-rejser,/flodkrydstogter/flodkrydstogt-paa-rhone-floden-2027,content,1
/historiske-rejser,/flodkrydstogter/flodkrydstogt-paa-seinen,content,1
/historiske-rejser,/frankrig/paris-mon-amour-storbyliv-og-stemning-paa-seinen,content,1
/historiske-rejser,/frankrig/sydfranske-eventyr-i-provence,content,1
/historiske-rejser,/gavekort,chrome,1
/historiske-rejser,/georgien/vandreferie-i-georgien-svaneti,content,1
/historiske-rejser,/graekenland/nordgraekenland-mellem-himmel-og-hav,content,1
/historiske-rejser,/graekenland/oe-hop-i-graekenland,content,1
/historiske-rejser,/graekenland/smagen-af-kreta,content,1
/historiske-rejser,/graekenland/unik-rundrejse-paa-peloponnes,content,1
/historiske-rejser,/graekenland/vandreferie-i-graekenland,content,1
/historiske-rejser,/indien/rajasthan-indiens-juvel,content,1
/historiske-rejser,/indien/sydindiens-guddommelige-hjerte-kerala,content,1
/historiske-rejser,/irland/fortryllende-irland,content,1
/historiske-rejser,/italien/amalfi-a-la-carte,content,1
/historiske-rejser,/italien/charmerende-cinque-terre,content,1
/historiske-rejser,/italien/cilento-det-hemmelige-syditalienske-paradis,content,1
/historiske-rejser,/italien/det-ukendte-norditalien,content,1
/historiske-rejser,/italien/et-syditaliensk-eventyr,content,1
/historiske-rejser,/italien/gardasoeens-herligheder,content,1
/historiske-rejser,/italien/hjertet-af-italien-paa-elcykel,content,1
/historiske-rejser,/italien/klassiske-sicilien,content,1
/historiske-rejser,/italien/kulinariske-vandringer-paa-amalfikysten-september-2026,content,1
/historiske-rejser,/italien/napoli-og-amalfikysten-storbyens-puls-og-kystens-hoejdepunkter,content,1
/historiske-rejser,/italien/nytaar-i-det-historiske-rom,content,1
/historiske-rejser,/italien/opera-verona,content,1
/historiske-rejser,/italien/puccini-operarejse-til-toscana,content,1
/historiske-rejser,/italien/rom-den-evige-stad,content,1
/historiske-rejser,/italien/siciliens-riviera,content,1
/historiske-rejser,/italien/sommer-paa-amalfikysten,content,1
/historiske-rejser,/italien/sommer-ved-gardasoeen,content,1
/historiske-rejser,/italien/vandreferie-i-cinque-terre,content,1
/historiske-rejser,/italien/vesuvs-arkaeologiske-skygge,content,1
/historiske-rejser,/italien/vidunderlige-amalfi,content,1
/historiske-rejser,/italien/vidunderlige-toscana,content,1
/historiske-rejser,/jordan/vandreferie-i-jordan,content,1
/historiske-rejser,/katalog,chrome,1
/historiske-rejser,/kina/kina-og-tibet-ekspressen,content,1
/historiske-rejser,/kina/kina-pagoder-pandaer-og-paladser,content,1
/historiske-rejser,/kina/vandreferie-paa-den-kinesiske-mur,content,1
/historiske-rejser,/kroatien/kroatiens-smukke-kyst,content,1
/historiske-rejser,/kulturrejser,content,1
/historiske-rejser,/marokko/farverige-marokko-fra-tanger-til-marrakech,content,1
/historiske-rejser,/marokko/magiske-marrakech-og-essaouira,content,1
/historiske-rejser,/nyhedsbrev,chrome,1
/historiske-rejser,/oestrig/kultur-i-alperne,content,1
/historiske-rejser,/om-os/kontakt,chrome,1
/historiske-rejser,/om-os/medarbejdere,chrome,1
/historiske-rejser,/om-os/rejseledere,chrome,1
/historiske-rejser,/oman/oman-det-fortryllende-oerkenland,content,1
/historiske-rejser,/polen/kulturel-kvalitetstid-i-krakow,content,1
/historiske-rejser,/portugal/azorerne-den-groenne-oe-sao-miguel,content,1
/historiske-rejser,/portugal/cascais-portugals-riviera,content,1
/historiske-rejser,/portugal/essensen-af-madeira,content,1
/historiske-rejser,/portugal/haverejse-til-nordportugal,content,1
/historiske-rejser,/portugal/idylliske-tavira,content,1
/historiske-rejser,/portugal/lissabon-a-la-carte,content,1
/historiske-rejser,/portugal/lissabon-og-alentejos-herligheder,content,1
/historiske-rejser,/portugal/nytaar-i-porto,content,1
/historiske-rejser,/portugal/nytaarsrejse-til-lissabon,content,1
/historiske-rejser,/portugal/paa-opdagelse-i-portugal,content,1
/historiske-rejser,/portugal/porto-og-douro-dalens-herligheder,content,1
/historiske-rejser,/portugal/praegtige-portugal,content,1
/historiske-rejser,/portugal/vandreferie-i-portugal,content,1
/historiske-rejser,/portugal/vandreferie-paa-algarvekysten,content,1
/historiske-rejser,/privatlivspolitik,chrome,1
/historiske-rejser,/rejseforsikring,chrome,1
/historiske-rejser,/rejsekalender,chrome,1
/historiske-rejser,/rundrejser,content,1
/historiske-rejser,/skotland/haverejse-til-skotland,content,1
/historiske-rejser,/skotland/sagnomspundne-skotland,content,1
/historiske-rejser,/skotland/sommer-i-skotland,content,1
/historiske-rejser,/skotland/vandreferie-i-skotland,content,1
/historiske-rejser,/slovenien/ljubljana-og-de-slovenske-perler,content,1
/historiske-rejser,/spanien/andalusien-til-saerpris,content,1
/historiske-rejser,/spanien/andalusiens-herligheder,content,1
/historiske-rejser,/spanien/andalusiens-lys-med-cadiz-og-sevilla,content,1
/historiske-rejser,/spanien/autentiske-catalonien-og-costa-brava,content,1
/historiske-rejser,/spanien/det-gode-liv-langtidsferie-i-andalusien,content,1
/historiske-rejser,/spanien/fra-bilbao-til-bordeaux-en-kulturel-rejse-gennem-baskerland-og-sydfrankrig,content,1
/historiske-rejser,/spanien/fra-bilbao-til-toulouse,content,1
/historiske-rejser,/spanien/madrid-spaniens-hjerte,content,1
/historiske-rejser,/spanien/maleriske-mallorca,content,1
/historiske-rejser,/spanien/solformoerkelse-i-spanien-valencia,content,1
/historiske-rejser,/spanien/tenerife-det-evige-foraars-oe,content,1
/historiske-rejser,/spanien/vandreferie-paa-caminoen,content,1
/historiske-rejser,/sri-lanka/klassiske-sri-lanka,content,1
/historiske-rejser,/sri-lanka/sri-lanka-for-livsnydere,content,1
/historiske-rejser,/storbyferier,content,1
/historiske-rejser,/sverige/gotland-svensk-sommeridyl,content,1
/historiske-rejser,/sydafrika/sydafrika-cape-cabernet-og-safari,content,1
/historiske-rejser,/sydafrika/sydafrika-et-eventyr-i-tre-akter,content,1
/historiske-rejser,/sydafrika/sydafrika-for-livsnydere,content,1
/historiske-rejser,/sydkorea/essensen-af-sydkorea,content,1
/historiske-rejser,/tjekkiet/magiske-prag-en-kulturrejse-i-europas-hjerte,content,1
/historiske-rejser,/transformation,chrome,1
/historiske-rejser,/tyrkiet/maegtige-istanbul,content,1
/historiske-rejser,/vietnam/det-bedste-af-vietnam,content,1
/holland,/,chrome,1
/holland,/cookie-politik,chrome,1
/holland,/europa,content,1
/holland,/faq,chrome,1
/holland,/flodkrydstogter/flodkrydstogt-paa-rhinen,content,1
/holland,/frankrig,content,1
/holland,/gavekort,chrome,1
/holland,/historiske-rejser,content,1
/holland,/holland/amsterdam,content,1
/holland,/jul-og-nytaar/julerejser,content,1
/holland,/katalog,chrome,1
/holland,/madrejser/gastronomirejser,content,1
/holland,/naturrejser/haverejser,content,1
/holland,/nyhedsbrev,chrome,1
/holland,/om-os/kontakt,chrome,1
/holland,/om-os/medarbejdere,chrome,1
/holland,/om-os/rejseledere,chrome,1
/holland,/privatlivspolitik,chrome,1
/holland,/rejseforsikring,chrome,1
/holland,/rejsekalender,chrome,1
/holland,/sommerrejser,content,1
/holland,/transformation,chrome,1
/holland,/vandreferier,content,1
/holland/amsterdam,/,chrome,1
/holland/amsterdam,/cookie-politik,chrome,1
/holland/amsterdam,/europa,content,1
/holland/amsterdam,/faq,chrome,1
/holland/amsterdam,/flodkrydstogter/flodkrydstogt-paa-rhinen,content,1
/holland/amsterdam,/gavekort,chrome,1
/holland/amsterdam,/historiske-rejser,content,1
/holland/amsterdam,/holland,chrome,1
/holland/amsterdam,/jul-og-nytaar/julerejser,content,1
/holland/amsterdam,/katalog,chrome,1
/holland/amsterdam,/kulturrejser,content,1
/holland/amsterdam,/madrejser/gastronomirejser,content,1
/holland/amsterdam,/naturrejser/blomsterrejser,content,1
/holland/amsterdam,/nyhedsbrev,chrome,1
/holland/amsterdam,/om-os/kontakt,chrome,1
/holland/amsterdam,/om-os/medarbejdere,chrome,1
/holland/amsterdam,/om-os/rejseledere,chrome,1
/holland/amsterdam,/privatlivspolitik,chrome,1
/holland/amsterdam,/rejseforsikring,chrome,1
/holland/amsterdam,/rejsekalender,chrome,1
/holland/amsterdam,/storbyferier,content,1
/holland/amsterdam,/transformation,chrome,1
/indien,/,chrome,1
/indien,/cookie-politik,chrome,1
/indien,/faq,chrome,1
/indien,/gavekort,chrome,1
/indien,/indien/rajasthan-indiens-juvel,content,1
/indien,/indien/sydindiens-guddommelige-hjerte-kerala,content,1
/indien,/katalog,chrome,1
/indien,/madrejser,content,1
/indien,/musik-og-underholdning,content,1
/indien,/nyhedsbrev,chrome,1
/indien,/om-os/kontakt,chrome,1
/indien,/om-os/medarbejdere,chrome,1
/indien,/om-os/rejseledere,chrome,1
/indien,/privatlivspolitik,chrome,1
/indien,/rejseforsikring,chrome,1
/indien,/rejsekalender,chrome,1
/indien,/transformation,chrome,1
/indien/rajasthan-indiens-juvel,/,chrome,1
/indien/rajasthan-indiens-juvel,/booking/travel/62347/6204/accommodation,content,0
/indien/rajasthan-indiens-juvel,/booking/travel/62998/6997/accommodation,content,0
/indien/rajasthan-indiens-juvel,/cookie-politik,chrome,1
/indien/rajasthan-indiens-juvel,/faq,chrome,1
/indien/rajasthan-indiens-juvel,/gavekort,chrome,1
/indien/rajasthan-indiens-juvel,/indien,chrome,1
/indien/rajasthan-indiens-juvel,/katalog,chrome,1
/indien/rajasthan-indiens-juvel,/nyhedsbrev,chrome,1
/indien/rajasthan-indiens-juvel,/om-os/kontakt,chrome,1
/indien/rajasthan-indiens-juvel,/om-os/medarbejdere,chrome,1
/indien/rajasthan-indiens-juvel,/om-os/rejseledere,chrome,1
/indien/rajasthan-indiens-juvel,/privatlivspolitik,chrome,1
/indien/rajasthan-indiens-juvel,/rejseforsikring,chrome,1
/indien/rajasthan-indiens-juvel,/rejsekalender,chrome,1
/indien/rajasthan-indiens-juvel,/transformation,chrome,1
/indien/sydindiens-guddommelige-hjerte-kerala,/,chrome,1
/indien/sydindiens-guddommelige-hjerte-kerala,/booking/travel/62360/6225/accommodation,content,0
/indien/sydindiens-guddommelige-hjerte-kerala,/booking/travel/62464/6371/accommodation,content,0
/indien/sydindiens-guddommelige-hjerte-kerala,/cookie-politik,chrome,1
/indien/sydindiens-guddommelige-hjerte-kerala,/faq,chrome,1
/indien/sydindiens-guddommelige-hjerte-kerala,/gavekort,chrome,1
/indien/sydindiens-guddommelige-hjerte-kerala,/indien,chrome,1
/indien/sydindiens-guddommelige-hjerte-kerala,/katalog,chrome,1
/indien/sydindiens-guddommelige-hjerte-kerala,/nyhedsbrev,chrome,1
/indien/sydindiens-guddommelige-hjerte-kerala,/om-os/kontakt,chrome,1
/indien/sydindiens-guddommelige-hjerte-kerala,/om-os/medarbejdere,chrome,1
/indien/sydindiens-guddommelige-hjerte-kerala,/om-os/rejseledere,chrome,1
/indien/sydindiens-guddommelige-hjerte-kerala,/privatlivspolitik,chrome,1
/indien/sydindiens-guddommelige-hjerte-kerala,/rejseforsikring,chrome,1
/indien/sydindiens-guddommelige-hjerte-kerala,/rejsekalender,chrome,1
/indien/sydindiens-guddommelige-hjerte-kerala,/transformation,chrome,1
/inspiration,/,chrome,1
/inspiration,/blog,content,1
/inspiration,/cookie-politik,chrome,1
/inspiration,/faq,chrome,1
/inspiration,/gavekort,chrome,1
/inspiration,/katalog,chrome,1
/inspiration,/nyhedsbrev,chrome,1
/inspiration,/om-os/kontakt,chrome,1
/inspiration,/om-os/medarbejdere,chrome,1
/inspiration,/om-os/rejseledere,chrome,1
/inspiration,/privatlivspolitik,chrome,1
/inspiration,/rejseforedrag,content,1
/inspiration,/rejseforsikring,chrome,1
/inspiration,/rejsekalender,chrome,1
/inspiration,/transformation,chrome,1
/irland,/,chrome,1
/irland,/cookie-politik,chrome,1
/irland,/faq,chrome,1
/irland,/gavekort,chrome,1
/irland,/historiske-rejser,content,1
/irland,/irland/dublin,content,1
/irland,/irland/fortryllende-irland,content,1
/irland,/irland/kilkenny,content,1
/irland,/irland/musikfestival-i-dublin,content,1
/irland,/irland/vandreferie-i-irland,content,1
/irland,/jul-og-nytaar/julerejser,content,1
/irland,/katalog,chrome,1
/irland,/kulturrejser,content,1
/irland,/naturrejser,content,1
/irland,/nyhedsbrev,chrome,1
/irland,/om-os/kontakt,chrome,1
/irland,/om-os/medarbejdere,chrome,1
/irland,/om-os/rejseledere,chrome,1
/irland,/privatlivspolitik,chrome,1
/irland,/rejseforsikring,chrome,1
/irland,/rejsekalender,chrome,1
/irland,/sommerrejser,content,1
/irland,/transformation,chrome,1
/irland,/vandreferier,content,1
/irland/dublin,/,chrome,1
/irland/dublin,/cookie-politik,chrome,1
/irland/dublin,/faq,chrome,1
/irland/dublin,/gavekort,chrome,1
/irland/dublin,/historiske-rejser,content,1
/irland/dublin,/irland,chrome,1
/irland/dublin,/irland/fortryllende-irland,content,1
/irland/dublin,/irland/kilkenny,content,1
/irland/dublin,/irland/musikfestival-i-dublin,content,1
/irland/dublin,/irland/vandreferie-i-irland,content,1
/irland/dublin,/katalog,chrome,1
/irland/dublin,/madrejser,content,1
/irland/dublin,/musik-og-underholdning,content,1
/irland/dublin,/nyhedsbrev,chrome,1
/irland/dublin,/om-os/kontakt,chrome,1
/irland/dublin,/om-os/medarbejdere,chrome,1
/irland/dublin,/om-os/rejseledere,chrome,1
/irland/dublin,/privatlivspolitik,chrome,1
/irland/dublin,/rejseforsikring,chrome,1
/irland/dublin,/rejsekalender,chrome,1
/irland/dublin,/transformation,chrome,1
/irland/dublin,/vandreferier,content,1
/irland/dublin,/vinterrejser,content,1
/irland/fortryllende-irland,/,chrome,1
/irland/fortryllende-irland,/booking/travel/62917/6870/accommodation,content,0
/irland/fortryllende-irland,/booking/travel/65448/8028/accommodation,content,0
/irland/fortryllende-irland,/cookie-politik,chrome,1
/irland/fortryllende-irland,/faq,chrome,1
/irland/fortryllende-irland,/gavekort,chrome,1
/irland/fortryllende-irland,/historiske-rejser,content,1
/irland/fortryllende-irland,/irland,chrome,1
/irland/fortryllende-irland,/irland/dublin,content,1
/irland/fortryllende-irland,/irland/kilkenny,content,1
/irland/fortryllende-irland,/katalog,chrome,1
/irland/fortryllende-irland,/kulturrejser,content,1
/irland/fortryllende-irland,/naturrejser,content,1
/irland/fortryllende-irland,/naturrejser/blomsterrejser,content,1
/irland/fortryllende-irland,/nyhedsbrev,chrome,1
/irland/fortryllende-irland,/om-os/kontakt,chrome,1
/irland/fortryllende-irland,/om-os/medarbejdere,chrome,1
/irland/fortryllende-irland,/om-os/rejseledere,chrome,1
/irland/fortryllende-irland,/privatlivspolitik,chrome,1
/irland/fortryllende-irland,/rejseforsikring,chrome,1
/irland/fortryllende-irland,/rejsekalender,chrome,1
/irland/fortryllende-irland,/storbyferier,content,1
/irland/fortryllende-irland,/transformation,chrome,1
/irland/kilkenny,/,chrome,1
/irland/kilkenny,/cookie-politik,chrome,1
/irland/kilkenny,/faq,chrome,1
/irland/kilkenny,/gavekort,chrome,1
/irland/kilkenny,/historiske-rejser,content,1
/irland/kilkenny,/irland,chrome,1
/irland/kilkenny,/irland/fortryllende-irland,content,1
/irland/kilkenny,/katalog,chrome,1
/irland/kilkenny,/kulturrejser,content,1
/irland/kilkenny,/madrejser,content,1
/irland/kilkenny,/musik-og-underholdning,content,1
/irland/kilkenny,/musik-og-underholdning/koncert-rejser,content,1
/irland/kilkenny,/naturrejser/haverejser,content,1
/irland/kilkenny,/nyhedsbrev,chrome,1
/irland/kilkenny,/om-os/kontakt,chrome,1
/irland/kilkenny,/om-os/medarbejdere,chrome,1
/irland/kilkenny,/om-os/rejseledere,chrome,1
/irland/kilkenny,/paaskerejser,content,1
/irland/kilkenny,/privatlivspolitik,chrome,1
/irland/kilkenny,/rejseforsikring,chrome,1
/irland/kilkenny,/rejsekalender,chrome,1
/irland/kilkenny,/transformation,chrome,1
/irland/kilkenny,/vandreferier,content,1
/irland/musikfestival-i-dublin,/,chrome,1
/irland/musikfestival-i-dublin,/booking/travel/62425/6319/accommodation,content,0
/irland/musikfestival-i-dublin,/cookie-politik,chrome,1
/irland/musikfestival-i-dublin,/faq,chrome,1
/irland/musikfestival-i-dublin,/gavekort,chrome,1
/irland/musikfestival-i-dublin,/irland,chrome,1
/irland/musikfestival-i-dublin,/irland/dublin,content,1
/irland/musikfestival-i-dublin,/katalog,chrome,1
/irland/musikfestival-i-dublin,/nyhedsbrev,chrome,1
/irland/musikfestival-i-dublin,/om-os/kontakt,chrome,1
/irland/musikfestival-i-dublin,/om-os/medarbejdere,chrome,1
/irland/musikfestival-i-dublin,/om-os/rejseledere,chrome,1
/irland/musikfestival-i-dublin,/privatlivspolitik,chrome,1
/irland/musikfestival-i-dublin,/rejseforsikring,chrome,1
/irland/musikfestival-i-dublin,/rejsekalender,chrome,1
/irland/musikfestival-i-dublin,/transformation,chrome,1
/irland/vandreferie-i-irland,/,chrome,1
/irland/vandreferie-i-irland,/cookie-politik,chrome,1
/irland/vandreferie-i-irland,/faq,chrome,1
/irland/vandreferie-i-irland,/gavekort,chrome,1
/irland/vandreferie-i-irland,/historiske-rejser,content,1
/irland/vandreferie-i-irland,/irland,chrome,1
/irland/vandreferie-i-irland,/irland/dublin,content,1
/irland/vandreferie-i-irland,/katalog,chrome,1
/irland/vandreferie-i-irland,/naturrejser,content,1
/irland/vandreferie-i-irland,/nyhedsbrev,chrome,1
/irland/vandreferie-i-irland,/om-os/kontakt,chrome,1
/irland/vandreferie-i-irland,/om-os/medarbejdere,chrome,1
/irland/vandreferie-i-irland,/om-os/rejseledere,chrome,1
/irland/vandreferie-i-irland,/privatlivspolitik,chrome,1
/irland/vandreferie-i-irland,/rejseforsikring,chrome,1
/irland/vandreferie-i-irland,/rejsekalender,chrome,1
/irland/vandreferie-i-irland,/transformation,chrome,1
/irland/vandreferie-i-irland,/vandreferier,content,1
/island,/,chrome,1
/island,/cookie-politik,chrome,1
/island,/faq,chrome,1
/island,/gavekort,chrome,1
/island,/historiske-rejser,content,1
/island,/katalog,chrome,1
/island,/kulturrejser,content,1
/island,/musik-og-underholdning,content,1
/island,/naturrejser,content,1
/island,/norge,content,1
/island,/nyhedsbrev,chrome,1
/island,/om-os/kontakt,chrome,1
/island,/om-os/medarbejdere,chrome,1
/island,/om-os/rejseledere,chrome,1
/island,/privatlivspolitik,chrome,1
/island,/rejseforsikring,chrome,1
/island,/rejsekalender,chrome,1
/island,/safarirejser,content,1
/island,/transformation,chrome,1
/island,/vandreferier,content,1
/italien,/,chrome,1
/italien,/cookie-politik,chrome,1
/italien,/europa,content,1
/italien,/faq,chrome,1
/italien,/frankrig/sydfranske-eventyr-i-provence,content,1
/italien,/gavekort,chrome,1
/italien,/italien/amalfi,content,1
/italien,/italien/amalfi-a-la-carte,content,1
/italien,/italien/amalfikysten,content,1
/italien,/italien/amalfikysten-til-foraarspris,content,1
/italien,/italien/andrea-bocelli-i-toscana,content,1
/italien,/italien/apulien,content,1
/italien,/italien/charmerende-cinque-terre,content,1
/italien,/italien/cilento-det-hemmelige-syditalienske-paradis,content,1
/italien,/italien/det-ukendte-norditalien,content,1
/italien,/italien/et-syditaliensk-eventyr,content,1
/italien,/italien/firenze,content,1
/italien,/italien/gardasoeen,content,1
/italien,/italien/gardasoeens-herligheder,content,1
/italien,/italien/genova,content,1
/italien,/italien/hjertet-af-italien-paa-elcykel,content,1
/italien,/italien/klassiske-sicilien,content,1
/italien,/italien/kulinariske-vandringer-paa-amalfikysten,content,1
/italien,/italien/kulinariske-vandringer-paa-amalfikysten-september-2026,content,1
/italien,/italien/madlavningskursus-paa-amalfikysten,content,1
/italien,/italien/napoli,content,1
/italien,/italien/napoli-og-amalfikysten-storbyens-puls-og-kystens-hoejdepunkter,content,1
/italien,/italien/nytaar-i-det-historiske-rom,content,1
/italien,/italien/opera-verona,content,1
/italien,/italien/pompeji,content,1
/italien,/italien/puccini-operarejse-til-toscana,content,1
/italien,/italien/rom,content,1
/italien,/italien/rom-den-evige-stad,content,1
/italien,/italien/sicilien,content,1
/italien,/italien/siciliens-riviera,content,1
/italien,/italien/sommer-paa-amalfikysten,content,1
/italien,/italien/sommer-ved-gardasoeen,content,1
/italien,/italien/syditalien,content,1
/italien,/italien/vandreferie-i-cinque-terre,content,1
/italien,/italien/vandreferie-ved-gardasoeen,content,1
/italien,/italien/venedig,content,1
/italien,/italien/verona,content,1
/italien,/italien/vesuvs-arkaeologiske-skygge,content,1
/italien,/italien/vidunderlige-amalfi,content,1
/italien,/italien/vidunderlige-norditalien,content,1
/italien,/italien/vidunderlige-toscana,content,1
/italien,/italien/vin-og-gastronomi-i-piemonte,content,1
/italien,/jul-og-nytaar/julerejser,content,1
/italien,/katalog,chrome,1
/italien,/musik-og-underholdning/operarejser,content,1
/italien,/nyhedsbrev,chrome,1
/italien,/om-os/kontakt,chrome,1
/italien,/om-os/medarbejdere,chrome,1
/italien,/om-os/rejseledere,chrome,1
/italien,/privatlivspolitik,chrome,1
/italien,/rejseforsikring,chrome,1
/italien,/rejsekalender,chrome,1
/italien,/schweiz/toppen-af-alperne-med-gletsjer-ekspressen,content,1
/italien,/transformation,chrome,1
/italien/amalfi,/,chrome,1
/italien/amalfi,/cookie-politik,chrome,1
/italien/amalfi,/europa,content,1
/italien/amalfi,/faq,chrome,1
/italien/amalfi,/gavekort,chrome,1
/italien/amalfi,/historiske-rejser,content,1
/italien/amalfi,/italien,chrome,1
/italien/amalfi,/italien/amalfi-a-la-carte,content,1
/italien/amalfi,/italien/amalfikysten,content,1
/italien/amalfi,/italien/amalfikysten-til-foraarspris,content,1
/italien/amalfi,/italien/kulinariske-vandringer-paa-amalfikysten,content,1
/italien/amalfi,/italien/kulinariske-vandringer-paa-amalfikysten-september-2026,content,1
/italien/amalfi,/italien/napoli-og-amalfikysten-storbyens-puls-og-kystens-hoejdepunkter,content,1
/italien/amalfi,/italien/ravello,content,1
/italien/amalfi,/italien/sommer-paa-amalfikysten,content,1
/italien/amalfi,/italien/sorrento,content,1
/italien/amalfi,/italien/vesuvs-arkaeologiske-skygge,content,1
/italien/amalfi,/italien/vidunderlige-amalfi,content,1
/italien/amalfi,/katalog,chrome,1
/italien/amalfi,/kulturrejser,content,1
/italien/amalfi,/naturrejser,content,1
/italien/amalfi,/nyhedsbrev,chrome,1
/italien/amalfi,/om-os/kontakt,chrome,1
/italien/amalfi,/om-os/medarbejdere,chrome,1
/italien/amalfi,/om-os/rejseledere,chrome,1
/italien/amalfi,/privatlivspolitik,chrome,1
/italien/amalfi,/rejseforsikring,chrome,1
/italien/amalfi,/rejsekalender,chrome,1
/italien/amalfi,/transformation,chrome,1
/italien/amalfi-a-la-carte,/,chrome,1
/italien/amalfi-a-la-carte,/booking/travel/47896/4751/accommodation,content,0
/italien/amalfi-a-la-carte,/booking/travel/47970/4853/accommodation,content,0
/italien/amalfi-a-la-carte,/booking/travel/47972/4855/accommodation,content,0
/italien/amalfi-a-la-carte,/booking/travel/62442/6340/accommodation,content,0
/italien/amalfi-a-la-carte,/booking/travel/62444/6342/accommodation,content,0
/italien/amalfi-a-la-carte,/booking/travel/62874/6814/accommodation,content,0
/italien/amalfi-a-la-carte,/booking/travel/62882/6829/accommodation,content,0
/italien/amalfi-a-la-carte,/booking/travel/62956/6938/accommodation,content,0
/italien/amalfi-a-la-carte,/booking/travel/62972/6956/accommodation,content,0
/italien/amalfi-a-la-carte,/cookie-politik,chrome,1
/italien/amalfi-a-la-carte,/faq,chrome,1
/italien/amalfi-a-la-carte,/gavekort,chrome,1
/italien/amalfi-a-la-carte,/italien,chrome,1
/italien/amalfi-a-la-carte,/italien/amalfi,content,1
/italien/amalfi-a-la-carte,/italien/amalfikysten,content,1
/italien/amalfi-a-la-carte,/italien/napoli,content,1
/italien/amalfi-a-la-carte,/italien/pompeji,content,1
/italien/amalfi-a-la-carte,/italien/ravello,content,1
/italien/amalfi-a-la-carte,/italien/syditalien,content,1
/italien/amalfi-a-la-carte,/katalog,chrome,1
/italien/amalfi-a-la-carte,/nyhedsbrev,chrome,1
/italien/amalfi-a-la-carte,/om-os/kontakt,chrome,1
/italien/amalfi-a-la-carte,/om-os/medarbejdere,chrome,1
/italien/amalfi-a-la-carte,/om-os/rejseledere,chrome,1
/italien/amalfi-a-la-carte,/privatlivspolitik,chrome,1
/italien/amalfi-a-la-carte,/rejseforsikring,chrome,1
/italien/amalfi-a-la-carte,/rejsekalender,chrome,1
/italien/amalfi-a-la-carte,/transformation,chrome,1
/italien/amalfi-a-la-carte,/vandreferier,content,1
/italien/amalfi/amalfi-kulturrejser,/,chrome,1
/italien/amalfi/amalfi-kulturrejser,/cookie-politik,chrome,1
/italien/amalfi/amalfi-kulturrejser,/faq,chrome,1
/italien/amalfi/amalfi-kulturrejser,/gavekort,chrome,1
/italien/amalfi/amalfi-kulturrejser,/italien,chrome,1
/italien/amalfi/amalfi-kulturrejser,/italien/amalfi,chrome,1
/italien/amalfi/amalfi-kulturrejser,/italien/amalfi-a-la-carte,content,1
/italien/amalfi/amalfi-kulturrejser,/italien/amalfikysten-til-foraarspris,content,1
/italien/amalfi/amalfi-kulturrejser,/italien/kulinariske-vandringer-paa-amalfikysten,content,1
/italien/amalfi/amalfi-kulturrejser,/italien/kulinariske-vandringer-paa-amalfikysten-september-2026,content,1
/italien/amalfi/amalfi-kulturrejser,/italien/napoli-og-amalfikysten-storbyens-puls-og-kystens-hoejdepunkter,content,1
/italien/amalfi/amalfi-kulturrejser,/italien/sommer-paa-amalfikysten,content,1
/italien/amalfi/amalfi-kulturrejser,/italien/vesuvs-arkaeologiske-skygge,content,1
/italien/amalfi/amalfi-kulturrejser,/italien/vidunderlige-amalfi,content,1
/italien/amalfi/amalfi-kulturrejser,/katalog,chrome,1
/italien/amalfi/amalfi-kulturrejser,/nyhedsbrev,chrome,1
/italien/amalfi/amalfi-kulturrejser,/om-os/kontakt,chrome,1
/italien/amalfi/amalfi-kulturrejser,/om-os/medarbejdere,chrome,1
/italien/amalfi/amalfi-kulturrejser,/om-os/rejseledere,chrome,1
/italien/amalfi/amalfi-kulturrejser,/privatlivspolitik,chrome,1
/italien/amalfi/amalfi-kulturrejser,/rejseforsikring,chrome,1
/italien/amalfi/amalfi-kulturrejser,/rejsekalender,chrome,1
/italien/amalfi/amalfi-kulturrejser,/transformation,chrome,1
/italien/amalfikysten,/,chrome,1
/italien/amalfikysten,/cookie-politik,chrome,1
/italien/amalfikysten,/faq,chrome,1
/italien/amalfikysten,/gavekort,chrome,1
/italien/amalfikysten,/italien,chrome,1
/italien/amalfikysten,/italien/amalfi,content,1
/italien/amalfikysten,/italien/amalfi-a-la-carte,content,1
/italien/amalfikysten,/italien/amalfikysten-til-foraarspris,content,1
/italien/amalfikysten,/italien/kulinariske-vandringer-paa-amalfikysten,content,1
/italien/amalfikysten,/italien/kulinariske-vandringer-paa-amalfikysten-september-2026,content,1
/italien/amalfikysten,/italien/madlavningskursus-paa-amalfikysten,content,1
/italien/amalfikysten,/italien/napoli-og-amalfikysten-storbyens-puls-og-kystens-hoejdepunkter,content,1
/italien/amalfikysten,/italien/ravello,content,1
/italien/amalfikysten,/italien/sommer-paa-amalfikysten,content,1
/italien/amalfikysten,/italien/vesuvs-arkaeologiske-skygge,content,1
/italien/amalfikysten,/italien/vidunderlige-amalfi,content,1
/italien/amalfikysten,/katalog,chrome,1
/italien/amalfikysten,/kulturrejser,content,1
/italien/amalfikysten,/nyhedsbrev,chrome,1
/italien/amalfikysten,/om-os/kontakt,chrome,1
/italien/amalfikysten,/om-os/medarbejdere,chrome,1
/italien/amalfikysten,/om-os/rejseledere,chrome,1
/italien/amalfikysten,/privatlivspolitik,chrome,1
/italien/amalfikysten,/rejseforsikring,chrome,1
/italien/amalfikysten,/rejsekalender,chrome,1
/italien/amalfikysten,/transformation,chrome,1
/italien/amalfikysten-til-foraarspris,/,chrome,1
/italien/amalfikysten-til-foraarspris,/cookie-politik,chrome,1
/italien/amalfikysten-til-foraarspris,/faq,chrome,1
/italien/amalfikysten-til-foraarspris,/gavekort,chrome,1
/italien/amalfikysten-til-foraarspris,/italien,chrome,1
/italien/amalfikysten-til-foraarspris,/italien/amalfi,content,1
/italien/amalfikysten-til-foraarspris,/italien/amalfikysten,content,1
/italien/amalfikysten-til-foraarspris,/italien/napoli,content,1
/italien/amalfikysten-til-foraarspris,/italien/pompeji,content,1
/italien/amalfikysten-til-foraarspris,/italien/ravello,content,1
/italien/amalfikysten-til-foraarspris,/katalog,chrome,1
/italien/amalfikysten-til-foraarspris,/nyhedsbrev,chrome,1
/italien/amalfikysten-til-foraarspris,/om-os/kontakt,chrome,1
/italien/amalfikysten-til-foraarspris,/om-os/medarbejdere,chrome,1
/italien/amalfikysten-til-foraarspris,/om-os/rejseledere,chrome,1
/italien/amalfikysten-til-foraarspris,/privatlivspolitik,chrome,1
/italien/amalfikysten-til-foraarspris,/rejseforsikring,chrome,1
/italien/amalfikysten-til-foraarspris,/rejsekalender,chrome,1
/italien/amalfikysten-til-foraarspris,/transformation,chrome,1
/italien/amalfikysten-til-foraarspris,/vinrejser,content,1
/italien/andrea-bocelli-i-toscana,/,chrome,1
/italien/andrea-bocelli-i-toscana,/cookie-politik,chrome,1
/italien/andrea-bocelli-i-toscana,/faq,chrome,1
/italien/andrea-bocelli-i-toscana,/gavekort,chrome,1
/italien/andrea-bocelli-i-toscana,/italien,chrome,1
/italien/andrea-bocelli-i-toscana,/italien/firenze,content,1
/italien/andrea-bocelli-i-toscana,/italien/toscana,content,1
/italien/andrea-bocelli-i-toscana,/katalog,chrome,1
/italien/andrea-bocelli-i-toscana,/madrejser,content,1
/italien/andrea-bocelli-i-toscana,/musik-og-underholdning,content,1
/italien/andrea-bocelli-i-toscana,/nyhedsbrev,chrome,1
/italien/andrea-bocelli-i-toscana,/om-os/kontakt,chrome,1
/italien/andrea-bocelli-i-toscana,/om-os/medarbejdere,chrome,1
/italien/andrea-bocelli-i-toscana,/om-os/rejseledere,chrome,1
/italien/andrea-bocelli-i-toscana,/privatlivspolitik,chrome,1
/italien/andrea-bocelli-i-toscana,/rejseforsikring,chrome,1
/italien/andrea-bocelli-i-toscana,/rejsekalender,chrome,1
/italien/andrea-bocelli-i-toscana,/transformation,chrome,1
/italien/apulien,/,chrome,1
/italien/apulien,/cookie-politik,chrome,1
/italien/apulien,/faq,chrome,1
/italien/apulien,/gavekort,chrome,1
/italien/apulien,/graekenland,content,1
/italien/apulien,/italien,chrome,1
/italien/apulien,/italien/et-syditaliensk-eventyr,content,1
/italien/apulien,/italien/rom,content,1
/italien/apulien,/italien/sicilien,content,1
/italien/apulien,/italien/syditalien,content,1
/italien/apulien,/jul-og-nytaar/julerejser,content,1
/italien/apulien,/jul-og-nytaar/nytaars-rejser,content,1
/italien/apulien,/katalog,chrome,1
/italien/apulien,/kulturrejser,content,1
/italien/apulien,/madrejser,content,1
/italien/apulien,/madrejser/gastronomirejser,content,1
/italien/apulien,/musik-og-underholdning,content,1
/italien/apulien,/nyhedsbrev,chrome,1
/italien/apulien,/om-os/kontakt,chrome,1
/italien/apulien,/om-os/medarbejdere,chrome,1
/italien/apulien,/om-os/rejseledere,chrome,1
/italien/apulien,/privatlivspolitik,chrome,1
/italien/apulien,/rejseforsikring,chrome,1
/italien/apulien,/rejsekalender,chrome,1
/italien/apulien,/sommerrejser,content,1
/italien/apulien,/spanien,content,1
/italien/apulien,/transformation,chrome,1
/italien/apulien,/vandreferier,content,1
/italien/apulien,/vinrejser,content,1
/italien/apulien,/vinterrejser,content,1
/italien/apulien/apulien-kulturrejser,/,chrome,1
/italien/apulien/apulien-kulturrejser,/cookie-politik,chrome,1
/italien/apulien/apulien-kulturrejser,/faq,chrome,1
/italien/apulien/apulien-kulturrejser,/gavekort,chrome,1
/italien/apulien/apulien-kulturrejser,/italien,chrome,1
/italien/apulien/apulien-kulturrejser,/italien/apulien,chrome,1
/italien/apulien/apulien-kulturrejser,/italien/et-syditaliensk-eventyr,content,1
/italien/apulien/apulien-kulturrejser,/katalog,chrome,1
/italien/apulien/apulien-kulturrejser,/nyhedsbrev,chrome,1
/italien/apulien/apulien-kulturrejser,/om-os/kontakt,chrome,1
/italien/apulien/apulien-kulturrejser,/om-os/medarbejdere,chrome,1
/italien/apulien/apulien-kulturrejser,/om-os/rejseledere,chrome,1
/italien/apulien/apulien-kulturrejser,/privatlivspolitik,chrome,1
/italien/apulien/apulien-kulturrejser,/rejseforsikring,chrome,1
/italien/apulien/apulien-kulturrejser,/rejsekalender,chrome,1
/italien/apulien/apulien-kulturrejser,/transformation,chrome,1
/italien/charmerende-cinque-terre,/,chrome,1
/italien/charmerende-cinque-terre,/booking/travel/48083/4985/accommodation,content,0
/italien/charmerende-cinque-terre,/booking/travel/48116/5021/accommodation,content,0
/italien/charmerende-cinque-terre,/cookie-politik,chrome,1
/italien/charmerende-cinque-terre,/faq,chrome,1
/italien/charmerende-cinque-terre,/gavekort,chrome,1
/italien/charmerende-cinque-terre,/italien,chrome,1
/italien/charmerende-cinque-terre,/italien/cinque-terre,content,1
/italien/charmerende-cinque-terre,/italien/genova,content,1
/italien/charmerende-cinque-terre,/italien/toscana,content,1
/italien/charmerende-cinque-terre,/katalog,chrome,1
/italien/charmerende-cinque-terre,/kulturrejser,content,1
/italien/charmerende-cinque-terre,/nyhedsbrev,chrome,1
/italien/charmerende-cinque-terre,/om-os/kontakt,chrome,1
/italien/charmerende-cinque-terre,/om-os/medarbejdere,chrome,1
/italien/charmerende-cinque-terre,/om-os/rejseledere,chrome,1
/italien/charmerende-cinque-terre,/privatlivspolitik,chrome,1
/italien/charmerende-cinque-terre,/rejseforsikring,chrome,1
/italien/charmerende-cinque-terre,/rejsekalender,chrome,1
/italien/charmerende-cinque-terre,/transformation,chrome,1
/italien/charmerende-cinque-terre,/vandreferier,content,1
/italien/cilento-det-hemmelige-syditalienske-paradis,/,chrome,1
/italien/cilento-det-hemmelige-syditalienske-paradis,/booking/travel/47902/4758/accommodation,content,0
/italien/cilento-det-hemmelige-syditalienske-paradis,/booking/travel/47903/4759/accommodation,content,0
/italien/cilento-det-hemmelige-syditalienske-paradis,/cookie-politik,chrome,1
/italien/cilento-det-hemmelige-syditalienske-paradis,/europa,content,1
/italien/cilento-det-hemmelige-syditalienske-paradis,/faq,chrome,1
/italien/cilento-det-hemmelige-syditalienske-paradis,/gavekort,chrome,1
/italien/cilento-det-hemmelige-syditalienske-paradis,/historiske-rejser,content,1
/italien/cilento-det-hemmelige-syditalienske-paradis,/italien,chrome,1
/italien/cilento-det-hemmelige-syditalienske-paradis,/italien/napoli,content,1
/italien/cilento-det-hemmelige-syditalienske-paradis,/italien/pompeji,content,1
/italien/cilento-det-hemmelige-syditalienske-paradis,/italien/syditalien,content,1
/italien/cilento-det-hemmelige-syditalienske-paradis,/katalog,chrome,1
/italien/cilento-det-hemmelige-syditalienske-paradis,/nyhedsbrev,chrome,1
/italien/cilento-det-hemmelige-syditalienske-paradis,/om-os/kontakt,chrome,1
/italien/cilento-det-hemmelige-syditalienske-paradis,/om-os/medarbejdere,chrome,1
/italien/cilento-det-hemmelige-syditalienske-paradis,/om-os/rejseledere,chrome,1
/italien/cilento-det-hemmelige-syditalienske-paradis,/privatlivspolitik,chrome,1
/italien/cilento-det-hemmelige-syditalienske-paradis,/rejseforsikring,chrome,1
/italien/cilento-det-hemmelige-syditalienske-paradis,/rejsekalender,chrome,1
/italien/cilento-det-hemmelige-syditalienske-paradis,/transformation,chrome,1
/italien/cilento-det-hemmelige-syditalienske-paradis,/vandreferier,content,1
/italien/cinque-terre,/,chrome,1
/italien/cinque-terre,/cookie-politik,chrome,1
/italien/cinque-terre,/faq,chrome,1
/italien/cinque-terre,/gavekort,chrome,1
/italien/cinque-terre,/italien,chrome,1
/italien/cinque-terre,/italien/amalfikysten,content,1
/italien/cinque-terre,/italien/charmerende-cinque-terre,content,1
/italien/cinque-terre,/italien/vandreferie-i-cinque-terre,content,1
/italien/cinque-terre,/katalog,chrome,1
/italien/cinque-terre,/naturrejser,content,1
/italien/cinque-terre,/nyhedsbrev,chrome,1
/italien/cinque-terre,/om-os/kontakt,chrome,1
/italien/cinque-terre,/om-os/medarbejdere,chrome,1
/italien/cinque-terre,/om-os/rejseledere,chrome,1
/italien/cinque-terre,/privatlivspolitik,chrome,1
/italien/cinque-terre,/rejseforsikring,chrome,1
/italien/cinque-terre,/rejsekalender,chrome,1
/italien/cinque-terre,/transformation,chrome,1
/italien/cinque-terre,/vandreferier,content,1
/italien/cinque-terre,/vinrejser,content,1
/italien/det-ukendte-norditalien,/,chrome,1
/italien/det-ukendte-norditalien,/cookie-politik,chrome,1
/italien/det-ukendte-norditalien,/faq,chrome,1
/italien/det-ukendte-norditalien,/gavekort,chrome,1
/italien/det-ukendte-norditalien,/italien,chrome,1
/italien/det-ukendte-norditalien,/katalog,chrome,1
/italien/det-ukendte-norditalien,/nyhedsbrev,chrome,1
/italien/det-ukendte-norditalien,/om-os/kontakt,chrome,1
/italien/det-ukendte-norditalien,/om-os/medarbejdere,chrome,1
/italien/det-ukendte-norditalien,/om-os/rejseledere,chrome,1
/italien/det-ukendte-norditalien,/privatlivspolitik,chrome,1
/italien/det-ukendte-norditalien,/rejseforsikring,chrome,1
/italien/det-ukendte-norditalien,/rejsekalender,chrome,1
/italien/det-ukendte-norditalien,/transformation,chrome,1
/italien/et-syditaliensk-eventyr,/,chrome,1
/italien/et-syditaliensk-eventyr,/booking/travel/47932/4803/accommodation,content,0
/italien/et-syditaliensk-eventyr,/booking/travel/47933/4804/accommodation,content,0
/italien/et-syditaliensk-eventyr,/booking/travel/47935/4806/accommodation,content,0
/italien/et-syditaliensk-eventyr,/booking/travel/62848/6781/accommodation,content,0
/italien/et-syditaliensk-eventyr,/booking/travel/62852/6786/accommodation,content,0
/italien/et-syditaliensk-eventyr,/booking/travel/62853/6787/accommodation,content,0
/italien/et-syditaliensk-eventyr,/booking/travel/62854/6788/accommodation,content,0
/italien/et-syditaliensk-eventyr,/booking/travel/62855/6789/accommodation,content,0
/italien/et-syditaliensk-eventyr,/cookie-politik,chrome,1
/italien/et-syditaliensk-eventyr,/faq,chrome,1
/italien/et-syditaliensk-eventyr,/gavekort,chrome,1
/italien/et-syditaliensk-eventyr,/historiske-rejser,content,1
/italien/et-syditaliensk-eventyr,/italien,chrome,1
/italien/et-syditaliensk-eventyr,/italien/apulien,content,1
/italien/et-syditaliensk-eventyr,/katalog,chrome,1
/italien/et-syditaliensk-eventyr,/nyhedsbrev,chrome,1
/italien/et-syditaliensk-eventyr,/om-os/kontakt,chrome,1
/italien/et-syditaliensk-eventyr,/om-os/medarbejdere,chrome,1
/italien/et-syditaliensk-eventyr,/om-os/rejseledere,chrome,1
/italien/et-syditaliensk-eventyr,/privatlivspolitik,chrome,1
/italien/et-syditaliensk-eventyr,/rejseforsikring,chrome,1
/italien/et-syditaliensk-eventyr,/rejsekalender,chrome,1
/italien/et-syditaliensk-eventyr,/transformation,chrome,1
/italien/et-syditaliensk-eventyr,/vinrejser,content,1
/italien/firenze,/,chrome,1
/italien/firenze,/cookie-politik,chrome,1
/italien/firenze,/europa,content,1
/italien/firenze,/faq,chrome,1
/italien/firenze,/gavekort,chrome,1
/italien/firenze,/italien,chrome,1
/italien/firenze,/italien/andrea-bocelli-i-toscana,content,1
/italien/firenze,/italien/puccini-operarejse-til-toscana,content,1
/italien/firenze,/italien/vidunderlige-toscana,content,1
/italien/firenze,/katalog,chrome,1
/italien/firenze,/kulturrejser,content,1
/italien/firenze,/musik-og-underholdning,content,1
/italien/firenze,/musik-og-underholdning/koncert-rejser,content,1
/italien/firenze,/musik-og-underholdning/operarejser,content,1
/italien/firenze,/nyhedsbrev,chrome,1
/italien/firenze,/om-os/kontakt,chrome,1
/italien/firenze,/om-os/medarbejdere,chrome,1
/italien/firenze,/om-os/rejseledere,chrome,1
/italien/firenze,/privatlivspolitik,chrome,1
/italien/firenze,/rejseforsikring,chrome,1
/italien/firenze,/rejsekalender,chrome,1
/italien/firenze,/transformation,chrome,1
/italien/firenze,/tyskland,content,1
/italien/gardasoeen,/,chrome,1
/italien/gardasoeen,/cookie-politik,chrome,1
/italien/gardasoeen,/europa,content,1
/italien/gardasoeen,/faq,chrome,1
/italien/gardasoeen,/gavekort,chrome,1
/italien/gardasoeen,/historiske-rejser,content,1
/italien/gardasoeen,/italien,chrome,1
/italien/gardasoeen,/italien/det-ukendte-norditalien,content,1
/italien/gardasoeen,/italien/gardasoeens-herligheder,content,1
/italien/gardasoeen,/italien/norditalien,content,1
/italien/gardasoeen,/italien/sommer-ved-gardasoeen,content,1
/italien/gardasoeen,/italien/verona,content,1
/italien/gardasoeen,/katalog,chrome,1
/italien/gardasoeen,/kulturrejser,content,1
/italien/gardasoeen,/madrejser,content,1
/italien/gardasoeen,/musik-og-underholdning/koncert-rejser,content,1
/italien/gardasoeen,/naturrejser,content,1
/italien/gardasoeen,/naturrejser/blomsterrejser,content,1
/italien/gardasoeen,/naturrejser/haverejser,content,1
/italien/gardasoeen,/nyhedsbrev,chrome,1
/italien/gardasoeen,/om-os/kontakt,chrome,1
/italien/gardasoeen,/om-os/medarbejdere,chrome,1
/italien/gardasoeen,/om-os/rejseledere,chrome,1
/italien/gardasoeen,/privatlivspolitik,chrome,1
/italien/gardasoeen,/rejseforsikring,chrome,1
/italien/gardasoeen,/rejsekalender,chrome,1
/italien/gardasoeen,/sommerrejser,content,1
/italien/gardasoeen,/transformation,chrome,1
/italien/gardasoeen,/tyskland,content,1
/italien/gardasoeen,/vandreferier,content,1
/italien/gardasoeen,/vinrejser,content,1
/italien/gardasoeen,/vinterrejser,content,1
/italien/gardasoeens-herligheder,/,chrome,1
/italien/gardasoeens-herligheder,/booking/travel/48118/5023/accommodation,content,0
/italien/gardasoeens-herligheder,/booking/travel/48119/5024/accommodation,content,0
/italien/gardasoeens-herligheder,/cookie-politik,chrome,1
/italien/gardasoeens-herligheder,/faq,chrome,1
/italien/gardasoeens-herligheder,/gavekort,chrome,1
/italien/gardasoeens-herligheder,/italien,chrome,1
/italien/gardasoeens-herligheder,/italien/gardasoeen,content,1
/italien/gardasoeens-herligheder,/italien/milano,content,1
/italien/gardasoeens-herligheder,/italien/norditalien,content,1
/italien/gardasoeens-herligheder,/italien/rom,content,1
/italien/gardasoeens-herligheder,/italien/venedig,content,1
/italien/gardasoeens-herligheder,/italien/verona,content,1
/italien/gardasoeens-herligheder,/katalog,chrome,1
/italien/gardasoeens-herligheder,/naturrejser,content,1
/italien/gardasoeens-herligheder,/nyhedsbrev,chrome,1
/italien/gardasoeens-herligheder,/om-os/kontakt,chrome,1
/italien/gardasoeens-herligheder,/om-os/medarbejdere,chrome,1
/italien/gardasoeens-herligheder,/om-os/rejseledere,chrome,1
/italien/gardasoeens-herligheder,/privatlivspolitik,chrome,1
/italien/gardasoeens-herligheder,/rejseforsikring,chrome,1
/italien/gardasoeens-herligheder,/rejsekalender,chrome,1
/italien/gardasoeens-herligheder,/transformation,chrome,1
/italien/gardasoeens-herligheder,/vandreferier,content,1
/italien/gardasoeens-herligheder,/vinrejser,content,1
/italien/genova,/,chrome,1
/italien/genova,/cookie-politik,chrome,1
/italien/genova,/europa,content,1
/italien/genova,/faq,chrome,1
/italien/genova,/gavekort,chrome,1
/italien/genova,/historiske-rejser,content,1
/italien/genova,/italien,chrome,1
/italien/genova,/italien/charmerende-cinque-terre,content,1
/italien/genova,/katalog,chrome,1
/italien/genova,/musik-og-underholdning/koncert-rejser,content,1
/italien/genova,/nyhedsbrev,chrome,1
/italien/genova,/om-os/kontakt,chrome,1
/italien/genova,/om-os/medarbejdere,chrome,1
/italien/genova,/om-os/rejseledere,chrome,1
/italien/genova,/privatlivspolitik,chrome,1
/italien/genova,/rejseforsikring,chrome,1
/italien/genova,/rejsekalender,chrome,1
/italien/genova,/transformation,chrome,1
/italien/genova,/vandreferier,content,1
/italien/genova,/vinrejser,content,1
/italien/hjertet-af-italien-paa-elcykel,/,chrome,1
/italien/hjertet-af-italien-paa-elcykel,/cookie-politik,chrome,1
/italien/hjertet-af-italien-paa-elcykel,/faq,chrome,1
/italien/hjertet-af-italien-paa-elcykel,/gavekort,chrome,1
/italien/hjertet-af-italien-paa-elcykel,/historiske-rejser,content,1
/italien/hjertet-af-italien-paa-elcykel,/italien,chrome,1
/italien/hjertet-af-italien-paa-elcykel,/italien/rom,content,1
/italien/hjertet-af-italien-paa-elcykel,/italien/umbrien,content,1
/italien/hjertet-af-italien-paa-elcykel,/katalog,chrome,1
/italien/hjertet-af-italien-paa-elcykel,/nyhedsbrev,chrome,1
/italien/hjertet-af-italien-paa-elcykel,/om-os/kontakt,chrome,1
/italien/hjertet-af-italien-paa-elcykel,/om-os/medarbejdere,chrome,1
/italien/hjertet-af-italien-paa-elcykel,/om-os/rejseledere,chrome,1
/italien/hjertet-af-italien-paa-elcykel,/privatlivspolitik,chrome,1
/italien/hjertet-af-italien-paa-elcykel,/rejseforsikring,chrome,1
/italien/hjertet-af-italien-paa-elcykel,/rejsekalender,chrome,1
/italien/hjertet-af-italien-paa-elcykel,/transformation,chrome,1
/italien/hjertet-af-italien-paa-elcykel,/vinrejser,content,1
/italien/ischia,/,chrome,1
/italien/ischia,/cookie-politik,chrome,1
/italien/ischia,/faq,chrome,1
/italien/ischia,/gavekort,chrome,1
/italien/ischia,/historiske-rejser,content,1
/italien/ischia,/italien,chrome,1
/italien/ischia,/katalog,chrome,1
/italien/ischia,/musik-og-underholdning,content,1
/italien/ischia,/naturrejser,content,1
/italien/ischia,/naturrejser/blomsterrejser,content,1
/italien/ischia,/naturrejser/haverejser,content,1
/italien/ischia,/nyhedsbrev,chrome,1
/italien/ischia,/om-os/kontakt,chrome,1
/italien/ischia,/om-os/medarbejdere,chrome,1
/italien/ischia,/om-os/rejseledere,chrome,1
/italien/ischia,/privatlivspolitik,chrome,1
/italien/ischia,/rejseforsikring,chrome,1
/italien/ischia,/rejsekalender,chrome,1
/italien/ischia,/transformation,chrome,1
/italien/ischia,/vandreferier,content,1
/italien/klassiske-sicilien,/,chrome,1
/italien/klassiske-sicilien,/blog/mad-og-vin-i-italien,content,1
/italien/klassiske-sicilien,/booking/travel/48106/5010/accommodation,content,0
/italien/klassiske-sicilien,/booking/travel/48108/5013/accommodation,content,0
/italien/klassiske-sicilien,/cookie-politik,chrome,1
/italien/klassiske-sicilien,/europa,content,1
/italien/klassiske-sicilien,/faq,chrome,1
/italien/klassiske-sicilien,/gavekort,chrome,1
/italien/klassiske-sicilien,/graekenland/athen,content,1
/italien/klassiske-sicilien,/historiske-rejser,content,1
/italien/klassiske-sicilien,/italien,chrome,1
/italien/klassiske-sicilien,/italien/sicilien,content,1
/italien/klassiske-sicilien,/katalog,chrome,1
/italien/klassiske-sicilien,/nyhedsbrev,chrome,1
/italien/klassiske-sicilien,/om-os/kontakt,chrome,1
/italien/klassiske-sicilien,/om-os/medarbejdere,chrome,1
/italien/klassiske-sicilien,/om-os/rejseledere,chrome,1
/italien/klassiske-sicilien,/privatlivspolitik,chrome,1
/italien/klassiske-sicilien,/rejseforsikring,chrome,1
/italien/klassiske-sicilien,/rejsekalender,chrome,1
/italien/klassiske-sicilien,/transformation,chrome,1
/italien/klassiske-sicilien,/vandreferier,content,1
/italien/kulinariske-vandringer-paa-amalfikysten,/,chrome,1
/italien/kulinariske-vandringer-paa-amalfikysten,/blog/6-tips-til-at-planlaegge-vandreferien,content,1
/italien/kulinariske-vandringer-paa-amalfikysten,/booking/travel/47909/4765/accommodation,content,0
/italien/kulinariske-vandringer-paa-amalfikysten,/booking/travel/62826/6759/accommodation,content,0
/italien/kulinariske-vandringer-paa-amalfikysten,/booking/travel/62827/6760/accommodation,content,0
/italien/kulinariske-vandringer-paa-amalfikysten,/booking/travel/62828/6761/accommodation,content,0
/italien/kulinariske-vandringer-paa-amalfikysten,/booking/travel/62829/6762/accommodation,content,0
/italien/kulinariske-vandringer-paa-amalfikysten,/cookie-politik,chrome,1
/italien/kulinariske-vandringer-paa-amalfikysten,/faq,chrome,1
/italien/kulinariske-vandringer-paa-amalfikysten,/gavekort,chrome,1
/italien/kulinariske-vandringer-paa-amalfikysten,/italien,chrome,1
/italien/kulinariske-vandringer-paa-amalfikysten,/italien/amalfi,content,1
/italien/kulinariske-vandringer-paa-amalfikysten,/italien/amalfi-a-la-carte,content,1
/italien/kulinariske-vandringer-paa-amalfikysten,/italien/amalfikysten,content,1
/italien/kulinariske-vandringer-paa-amalfikysten,/italien/kulinariske-vandringer-paa-amalfikysten-september-2026,content,1
/italien/kulinariske-vandringer-paa-amalfikysten,/italien/napoli,content,1
/italien/kulinariske-vandringer-paa-amalfikysten,/italien/napoli-og-amalfikysten-storbyens-puls-og-kystens-hoejdepunkter,content,1
/italien/kulinariske-vandringer-paa-amalfikysten,/italien/pompeji,content,1
/italien/kulinariske-vandringer-paa-amalfikysten,/italien/ravello,content,1
/italien/kulinariske-vandringer-paa-amalfikysten,/italien/vidunderlige-amalfi,content,1
/italien/kulinariske-vandringer-paa-amalfikysten,/katalog,chrome,1
/italien/kulinariske-vandringer-paa-amalfikysten,/nyhedsbrev,chrome,1
/italien/kulinariske-vandringer-paa-amalfikysten,/om-os/kontakt,chrome,1
/italien/kulinariske-vandringer-paa-amalfikysten,/om-os/medarbejdere,chrome,1
/italien/kulinariske-vandringer-paa-amalfikysten,/om-os/rejseledere,chrome,1
/italien/kulinariske-vandringer-paa-amalfikysten,/privatlivspolitik,chrome,1
/italien/kulinariske-vandringer-paa-amalfikysten,/rejseforsikring,chrome,1
/italien/kulinariske-vandringer-paa-amalfikysten,/rejsekalender,chrome,1
/italien/kulinariske-vandringer-paa-amalfikysten,/transformation,chrome,1
/italien/kulinariske-vandringer-paa-amalfikysten,/vandreferier,content,1
/italien/kulinariske-vandringer-paa-amalfikysten-september-2026,/,chrome,1
/italien/kulinariske-vandringer-paa-amalfikysten-september-2026,/blog/6-tips-til-at-planlaegge-vandreferien,content,1
/italien/kulinariske-vandringer-paa-amalfikysten-september-2026,/booking/travel/49067/6179/accommodation,content,0
/italien/kulinariske-vandringer-paa-amalfikysten-september-2026,/booking/travel/49068/6180/accommodation,content,0
/italien/kulinariske-vandringer-paa-amalfikysten-september-2026,/cookie-politik,chrome,1
/italien/kulinariske-vandringer-paa-amalfikysten-september-2026,/faq,chrome,1
/italien/kulinariske-vandringer-paa-amalfikysten-september-2026,/gavekort,chrome,1
/italien/kulinariske-vandringer-paa-amalfikysten-september-2026,/italien,chrome,1
/italien/kulinariske-vandringer-paa-amalfikysten-september-2026,/italien/amalfi-a-la-carte,content,1
/italien/kulinariske-vandringer-paa-amalfikysten-september-2026,/italien/kulinariske-vandringer-paa-amalfikysten,content,1
/italien/kulinariske-vandringer-paa-amalfikysten-september-2026,/italien/napoli-og-amalfikysten-storbyens-puls-og-kystens-hoejdepunkter,content,1
/italien/kulinariske-vandringer-paa-amalfikysten-september-2026,/italien/vidunderlige-amalfi,content,1
/italien/kulinariske-vandringer-paa-amalfikysten-september-2026,/katalog,chrome,1
/italien/kulinariske-vandringer-paa-amalfikysten-september-2026,/nyhedsbrev,chrome,1
/italien/kulinariske-vandringer-paa-amalfikysten-september-2026,/om-os/kontakt,chrome,1
/italien/kulinariske-vandringer-paa-amalfikysten-september-2026,/om-os/medarbejdere,chrome,1
/italien/kulinariske-vandringer-paa-amalfikysten-september-2026,/om-os/rejseledere,chrome,1
/italien/kulinariske-vandringer-paa-amalfikysten-september-2026,/privatlivspolitik,chrome,1
/italien/kulinariske-vandringer-paa-amalfikysten-september-2026,/rejseforsikring,chrome,1
/italien/kulinariske-vandringer-paa-amalfikysten-september-2026,/rejsekalender,chrome,1
/italien/kulinariske-vandringer-paa-amalfikysten-september-2026,/transformation,chrome,1
/italien/lago-maggiore,/,chrome,1
/italien/lago-maggiore,/cookie-politik,chrome,1
/italien/lago-maggiore,/faq,chrome,1
/italien/lago-maggiore,/gavekort,chrome,1
/italien/lago-maggiore,/italien,chrome,1
/italien/lago-maggiore,/italien/stresa,content,1
/italien/lago-maggiore,/katalog,chrome,1
/italien/lago-maggiore,/nyhedsbrev,chrome,1
/italien/lago-maggiore,/om-os/kontakt,chrome,1
/italien/lago-maggiore,/om-os/medarbejdere,chrome,1
/italien/lago-maggiore,/om-os/rejseledere,chrome,1
/italien/lago-maggiore,/privatlivspolitik,chrome,1
/italien/lago-maggiore,/rejseforsikring,chrome,1
/italien/lago-maggiore,/rejsekalender,chrome,1
/italien/lago-maggiore,/schweiz,content,1
/italien/lago-maggiore,/schweiz/toppen-af-alperne-med-gletsjer-ekspressen,content,1
/italien/lago-maggiore,/transformation,chrome,1
/italien/lago-maggiore,/vandreferier,content,1
/italien/lago-maggiore,/vinrejser,content,1
/italien/madlavningskursus-paa-amalfikysten,/,chrome,1
/italien/madlavningskursus-paa-amalfikysten,/cookie-politik,chrome,1
/italien/madlavningskursus-paa-amalfikysten,/faq,chrome,1
/italien/madlavningskursus-paa-amalfikysten,/gavekort,chrome,1
/italien/madlavningskursus-paa-amalfikysten,/italien,chrome,1
/italien/madlavningskursus-paa-amalfikysten,/katalog,chrome,1
/italien/madlavningskursus-paa-amalfikysten,/nyhedsbrev,chrome,1
/italien/madlavningskursus-paa-amalfikysten,/om-os/kontakt,chrome,1
/italien/madlavningskursus-paa-amalfikysten,/om-os/medarbejdere,chrome,1
/italien/madlavningskursus-paa-amalfikysten,/om-os/rejseledere,chrome,1
/italien/madlavningskursus-paa-amalfikysten,/privatlivspolitik,chrome,1
/italien/madlavningskursus-paa-amalfikysten,/rejseforsikring,chrome,1
/italien/madlavningskursus-paa-amalfikysten,/rejsekalender,chrome,1
/italien/madlavningskursus-paa-amalfikysten,/transformation,chrome,1
/italien/milano,/,chrome,1
/italien/milano,/cookie-politik,chrome,1
/italien/milano,/faq,chrome,1
/italien/milano,/gavekort,chrome,1
/italien/milano,/italien,chrome,1
/italien/milano,/katalog,chrome,1
/italien/milano,/musik-og-underholdning/operarejser,content,1
/italien/milano,/nyhedsbrev,chrome,1
/italien/milano,/om-os/kontakt,chrome,1
/italien/milano,/om-os/medarbejdere,chrome,1
/italien/milano,/om-os/rejseledere,chrome,1
/italien/milano,/privatlivspolitik,chrome,1
/italien/milano,/rejseforsikring,chrome,1
/italien/milano,/rejsekalender,chrome,1
/italien/milano,/storbyferier,content,1
/italien/milano,/transformation,chrome,1
/italien/napoli,/,chrome,1
/italien/napoli,/cookie-politik,chrome,1
/italien/napoli,/faq,chrome,1
/italien/napoli,/gavekort,chrome,1
/italien/napoli,/historiske-rejser,content,1
/italien/napoli,/italien,chrome,1
/italien/napoli,/italien/ischia,content,1
/italien/napoli,/italien/napoli-og-amalfikysten-storbyens-puls-og-kystens-hoejdepunkter,content,1
/italien/napoli,/italien/pompeji,content,1
/italien/napoli,/italien/syditalien,content,1
/italien/napoli,/italien/vesuvs-arkaeologiske-skygge,content,1
/italien/napoli,/katalog,chrome,1
/italien/napoli,/kulturrejser,content,1
/italien/napoli,/madrejser,content,1
/italien/napoli,/nyhedsbrev,chrome,1
/italien/napoli,/om-os/kontakt,chrome,1
/italien/napoli,/om-os/medarbejdere,chrome,1
/italien/napoli,/om-os/rejseledere,chrome,1
/italien/napoli,/privatlivspolitik,chrome,1
/italien/napoli,/rejseforsikring,chrome,1
/italien/napoli,/rejsekalender,chrome,1
/italien/napoli,/transformation,chrome,1
/italien/napoli-og-amalfikysten-storbyens-puls-og-kystens-hoejdepunkter,/,chrome,1
/italien/napoli-og-amalfikysten-storbyens-puls-og-kystens-hoejdepunkter,/cookie-politik,chrome,1
/italien/napoli-og-amalfikysten-storbyens-puls-og-kystens-hoejdepunkter,/faq,chrome,1
/italien/napoli-og-amalfikysten-storbyens-puls-og-kystens-hoejdepunkter,/gavekort,chrome,1
/italien/napoli-og-amalfikysten-storbyens-puls-og-kystens-hoejdepunkter,/italien,chrome,1
/italien/napoli-og-amalfikysten-storbyens-puls-og-kystens-hoejdepunkter,/katalog,chrome,1
/italien/napoli-og-amalfikysten-storbyens-puls-og-kystens-hoejdepunkter,/nyhedsbrev,chrome,1
/italien/napoli-og-amalfikysten-storbyens-puls-og-kystens-hoejdepunkter,/om-os/kontakt,chrome,1
/italien/napoli-og-amalfikysten-storbyens-puls-og-kystens-hoejdepunkter,/om-os/medarbejdere,chrome,1
/italien/napoli-og-amalfikysten-storbyens-puls-og-kystens-hoejdepunkter,/om-os/rejseledere,chrome,1
/italien/napoli-og-amalfikysten-storbyens-puls-og-kystens-hoejdepunkter,/privatlivspolitik,chrome,1
/italien/napoli-og-amalfikysten-storbyens-puls-og-kystens-hoejdepunkter,/rejseforsikring,chrome,1
/italien/napoli-og-amalfikysten-storbyens-puls-og-kystens-hoejdepunkter,/rejsekalender,chrome,1
/italien/napoli-og-amalfikysten-storbyens-puls-og-kystens-hoejdepunkter,/transformation,chrome,1
/italien/norditalien,/,chrome,1
/italien/norditalien,/cookie-politik,chrome,1
/italien/norditalien,/europa,content,1
/italien/norditalien,/faq,chrome,1
/italien/norditalien,/gavekort,chrome,1
/italien/norditalien,/italien,chrome,1
/italien/norditalien,/italien/cinque-terre,content,1
/italien/norditalien,/italien/firenze,content,1
/italien/norditalien,/italien/gardasoeen,content,1
/italien/norditalien,/italien/gardasoeens-herligheder,content,1
/italien/norditalien,/italien/milano,content,1
/italien/norditalien,/italien/opera-verona,content,1
/italien/norditalien,/italien/piemonte,content,1
/italien/norditalien,/italien/sommer-ved-gardasoeen,content,1
/italien/norditalien,/italien/syditalien,content,1
/italien/norditalien,/italien/venedig,content,1
/italien/norditalien,/italien/verona,content,1
/italien/norditalien,/italien/vidunderlige-norditalien,content,1
/italien/norditalien,/jul-og-nytaar/julerejser,content,1
/italien/norditalien,/katalog,chrome,1
/italien/norditalien,/musik-og-underholdning/operarejser,content,1
/italien/norditalien,/naturrejser,content,1
/italien/norditalien,/nyhedsbrev,chrome,1
/italien/norditalien,/om-os/kontakt,chrome,1
/italien/norditalien,/om-os/medarbejdere,chrome,1
/italien/norditalien,/om-os/rejseledere,chrome,1
/italien/norditalien,/privatlivspolitik,chrome,1
/italien/norditalien,/rejseforsikring,chrome,1
/italien/norditalien,/rejsekalender,chrome,1
/italien/norditalien,/schweiz/toppen-af-alperne-med-gletsjer-ekspressen,content,1
/italien/norditalien,/sommerrejser,content,1
/italien/norditalien,/transformation,chrome,1
/italien/norditalien,/vinrejser,content,1
/italien/nytaar-i-det-historiske-rom,/,chrome,1
/italien/nytaar-i-det-historiske-rom,/blog/rom-og-arkitekturen,content,1
/italien/nytaar-i-det-historiske-rom,/booking/travel/62435/6329/accommodation,content,0
/italien/nytaar-i-det-historiske-rom,/cookie-politik,chrome,1
/italien/nytaar-i-det-historiske-rom,/faq,chrome,1
/italien/nytaar-i-det-historiske-rom,/gavekort,chrome,1
/italien/nytaar-i-det-historiske-rom,/italien,chrome,1
/italien/nytaar-i-det-historiske-rom,/italien/rom,content,1
/italien/nytaar-i-det-historiske-rom,/jul-og-nytaar/nytaars-rejser,content,1
/italien/nytaar-i-det-historiske-rom,/katalog,chrome,1
/italien/nytaar-i-det-historiske-rom,/nyhedsbrev,chrome,1
/italien/nytaar-i-det-historiske-rom,/om-os/kontakt,chrome,1
/italien/nytaar-i-det-historiske-rom,/om-os/medarbejdere,chrome,1
/italien/nytaar-i-det-historiske-rom,/om-os/rejseledere,chrome,1
/italien/nytaar-i-det-historiske-rom,/privatlivspolitik,chrome,1
/italien/nytaar-i-det-historiske-rom,/rejseforsikring,chrome,1
/italien/nytaar-i-det-historiske-rom,/rejsekalender,chrome,1
/italien/nytaar-i-det-historiske-rom,/transformation,chrome,1
/italien/opera-verona,/,chrome,1
/italien/opera-verona,/booking/travel/48021/4910/accommodation,content,0
/italien/opera-verona,/cookie-politik,chrome,1
/italien/opera-verona,/faq,chrome,1
/italien/opera-verona,/gavekort,chrome,1
/italien/opera-verona,/historiske-rejser,content,1
/italien/opera-verona,/italien,chrome,1
/italien/opera-verona,/italien/milano,content,1
/italien/opera-verona,/italien/verona,content,1
/italien/opera-verona,/katalog,chrome,1
/italien/opera-verona,/musik-og-underholdning/operarejser,content,1
/italien/opera-verona,/nyhedsbrev,chrome,1
/italien/opera-verona,/om-os/kontakt,chrome,1
/italien/opera-verona,/om-os/medarbejdere,chrome,1
/italien/opera-verona,/om-os/rejseledere,chrome,1
/italien/opera-verona,/privatlivspolitik,chrome,1
/italien/opera-verona,/rejseforsikring,chrome,1
/italien/opera-verona,/rejsekalender,chrome,1
/italien/opera-verona,/transformation,chrome,1
/italien/piemonte,/,chrome,1
/italien/piemonte,/cookie-politik,chrome,1
/italien/piemonte,/europa,content,1
/italien/piemonte,/faq,chrome,1
/italien/piemonte,/frankrig,content,1
/italien/piemonte,/gavekort,chrome,1
/italien/piemonte,/historiske-rejser,content,1
/italien/piemonte,/italien,chrome,1
/italien/piemonte,/italien/firenze,content,1
/italien/piemonte,/italien/rom,content,1
/italien/piemonte,/italien/syditalien,content,1
/italien/piemonte,/italien/vidunderlige-norditalien,content,1
/italien/piemonte,/katalog,chrome,1
/italien/piemonte,/kulturrejser,content,1
/italien/piemonte,/madrejser/gastronomirejser,content,1
/italien/piemonte,/naturrejser,content,1
/italien/piemonte,/nyhedsbrev,chrome,1
/italien/piemonte,/om-os/kontakt,chrome,1
/italien/piemonte,/om-os/medarbejdere,chrome,1
/italien/piemonte,/om-os/rejseledere,chrome,1
/italien/piemonte,/privatlivspolitik,chrome,1
/italien/piemonte,/rejseforsikring,chrome,1
/italien/piemonte,/rejsekalender,chrome,1
/italien/piemonte,/transformation,chrome,1
/italien/piemonte,/vandreferier,content,1
/italien/piemonte,/vinrejser,content,1
/italien/pompeji,/,chrome,1
/italien/pompeji,/cookie-politik,chrome,1
/italien/pompeji,/faq,chrome,1
/italien/pompeji,/gavekort,chrome,1
/italien/pompeji,/historiske-rejser,content,1
/italien/pompeji,/italien,chrome,1
/italien/pompeji,/italien/vesuvs-arkaeologiske-skygge,content,1
/italien/pompeji,/italien/vidunderlige-amalfi,content,1
/italien/pompeji,/katalog,chrome,1
/italien/pompeji,/nyhedsbrev,chrome,1
/italien/pompeji,/om-os/kontakt,chrome,1
/italien/pompeji,/om-os/medarbejdere,chrome,1
/italien/pompeji,/om-os/rejseledere,chrome,1
/italien/pompeji,/privatlivspolitik,chrome,1
/italien/pompeji,/rejseforsikring,chrome,1
/italien/pompeji,/rejsekalender,chrome,1
/italien/pompeji,/transformation,chrome,1
/italien/puccini-operarejse-til-toscana,/,chrome,1
/italien/puccini-operarejse-til-toscana,/cookie-politik,chrome,1
/italien/puccini-operarejse-til-toscana,/faq,chrome,1
/italien/puccini-operarejse-til-toscana,/gavekort,chrome,1
/italien/puccini-operarejse-til-toscana,/italien,chrome,1
/italien/puccini-operarejse-til-toscana,/italien/firenze,content,1
/italien/puccini-operarejse-til-toscana,/italien/toscana,content,1
/italien/puccini-operarejse-til-toscana,/katalog,chrome,1
/italien/puccini-operarejse-til-toscana,/kulturrejser,content,1
/italien/puccini-operarejse-til-toscana,/madrejser,content,1
/italien/puccini-operarejse-til-toscana,/madrejser/gastronomirejser,content,1
/italien/puccini-operarejse-til-toscana,/musik-og-underholdning/operarejser,content,1
/italien/puccini-operarejse-til-toscana,/naturrejser,content,1
/italien/puccini-operarejse-til-toscana,/nyhedsbrev,chrome,1
/italien/puccini-operarejse-til-toscana,/om-os/kontakt,chrome,1
/italien/puccini-operarejse-til-toscana,/om-os/medarbejdere,chrome,1
/italien/puccini-operarejse-til-toscana,/om-os/rejseledere,chrome,1
/italien/puccini-operarejse-til-toscana,/privatlivspolitik,chrome,1
/italien/puccini-operarejse-til-toscana,/rejseforsikring,chrome,1
/italien/puccini-operarejse-til-toscana,/rejsekalender,chrome,1
/italien/puccini-operarejse-til-toscana,/transformation,chrome,1
/italien/puccini-operarejse-til-toscana,/vinrejser,content,1
/italien/ravello,/,chrome,1
/italien/ravello,/cookie-politik,chrome,1
/italien/ravello,/faq,chrome,1
/italien/ravello,/gavekort,chrome,1
/italien/ravello,/historiske-rejser,content,1
/italien/ravello,/italien,chrome,1
/italien/ravello,/italien/amalfi,content,1
/italien/ravello,/italien/amalfikysten,content,1
/italien/ravello,/italien/amalfikysten-til-foraarspris,content,1
/italien/ravello,/italien/kulinariske-vandringer-paa-amalfikysten,content,1
/italien/ravello,/italien/sommer-paa-amalfikysten,content,1
/italien/ravello,/italien/syditalien,content,1
/italien/ravello,/italien/vidunderlige-amalfi,content,1
/italien/ravello,/katalog,chrome,1
/italien/ravello,/kulturrejser,content,1
/italien/ravello,/madrejser,content,1
/italien/ravello,/naturrejser,content,1
/italien/ravello,/naturrejser/haverejser,content,1
/italien/ravello,/nyhedsbrev,chrome,1
/italien/ravello,/om-os/kontakt,chrome,1
/italien/ravello,/om-os/medarbejdere,chrome,1
/italien/ravello,/om-os/rejseledere,chrome,1
/italien/ravello,/privatlivspolitik,chrome,1
/italien/ravello,/rejseforsikring,chrome,1
/italien/ravello,/rejsekalender,chrome,1
/italien/ravello,/sommerrejser,content,1
/italien/ravello,/transformation,chrome,1
/italien/ravello,/vandreferier,content,1
/italien/ravello,/vinterrejser,content,1
/italien/rom,/,chrome,1
/italien/rom,/cookie-politik,chrome,1
/italien/rom,/faq,chrome,1
/italien/rom,/gavekort,chrome,1
/italien/rom,/historiske-rejser,content,1
/italien/rom,/italien,chrome,1
/italien/rom,/italien/nytaar-i-det-historiske-rom,content,1
/italien/rom,/italien/rom-den-evige-stad,content,1
/italien/rom,/katalog,chrome,1
/italien/rom,/nyhedsbrev,chrome,1
/italien/rom,/om-os/kontakt,chrome,1
/italien/rom,/om-os/medarbejdere,chrome,1
/italien/rom,/om-os/rejseledere,chrome,1
/italien/rom,/privatlivspolitik,chrome,1
/italien/rom,/rejseforsikring,chrome,1
/italien/rom,/rejsekalender,chrome,1
/italien/rom,/storbyferier,content,1
/italien/rom,/transformation,chrome,1
/italien/rom-den-evige-stad,/,chrome,1
/italien/rom-den-evige-stad,/booking/travel/62421/6315/accommodation,content,0
/italien/rom-den-evige-stad,/booking/travel/62798/6718/accommodation,content,0
/italien/rom-den-evige-stad,/booking/travel/62799/6719/accommodation,content,0
/italien/rom-den-evige-stad,/cookie-politik,chrome,1
/italien/rom-den-evige-stad,/faq,chrome,1
/italien/rom-den-evige-stad,/gavekort,chrome,1
/italien/rom-den-evige-stad,/italien,chrome,1
/italien/rom-den-evige-stad,/italien/pompeji,content,1
/italien/rom-den-evige-stad,/italien/rom,content,1
/italien/rom-den-evige-stad,/katalog,chrome,1
/italien/rom-den-evige-stad,/nyhedsbrev,chrome,1
/italien/rom-den-evige-stad,/om-os/kontakt,chrome,1
/italien/rom-den-evige-stad,/om-os/medarbejdere,chrome,1
/italien/rom-den-evige-stad,/om-os/rejseledere,chrome,1
/italien/rom-den-evige-stad,/privatlivspolitik,chrome,1
/italien/rom-den-evige-stad,/rejseforsikring,chrome,1
/italien/rom-den-evige-stad,/rejsekalender,chrome,1
/italien/rom-den-evige-stad,/transformation,chrome,1
/italien/rom-den-evige-stad,/vandreferier,content,1
/italien/sicilien,/,chrome,1
/italien/sicilien,/cookie-politik,chrome,1
/italien/sicilien,/europa,content,1
/italien/sicilien,/faq,chrome,1
/italien/sicilien,/gavekort,chrome,1
/italien/sicilien,/graekenland/athen,content,1
/italien/sicilien,/italien,chrome,1
/italien/sicilien,/italien/klassiske-sicilien,content,1
/italien/sicilien,/italien/siciliens-riviera,content,1
/italien/sicilien,/jul-og-nytaar,content,1
/italien/sicilien,/katalog,chrome,1
/italien/sicilien,/kulturrejser,content,1
/italien/sicilien,/madrejser,content,1
/italien/sicilien,/naturrejser,content,1
/italien/sicilien,/nyhedsbrev,chrome,1
/italien/sicilien,/om-os/kontakt,chrome,1
/italien/sicilien,/om-os/medarbejdere,chrome,1
/italien/sicilien,/om-os/rejseledere,chrome,1
/italien/sicilien,/privatlivspolitik,chrome,1
/italien/sicilien,/rejseforsikring,chrome,1
/italien/sicilien,/rejsekalender,chrome,1
/italien/sicilien,/sommerrejser,content,1
/italien/sicilien,/transformation,chrome,1
/italien/sicilien,/vinrejser,content,1
/italien/sicilien,/vinterrejser,content,1
/italien/siciliens-riviera,/,chrome,1
/italien/siciliens-riviera,/cookie-politik,chrome,1
/italien/siciliens-riviera,/faq,chrome,1
/italien/siciliens-riviera,/gavekort,chrome,1
/italien/siciliens-riviera,/italien,chrome,1
/italien/siciliens-riviera,/katalog,chrome,1
/italien/siciliens-riviera,/nyhedsbrev,chrome,1
/italien/siciliens-riviera,/om-os/kontakt,chrome,1
/italien/siciliens-riviera,/om-os/medarbejdere,chrome,1
/italien/siciliens-riviera,/om-os/rejseledere,chrome,1
/italien/siciliens-riviera,/privatlivspolitik,chrome,1
/italien/siciliens-riviera,/rejseforsikring,chrome,1
/italien/siciliens-riviera,/rejsekalender,chrome,1
/italien/siciliens-riviera,/transformation,chrome,1
/italien/sommer-paa-amalfikysten,/,chrome,1
/italien/sommer-paa-amalfikysten,/cookie-politik,chrome,1
/italien/sommer-paa-amalfikysten,/faq,chrome,1
/italien/sommer-paa-amalfikysten,/gavekort,chrome,1
/italien/sommer-paa-amalfikysten,/italien,chrome,1
/italien/sommer-paa-amalfikysten,/italien/amalfi,content,1
/italien/sommer-paa-amalfikysten,/italien/amalfikysten,content,1
/italien/sommer-paa-amalfikysten,/italien/napoli,content,1
/italien/sommer-paa-amalfikysten,/italien/ravello,content,1
/italien/sommer-paa-amalfikysten,/italien/syditalien,content,1
/italien/sommer-paa-amalfikysten,/katalog,chrome,1
/italien/sommer-paa-amalfikysten,/nyhedsbrev,chrome,1
/italien/sommer-paa-amalfikysten,/om-os/kontakt,chrome,1
/italien/sommer-paa-amalfikysten,/om-os/medarbejdere,chrome,1
/italien/sommer-paa-amalfikysten,/om-os/rejseledere,chrome,1
/italien/sommer-paa-amalfikysten,/privatlivspolitik,chrome,1
/italien/sommer-paa-amalfikysten,/rejseforsikring,chrome,1
/italien/sommer-paa-amalfikysten,/rejsekalender,chrome,1
/italien/sommer-paa-amalfikysten,/transformation,chrome,1
/italien/sommer-paa-amalfikysten,/vandreferier,content,1
/italien/sommer-ved-gardasoeen,/,chrome,1
/italien/sommer-ved-gardasoeen,/cookie-politik,chrome,1
/italien/sommer-ved-gardasoeen,/faq,chrome,1
/italien/sommer-ved-gardasoeen,/gavekort,chrome,1
/italien/sommer-ved-gardasoeen,/italien,chrome,1
/italien/sommer-ved-gardasoeen,/katalog,chrome,1
/italien/sommer-ved-gardasoeen,/nyhedsbrev,chrome,1
/italien/sommer-ved-gardasoeen,/om-os/kontakt,chrome,1
/italien/sommer-ved-gardasoeen,/om-os/medarbejdere,chrome,1
/italien/sommer-ved-gardasoeen,/om-os/rejseledere,chrome,1
/italien/sommer-ved-gardasoeen,/privatlivspolitik,chrome,1
/italien/sommer-ved-gardasoeen,/rejseforsikring,chrome,1
/italien/sommer-ved-gardasoeen,/rejsekalender,chrome,1
/italien/sommer-ved-gardasoeen,/transformation,chrome,1
/italien/sorrento,/,chrome,1
/italien/sorrento,/cookie-politik,chrome,1
/italien/sorrento,/faq,chrome,1
/italien/sorrento,/gavekort,chrome,1
/italien/sorrento,/historiske-rejser,content,1
/italien/sorrento,/italien,chrome,1
/italien/sorrento,/italien/amalfi,content,1
/italien/sorrento,/italien/amalfikysten,content,1
/italien/sorrento,/italien/napoli,content,1
/italien/sorrento,/katalog,chrome,1
/italien/sorrento,/kulturrejser,content,1
/italien/sorrento,/nyhedsbrev,chrome,1
/italien/sorrento,/om-os/kontakt,chrome,1
/italien/sorrento,/om-os/medarbejdere,chrome,1
/italien/sorrento,/om-os/rejseledere,chrome,1
/italien/sorrento,/privatlivspolitik,chrome,1
/italien/sorrento,/rejseforsikring,chrome,1
/italien/sorrento,/rejsekalender,chrome,1
/italien/sorrento,/transformation,chrome,1
/italien/sorrento,/vandreferier,content,1
/italien/stresa,/,chrome,1
/italien/stresa,/cookie-politik,chrome,1
/italien/stresa,/europa,content,1
/italien/stresa,/faq,chrome,1
/italien/stresa,/frankrig,content,1
/italien/stresa,/gavekort,chrome,1
/italien/stresa,/italien,chrome,1
/italien/stresa,/italien/lago-maggiore,content,1
/italien/stresa,/italien/vidunderlige-norditalien,content,1
/italien/stresa,/katalog,chrome,1
/italien/stresa,/madrejser,content,1
/italien/stresa,/musik-og-underholdning,content,1
/italien/stresa,/naturrejser,content,1
/italien/stresa,/naturrejser/haverejser,content,1
/italien/stresa,/nyhedsbrev,chrome,1
/italien/stresa,/om-os/kontakt,chrome,1
/italien/stresa,/om-os/medarbejdere,chrome,1
/italien/stresa,/om-os/rejseledere,chrome,1
/italien/stresa,/privatlivspolitik,chrome,1
/italien/stresa,/rejseforsikring,chrome,1
/italien/stresa,/rejsekalender,chrome,1
/italien/stresa,/schweiz/toppen-af-alperne-med-gletsjer-ekspressen,content,1
/italien/stresa,/transformation,chrome,1
/italien/stresa,/vinrejser,content,1
/italien/syditalien,/,chrome,1
/italien/syditalien,/cookie-politik,chrome,1
/italien/syditalien,/faq,chrome,1
/italien/syditalien,/gavekort,chrome,1
/italien/syditalien,/italien,chrome,1
/italien/syditalien,/italien/amalfi-a-la-carte,content,1
/italien/syditalien,/italien/amalfikysten,content,1
/italien/syditalien,/italien/apulien,content,1
/italien/syditalien,/italien/cilento-det-hemmelige-syditalienske-paradis,content,1
/italien/syditalien,/italien/et-syditaliensk-eventyr,content,1
/italien/syditalien,/italien/ischia,content,1
/italien/syditalien,/italien/kulinariske-vandringer-paa-amalfikysten,content,1
/italien/syditalien,/italien/kulinariske-vandringer-paa-amalfikysten-september-2026,content,1
/italien/syditalien,/italien/napoli,content,1
/italien/syditalien,/italien/napoli-og-amalfikysten-storbyens-puls-og-kystens-hoejdepunkter,content,1
/italien/syditalien,/italien/sicilien,content,1
/italien/syditalien,/italien/sommer-paa-amalfikysten,content,1
/italien/syditalien,/italien/sorrento,content,1
/italien/syditalien,/italien/vesuvs-arkaeologiske-skygge,content,1
/italien/syditalien,/italien/vidunderlige-amalfi,content,1
/italien/syditalien,/katalog,chrome,1
/italien/syditalien,/naturrejser,content,1
/italien/syditalien,/nyhedsbrev,chrome,1
/italien/syditalien,/om-os/kontakt,chrome,1
/italien/syditalien,/om-os/medarbejdere,chrome,1
/italien/syditalien,/om-os/rejseledere,chrome,1
/italien/syditalien,/privatlivspolitik,chrome,1
/italien/syditalien,/rejseforsikring,chrome,1
/italien/syditalien,/rejsekalender,chrome,1
/italien/syditalien,/transformation,chrome,1
/italien/syditalien,/vandreferier,content,1
/italien/toscana,/,chrome,1
/italien/toscana,/cookie-politik,chrome,1
/italien/toscana,/europa,content,1
/italien/toscana,/faq,chrome,1
/italien/toscana,/gavekort,chrome,1
/italien/toscana,/historiske-rejser,content,1
/italien/toscana,/italien,chrome,1
/italien/toscana,/italien/andrea-bocelli-i-toscana,content,1
/italien/toscana,/italien/firenze,content,1
/italien/toscana,/italien/puccini-operarejse-til-toscana,content,1
/italien/toscana,/italien/vidunderlige-toscana,content,1
/italien/toscana,/katalog,chrome,1
/italien/toscana,/kulturrejser,content,1
/italien/toscana,/naturrejser,content,1
/italien/toscana,/nyhedsbrev,chrome,1
/italien/toscana,/om-os/kontakt,chrome,1
/italien/toscana,/om-os/medarbejdere,chrome,1
/italien/toscana,/om-os/rejseledere,chrome,1
/italien/toscana,/privatlivspolitik,chrome,1
/italien/toscana,/rejseforsikring,chrome,1
/italien/toscana,/rejsekalender,chrome,1
/italien/toscana,/transformation,chrome,1
/italien/toscana,/vandreferier,content,1
/italien/toscana,/vinrejser,content,1
/italien/umbrien,/,chrome,1
/italien/umbrien,/cookie-politik,chrome,1
/italien/umbrien,/europa,content,1
/italien/umbrien,/faq,chrome,1
/italien/umbrien,/gavekort,chrome,1
/italien/umbrien,/italien,chrome,1
/italien/umbrien,/katalog,chrome,1
/italien/umbrien,/madrejser,content,1
/italien/umbrien,/naturrejser,content,1
/italien/umbrien,/naturrejser/blomsterrejser,content,1
/italien/umbrien,/nyhedsbrev,chrome,1
/italien/umbrien,/om-os/kontakt,chrome,1
/italien/umbrien,/om-os/medarbejdere,chrome,1
/italien/umbrien,/om-os/rejseledere,chrome,1
/italien/umbrien,/privatlivspolitik,chrome,1
/italien/umbrien,/rejseforsikring,chrome,1
/italien/umbrien,/rejsekalender,chrome,1
/italien/umbrien,/transformation,chrome,1
/italien/umbrien,/vinrejser,content,1
/italien/umbrien,/vinterrejser,content,1
/italien/vandreferie-i-cinque-terre,/,chrome,1
/italien/vandreferie-i-cinque-terre,/cookie-politik,chrome,1
/italien/vandreferie-i-cinque-terre,/faq,chrome,1
/italien/vandreferie-i-cinque-terre,/gavekort,chrome,1
/italien/vandreferie-i-cinque-terre,/italien,chrome,1
/italien/vandreferie-i-cinque-terre,/italien/milano,content,1
/italien/vandreferie-i-cinque-terre,/katalog,chrome,1
/italien/vandreferie-i-cinque-terre,/nyhedsbrev,chrome,1
/italien/vandreferie-i-cinque-terre,/om-os/kontakt,chrome,1
/italien/vandreferie-i-cinque-terre,/om-os/medarbejdere,chrome,1
/italien/vandreferie-i-cinque-terre,/om-os/rejseledere,chrome,1
/italien/vandreferie-i-cinque-terre,/privatlivspolitik,chrome,1
/italien/vandreferie-i-cinque-terre,/rejseforsikring,chrome,1
/italien/vandreferie-i-cinque-terre,/rejsekalender,chrome,1
/italien/vandreferie-i-cinque-terre,/transformation,chrome,1
/italien/vandreferie-i-cinque-terre,/vandreferier,content,1
/italien/vandreferie-i-cinque-terre,/vinrejser,content,1
/italien/vandreferie-ved-gardasoeen,/,chrome,1
/italien/vandreferie-ved-gardasoeen,/cookie-politik,chrome,1
/italien/vandreferie-ved-gardasoeen,/faq,chrome,1
/italien/vandreferie-ved-gardasoeen,/gavekort,chrome,1
/italien/vandreferie-ved-gardasoeen,/italien,chrome,1
/italien/vandreferie-ved-gardasoeen,/italien/gardasoeen,content,1
/italien/vandreferie-ved-gardasoeen,/katalog,chrome,1
/italien/vandreferie-ved-gardasoeen,/nyhedsbrev,chrome,1
/italien/vandreferie-ved-gardasoeen,/om-os/kontakt,chrome,1
/italien/vandreferie-ved-gardasoeen,/om-os/medarbejdere,chrome,1
/italien/vandreferie-ved-gardasoeen,/om-os/rejseledere,chrome,1
/italien/vandreferie-ved-gardasoeen,/privatlivspolitik,chrome,1
/italien/vandreferie-ved-gardasoeen,/rejseforsikring,chrome,1
/italien/vandreferie-ved-gardasoeen,/rejsekalender,chrome,1
/italien/vandreferie-ved-gardasoeen,/transformation,chrome,1
/italien/vandreferie-ved-gardasoeen,/vandreferier,content,1
/italien/vandreferie-ved-gardasoeen,/vinrejser,content,1
/italien/venedig,/,chrome,1
/italien/venedig,/cookie-politik,chrome,1
/italien/venedig,/europa,content,1
/italien/venedig,/faq,chrome,1
/italien/venedig,/gavekort,chrome,1
/italien/venedig,/italien,chrome,1
/italien/venedig,/italien/gardasoeens-herligheder,content,1
/italien/venedig,/katalog,chrome,1
/italien/venedig,/kulturrejser,content,1
/italien/venedig,/nyhedsbrev,chrome,1
/italien/venedig,/om-os/kontakt,chrome,1
/italien/venedig,/om-os/medarbejdere,chrome,1
/italien/venedig,/om-os/rejseledere,chrome,1
/italien/venedig,/privatlivspolitik,chrome,1
/italien/venedig,/rejseforsikring,chrome,1
/italien/venedig,/rejsekalender,chrome,1
/italien/venedig,/transformation,chrome,1
/italien/verona,/,chrome,1
/italien/verona,/cookie-politik,chrome,1
/italien/verona,/faq,chrome,1
/italien/verona,/gavekort,chrome,1
/italien/verona,/historiske-rejser,content,1
/italien/verona,/italien,chrome,1
/italien/verona,/italien/norditalien,content,1
/italien/verona,/italien/opera-verona,content,1
/italien/verona,/katalog,chrome,1
/italien/verona,/kulturrejser,content,1
/italien/verona,/madrejser,content,1
/italien/verona,/musik-og-underholdning/operarejser,content,1
/italien/verona,/nyhedsbrev,chrome,1
/italien/verona,/om-os/kontakt,chrome,1
/italien/verona,/om-os/medarbejdere,chrome,1
/italien/verona,/om-os/rejseledere,chrome,1
/italien/verona,/privatlivspolitik,chrome,1
/italien/verona,/rejseforsikring,chrome,1
/italien/verona,/rejsekalender,chrome,1
/italien/verona,/transformation,chrome,1
/italien/verona,/vinrejser,content,1
/italien/vesuvs-arkaeologiske-skygge,/,chrome,1
/italien/vesuvs-arkaeologiske-skygge,/booking/travel/47899/4755/accommodation,content,0
/italien/vesuvs-arkaeologiske-skygge,/booking/travel/48081/4983/accommodation,content,0
/italien/vesuvs-arkaeologiske-skygge,/booking/travel/62825/6758/accommodation,content,0
/italien/vesuvs-arkaeologiske-skygge,/booking/travel/62830/6763/accommodation,content,0
/italien/vesuvs-arkaeologiske-skygge,/booking/travel/62831/6764/accommodation,content,0
/italien/vesuvs-arkaeologiske-skygge,/booking/travel/62941/6919/accommodation,content,0
/italien/vesuvs-arkaeologiske-skygge,/cookie-politik,chrome,1
/italien/vesuvs-arkaeologiske-skygge,/faq,chrome,1
/italien/vesuvs-arkaeologiske-skygge,/gavekort,chrome,1
/italien/vesuvs-arkaeologiske-skygge,/italien,chrome,1
/italien/vesuvs-arkaeologiske-skygge,/italien/pompeji,content,1
/italien/vesuvs-arkaeologiske-skygge,/italien/syditalien,content,1
/italien/vesuvs-arkaeologiske-skygge,/katalog,chrome,1
/italien/vesuvs-arkaeologiske-skygge,/nyhedsbrev,chrome,1
/italien/vesuvs-arkaeologiske-skygge,/om-os/kontakt,chrome,1
/italien/vesuvs-arkaeologiske-skygge,/om-os/medarbejdere,chrome,1
/italien/vesuvs-arkaeologiske-skygge,/om-os/rejseledere,chrome,1
/italien/vesuvs-arkaeologiske-skygge,/privatlivspolitik,chrome,1
/italien/vesuvs-arkaeologiske-skygge,/rejseforsikring,chrome,1
/italien/vesuvs-arkaeologiske-skygge,/rejsekalender,chrome,1
/italien/vesuvs-arkaeologiske-skygge,/transformation,chrome,1
/italien/vidunderlige-amalfi,/,chrome,1
/italien/vidunderlige-amalfi,/booking/travel/47984/4869/accommodation,content,0
/italien/vidunderlige-amalfi,/booking/travel/47985/4870/accommodation,content,0
/italien/vidunderlige-amalfi,/booking/travel/47986/4871/accommodation,content,0
/italien/vidunderlige-amalfi,/booking/travel/47987/4872/accommodation,content,0
/italien/vidunderlige-amalfi,/booking/travel/47988/4873/accommodation,content,0
/italien/vidunderlige-amalfi,/booking/travel/47989/4874/accommodation,content,0
/italien/vidunderlige-amalfi,/booking/travel/62800/6720/accommodation,content,0
/italien/vidunderlige-amalfi,/booking/travel/62801/6721/accommodation,content,0
/italien/vidunderlige-amalfi,/booking/travel/62802/6722/accommodation,content,0
/italien/vidunderlige-amalfi,/booking/travel/62803/6723/accommodation,content,0
/italien/vidunderlige-amalfi,/booking/travel/62814/6734/accommodation,content,0
/italien/vidunderlige-amalfi,/booking/travel/62815/6735/accommodation,content,0
/italien/vidunderlige-amalfi,/booking/travel/62816/6736/accommodation,content,0
/italien/vidunderlige-amalfi,/booking/travel/62817/6737/accommodation,content,0
/italien/vidunderlige-amalfi,/booking/travel/62818/6738/accommodation,content,0
/italien/vidunderlige-amalfi,/booking/travel/62819/6739/accommodation,content,0
/italien/vidunderlige-amalfi,/booking/travel/62820/6740/accommodation,content,0
/italien/vidunderlige-amalfi,/booking/travel/62821/6742/accommodation,content,0
/italien/vidunderlige-amalfi,/booking/travel/62850/6783/accommodation,content,0
/italien/vidunderlige-amalfi,/booking/travel/62872/6812/accommodation,content,0
/italien/vidunderlige-amalfi,/booking/travel/62873/6813/accommodation,content,0
/italien/vidunderlige-amalfi,/booking/travel/62955/6937/accommodation,content,0
/italien/vidunderlige-amalfi,/cookie-politik,chrome,1
/italien/vidunderlige-amalfi,/faq,chrome,1
/italien/vidunderlige-amalfi,/gavekort,chrome,1
/italien/vidunderlige-amalfi,/italien,chrome,1
/italien/vidunderlige-amalfi,/italien/amalfi,content,1
/italien/vidunderlige-amalfi,/italien/amalfikysten,content,1
/italien/vidunderlige-amalfi,/italien/genova,content,1
/italien/vidunderlige-amalfi,/italien/napoli,content,1
/italien/vidunderlige-amalfi,/italien/pompeji,content,1
/italien/vidunderlige-amalfi,/italien/ravello,content,1
/italien/vidunderlige-amalfi,/italien/venedig,content,1
/italien/vidunderlige-amalfi,/katalog,chrome,1
/italien/vidunderlige-amalfi,/nyhedsbrev,chrome,1
/italien/vidunderlige-amalfi,/om-os/kontakt,chrome,1
/italien/vidunderlige-amalfi,/om-os/medarbejdere,chrome,1
/italien/vidunderlige-amalfi,/om-os/rejseledere,chrome,1
/italien/vidunderlige-amalfi,/privatlivspolitik,chrome,1
/italien/vidunderlige-amalfi,/rejseforsikring,chrome,1
/italien/vidunderlige-amalfi,/rejsekalender,chrome,1
/italien/vidunderlige-amalfi,/transformation,chrome,1
/italien/vidunderlige-amalfi,/vinrejser,content,1
/italien/vidunderlige-norditalien,/,chrome,1
/italien/vidunderlige-norditalien,/booking/travel/48109/5014/accommodation,content,0
/italien/vidunderlige-norditalien,/booking/travel/48110/5015/accommodation,content,0
/italien/vidunderlige-norditalien,/cookie-politik,chrome,1
/italien/vidunderlige-norditalien,/faq,chrome,1
/italien/vidunderlige-norditalien,/gavekort,chrome,1
/italien/vidunderlige-norditalien,/italien,chrome,1
/italien/vidunderlige-norditalien,/italien/lago-maggiore,content,1
/italien/vidunderlige-norditalien,/italien/milano,content,1
/italien/vidunderlige-norditalien,/italien/piemonte,content,1
/italien/vidunderlige-norditalien,/italien/stresa,content,1
/italien/vidunderlige-norditalien,/katalog,chrome,1
/italien/vidunderlige-norditalien,/naturrejser/haverejser,content,1
/italien/vidunderlige-norditalien,/nyhedsbrev,chrome,1
/italien/vidunderlige-norditalien,/om-os/kontakt,chrome,1
/italien/vidunderlige-norditalien,/om-os/medarbejdere,chrome,1
/italien/vidunderlige-norditalien,/om-os/rejseledere,chrome,1
/italien/vidunderlige-norditalien,/privatlivspolitik,chrome,1
/italien/vidunderlige-norditalien,/rejseforsikring,chrome,1
/italien/vidunderlige-norditalien,/rejsekalender,chrome,1
/italien/vidunderlige-norditalien,/schweiz,content,1
/italien/vidunderlige-norditalien,/transformation,chrome,1
/italien/vidunderlige-toscana,/,chrome,1
/italien/vidunderlige-toscana,/booking/travel/48034/4928/accommodation,content,0
/italien/vidunderlige-toscana,/booking/travel/48034/6899/accommodation,content,0
/italien/vidunderlige-toscana,/booking/travel/48168/5090/accommodation,content,0
/italien/vidunderlige-toscana,/cookie-politik,chrome,1
/italien/vidunderlige-toscana,/faq,chrome,1
/italien/vidunderlige-toscana,/gavekort,chrome,1
/italien/vidunderlige-toscana,/historiske-rejser,content,1
/italien/vidunderlige-toscana,/italien,chrome,1
/italien/vidunderlige-toscana,/italien/firenze,content,1
/italien/vidunderlige-toscana,/italien/toscana,content,1
/italien/vidunderlige-toscana,/katalog,chrome,1
/italien/vidunderlige-toscana,/kulturrejser,content,1
/italien/vidunderlige-toscana,/nyhedsbrev,chrome,1
/italien/vidunderlige-toscana,/om-os/kontakt,chrome,1
/italien/vidunderlige-toscana,/om-os/medarbejdere,chrome,1
/italien/vidunderlige-toscana,/om-os/rejseledere,chrome,1
/italien/vidunderlige-toscana,/privatlivspolitik,chrome,1
/italien/vidunderlige-toscana,/rejseforsikring,chrome,1
/italien/vidunderlige-toscana,/rejsekalender,chrome,1
/italien/vidunderlige-toscana,/transformation,chrome,1
/italien/vidunderlige-toscana,/vinrejser,content,1
/italien/vin-og-gastronomi-i-piemonte,/,chrome,1
/italien/vin-og-gastronomi-i-piemonte,/booking/travel/48079/4980/accommodation,content,0
/italien/vin-og-gastronomi-i-piemonte,/cookie-politik,chrome,1
/italien/vin-og-gastronomi-i-piemonte,/faq,chrome,1
/italien/vin-og-gastronomi-i-piemonte,/gavekort,chrome,1
/italien/vin-og-gastronomi-i-piemonte,/italien,chrome,1
/italien/vin-og-gastronomi-i-piemonte,/italien/milano,content,1
/italien/vin-og-gastronomi-i-piemonte,/italien/piemonte,content,1
/italien/vin-og-gastronomi-i-piemonte,/katalog,chrome,1
/italien/vin-og-gastronomi-i-piemonte,/madrejser/gastronomirejser,content,1
/italien/vin-og-gastronomi-i-piemonte,/nyhedsbrev,chrome,1
/italien/vin-og-gastronomi-i-piemonte,/om-os/kontakt,chrome,1
/italien/vin-og-gastronomi-i-piemonte,/om-os/medarbejdere,chrome,1
/italien/vin-og-gastronomi-i-piemonte,/om-os/rejseledere,chrome,1
/italien/vin-og-gastronomi-i-piemonte,/privatlivspolitik,chrome,1
/italien/vin-og-gastronomi-i-piemonte,/rejseforsikring,chrome,1
/italien/vin-og-gastronomi-i-piemonte,/rejsekalender,chrome,1
/italien/vin-og-gastronomi-i-piemonte,/transformation,chrome,1
/italien/vin-og-gastronomi-i-piemonte,/vinrejser,content,1
/jordan,/,chrome,1
/jordan,/cookie-politik,chrome,1
/jordan,/faq,chrome,1
/jordan,/gavekort,chrome,1
/jordan,/historiske-rejser,content,1
/jordan,/jordan/jordan-et-magisk-kongerige,content,1
/jordan,/jordan/vandreferie-i-jordan,content,1
/jordan,/katalog,chrome,1
/jordan,/kulturrejser,content,1
/jordan,/naturrejser,content,1
/jordan,/nyhedsbrev,chrome,1
/jordan,/om-os/kontakt,chrome,1
/jordan,/om-os/medarbejdere,chrome,1
/jordan,/om-os/rejseledere,chrome,1
/jordan,/privatlivspolitik,chrome,1
/jordan,/rejseforsikring,chrome,1
/jordan,/rejsekalender,chrome,1
/jordan,/transformation,chrome,1
/jordan/jordan-et-magisk-kongerige,/,chrome,1
/jordan/jordan-et-magisk-kongerige,/cookie-politik,chrome,1
/jordan/jordan-et-magisk-kongerige,/faq,chrome,1
/jordan/jordan-et-magisk-kongerige,/gavekort,chrome,1
/jordan/jordan-et-magisk-kongerige,/historiske-rejser,content,1
/jordan/jordan-et-magisk-kongerige,/jordan,chrome,1
/jordan/jordan-et-magisk-kongerige,/katalog,chrome,1
/jordan/jordan-et-magisk-kongerige,/kulturrejser,content,1
/jordan/jordan-et-magisk-kongerige,/nyhedsbrev,chrome,1
/jordan/jordan-et-magisk-kongerige,/om-os/kontakt,chrome,1
/jordan/jordan-et-magisk-kongerige,/om-os/medarbejdere,chrome,1
/jordan/jordan-et-magisk-kongerige,/om-os/rejseledere,chrome,1
/jordan/jordan-et-magisk-kongerige,/privatlivspolitik,chrome,1
/jordan/jordan-et-magisk-kongerige,/rejseforsikring,chrome,1
/jordan/jordan-et-magisk-kongerige,/rejsekalender,chrome,1
/jordan/jordan-et-magisk-kongerige,/rundrejser,content,1
/jordan/jordan-et-magisk-kongerige,/transformation,chrome,1
/jordan/vandreferie-i-jordan,/,chrome,1
/jordan/vandreferie-i-jordan,/cookie-politik,chrome,1
/jordan/vandreferie-i-jordan,/faq,chrome,1
/jordan/vandreferie-i-jordan,/gavekort,chrome,1
/jordan/vandreferie-i-jordan,/jordan,chrome,1
/jordan/vandreferie-i-jordan,/katalog,chrome,1
/jordan/vandreferie-i-jordan,/nyhedsbrev,chrome,1
/jordan/vandreferie-i-jordan,/om-os/kontakt,chrome,1
/jordan/vandreferie-i-jordan,/om-os/medarbejdere,chrome,1
/jordan/vandreferie-i-jordan,/om-os/rejseledere,chrome,1
/jordan/vandreferie-i-jordan,/privatlivspolitik,chrome,1
/jordan/vandreferie-i-jordan,/rejseforsikring,chrome,1
/jordan/vandreferie-i-jordan,/rejsekalender,chrome,1
/jordan/vandreferie-i-jordan,/transformation,chrome,1
/jul-og-nytaar,/,chrome,1
/jul-og-nytaar,/blog/funchal-atlanterhavets-kulturelle-skat,content,1
/jul-og-nytaar,/cookie-politik,chrome,1
/jul-og-nytaar,/faq,chrome,1
/jul-og-nytaar,/gavekort,chrome,1
/jul-og-nytaar,/italien/nytaar-i-det-historiske-rom,content,1
/jul-og-nytaar,/katalog,chrome,1
/jul-og-nytaar,/nyhedsbrev,chrome,1
/jul-og-nytaar,/om-os/kontakt,chrome,1
/jul-og-nytaar,/om-os/medarbejdere,chrome,1
/jul-og-nytaar,/om-os/rejseledere,chrome,1
/jul-og-nytaar,/portugal/jul-paa-madeira,content,1
/jul-og-nytaar,/portugal/madeira,content,1
/jul-og-nytaar,/portugal/nytaar-i-porto,content,1
/jul-og-nytaar,/portugal/nytaar-paa-algarvekysten,content,1
/jul-og-nytaar,/portugal/nytaarsrejse-til-lissabon,content,1
/jul-og-nytaar,/portugal/nytaarsrejse-til-madeira,content,1
/jul-og-nytaar,/privatlivspolitik,chrome,1
/jul-og-nytaar,/rejseforsikring,chrome,1
/jul-og-nytaar,/rejsekalender,chrome,1
/jul-og-nytaar,/transformation,chrome,1
/jul-og-nytaar/julerejser,/,chrome,1
/jul-og-nytaar/julerejser,/cookie-politik,chrome,1
/jul-og-nytaar/julerejser,/faq,chrome,1
/jul-og-nytaar/julerejser,/gavekort,chrome,1
/jul-og-nytaar/julerejser,/jul-og-nytaar,chrome,1
/jul-og-nytaar/julerejser,/katalog,chrome,1
/jul-og-nytaar/julerejser,/nyhedsbrev,chrome,1
/jul-og-nytaar/julerejser,/om-os/kontakt,chrome,1
/jul-og-nytaar/julerejser,/om-os/medarbejdere,chrome,1
/jul-og-nytaar/julerejser,/om-os/rejseledere,chrome,1
/jul-og-nytaar/julerejser,/portugal/jul-paa-madeira,content,1
/jul-og-nytaar/julerejser,/privatlivspolitik,chrome,1
/jul-og-nytaar/julerejser,/rejseforsikring,chrome,1
/jul-og-nytaar/julerejser,/rejsekalender,chrome,1
/jul-og-nytaar/julerejser,/transformation,chrome,1
/jul-og-nytaar/nytaars-rejser,/,chrome,1
/jul-og-nytaar/nytaars-rejser,/cookie-politik,chrome,1
/jul-og-nytaar/nytaars-rejser,/faq,chrome,1
/jul-og-nytaar/nytaars-rejser,/gavekort,chrome,1
/jul-og-nytaar/nytaars-rejser,/italien/nytaar-i-det-historiske-rom,content,1
/jul-og-nytaar/nytaars-rejser,/jul-og-nytaar,chrome,1
/jul-og-nytaar/nytaars-rejser,/katalog,chrome,1
/jul-og-nytaar/nytaars-rejser,/nyhedsbrev,chrome,1
/jul-og-nytaar/nytaars-rejser,/om-os/kontakt,chrome,1
/jul-og-nytaar/nytaars-rejser,/om-os/medarbejdere,chrome,1
/jul-og-nytaar/nytaars-rejser,/om-os/rejseledere,chrome,1
/jul-og-nytaar/nytaars-rejser,/portugal/nytaar-i-porto,content,1
/jul-og-nytaar/nytaars-rejser,/portugal/nytaar-paa-algarvekysten,content,1
/jul-og-nytaar/nytaars-rejser,/portugal/nytaarsrejse-til-lissabon,content,1
/jul-og-nytaar/nytaars-rejser,/portugal/nytaarsrejse-til-madeira,content,1
/jul-og-nytaar/nytaars-rejser,/privatlivspolitik,chrome,1
/jul-og-nytaar/nytaars-rejser,/rejseforsikring,chrome,1
/jul-og-nytaar/nytaars-rejser,/rejsekalender,chrome,1
/jul-og-nytaar/nytaars-rejser,/transformation,chrome,1
/katalog,/,chrome,1
/katalog,/cookie-politik,chrome,1
/katalog,/faq,chrome,1
/katalog,/gavekort,chrome,1
/katalog,/nyhedsbrev,chrome,1
/katalog,/om-os/kontakt,chrome,1
/katalog,/om-os/medarbejdere,chrome,1
/katalog,/om-os/rejseledere,chrome,1
/katalog,/privatlivspolitik,chrome,1
/katalog,/rejseforsikring,chrome,1
/katalog,/rejsekalender,chrome,1
/katalog,/transformation,chrome,1
/kina,/,chrome,1
/kina,/cookie-politik,chrome,1
/kina,/faq,chrome,1
/kina,/gavekort,chrome,1
/kina,/katalog,chrome,1
/kina,/kina/kina-og-tibet-ekspressen,content,1
/kina,/kina/kina-pagoder-pandaer-og-paladser,content,1
/kina,/kina/vandreferie-paa-den-kinesiske-mur,content,1
/kina,/nyhedsbrev,chrome,1
/kina,/om-os/kontakt,chrome,1
/kina,/om-os/medarbejdere,chrome,1
/kina,/om-os/rejseledere,chrome,1
/kina,/privatlivspolitik,chrome,1
/kina,/rejseforsikring,chrome,1
/kina,/rejsekalender,chrome,1
/kina,/transformation,chrome,1
/kina/beijing,/,chrome,1
/kina/beijing,/cookie-politik,chrome,1
/kina/beijing,/faq,chrome,1
/kina/beijing,/gavekort,chrome,1
/kina/beijing,/katalog,chrome,1
/kina/beijing,/kina,chrome,1
/kina/beijing,/kina/kina-og-tibet-ekspressen,content,1
/kina/beijing,/kina/kina-pagoder-pandaer-og-paladser,content,1
/kina/beijing,/kina/vandreferie-paa-den-kinesiske-mur,content,1
/kina/beijing,/nyhedsbrev,chrome,1
/kina/beijing,/om-os/kontakt,chrome,1
/kina/beijing,/om-os/medarbejdere,chrome,1
/kina/beijing,/om-os/rejseledere,chrome,1
/kina/beijing,/privatlivspolitik,chrome,1
/kina/beijing,/rejseforsikring,chrome,1
/kina/beijing,/rejsekalender,chrome,1
/kina/beijing,/transformation,chrome,1
/kina/kina-og-tibet-ekspressen,/,chrome,1
/kina/kina-og-tibet-ekspressen,/booking/travel/62796/6716/accommodation,content,0
/kina/kina-og-tibet-ekspressen,/cookie-politik,chrome,1
/kina/kina-og-tibet-ekspressen,/faq,chrome,1
/kina/kina-og-tibet-ekspressen,/gavekort,chrome,1
/kina/kina-og-tibet-ekspressen,/katalog,chrome,1
/kina/kina-og-tibet-ekspressen,/kina,chrome,1
/kina/kina-og-tibet-ekspressen,/nyhedsbrev,chrome,1
/kina/kina-og-tibet-ekspressen,/om-os/kontakt,chrome,1
/kina/kina-og-tibet-ekspressen,/om-os/medarbejdere,chrome,1
/kina/kina-og-tibet-ekspressen,/om-os/rejseledere,chrome,1
/kina/kina-og-tibet-ekspressen,/privatlivspolitik,chrome,1
/kina/kina-og-tibet-ekspressen,/rejseforsikring,chrome,1
/kina/kina-og-tibet-ekspressen,/rejsekalender,chrome,1
/kina/kina-og-tibet-ekspressen,/transformation,chrome,1
/kina/kina-pagoder-pandaer-og-paladser,/,chrome,1
/kina/kina-pagoder-pandaer-og-paladser,/booking/travel/62903/6850/accommodation,content,0
/kina/kina-pagoder-pandaer-og-paladser,/cookie-politik,chrome,1
/kina/kina-pagoder-pandaer-og-paladser,/faq,chrome,1
/kina/kina-pagoder-pandaer-og-paladser,/gavekort,chrome,1
/kina/kina-pagoder-pandaer-og-paladser,/katalog,chrome,1
/kina/kina-pagoder-pandaer-og-paladser,/kina,chrome,1
/kina/kina-pagoder-pandaer-og-paladser,/nyhedsbrev,chrome,1
/kina/kina-pagoder-pandaer-og-paladser,/om-os/kontakt,chrome,1
/kina/kina-pagoder-pandaer-og-paladser,/om-os/medarbejdere,chrome,1
/kina/kina-pagoder-pandaer-og-paladser,/om-os/rejseledere,chrome,1
/kina/kina-pagoder-pandaer-og-paladser,/privatlivspolitik,chrome,1
/kina/kina-pagoder-pandaer-og-paladser,/rejseforsikring,chrome,1
/kina/kina-pagoder-pandaer-og-paladser,/rejsekalender,chrome,1
/kina/kina-pagoder-pandaer-og-paladser,/transformation,chrome,1
/kina/vandreferie-paa-den-kinesiske-mur,/,chrome,1
/kina/vandreferie-paa-den-kinesiske-mur,/booking/travel/48039/4933/accommodation,content,0
/kina/vandreferie-paa-den-kinesiske-mur,/booking/travel/62883/6830/accommodation,content,0
/kina/vandreferie-paa-den-kinesiske-mur,/cookie-politik,chrome,1
/kina/vandreferie-paa-den-kinesiske-mur,/faq,chrome,1
/kina/vandreferie-paa-den-kinesiske-mur,/gavekort,chrome,1
/kina/vandreferie-paa-den-kinesiske-mur,/katalog,chrome,1
/kina/vandreferie-paa-den-kinesiske-mur,/kina,chrome,1
/kina/vandreferie-paa-den-kinesiske-mur,/nyhedsbrev,chrome,1
/kina/vandreferie-paa-den-kinesiske-mur,/om-os/kontakt,chrome,1
/kina/vandreferie-paa-den-kinesiske-mur,/om-os/medarbejdere,chrome,1
/kina/vandreferie-paa-den-kinesiske-mur,/om-os/rejseledere,chrome,1
/kina/vandreferie-paa-den-kinesiske-mur,/privatlivspolitik,chrome,1
/kina/vandreferie-paa-den-kinesiske-mur,/rejseforsikring,chrome,1
/kina/vandreferie-paa-den-kinesiske-mur,/rejsekalender,chrome,1
/kina/vandreferie-paa-den-kinesiske-mur,/transformation,chrome,1
/kroatien,/,chrome,1
/kroatien,/balkan,content,1
/kroatien,/balkan/betagende-nord-balkan,content,1
/kroatien,/bosnien,content,1
/kroatien,/cookie-politik,chrome,1
/kroatien,/europa,content,1
/kroatien,/faq,chrome,1
/kroatien,/gavekort,chrome,1
/kroatien,/historiske-rejser,content,1
/kroatien,/italien/norditalien,content,1
/kroatien,/katalog,chrome,1
/kroatien,/kroatien/dubrovnik,content,1
/kroatien,/kroatien/kroatiens-smukke-kyst,content,1
/kroatien,/kroatien/split,content,1
/kroatien,/kulturrejser,content,1
/kroatien,/montenegro,content,1
/kroatien,/naturrejser,content,1
/kroatien,/nyhedsbrev,chrome,1
/kroatien,/om-os/kontakt,chrome,1
/kroatien,/om-os/medarbejdere,chrome,1
/kroatien,/om-os/rejseledere,chrome,1
/kroatien,/privatlivspolitik,chrome,1
/kroatien,/rejseforsikring,chrome,1
/kroatien,/rejsekalender,chrome,1
/kroatien,/slovenien,content,1
/kroatien,/transformation,chrome,1
/kroatien,/vandreferier,content,1
/kroatien/dubrovnik,/,chrome,1
/kroatien/dubrovnik,/balkan/betagende-nord-balkan,content,1
/kroatien/dubrovnik,/cookie-politik,chrome,1
/kroatien/dubrovnik,/europa,content,1
/kroatien/dubrovnik,/faq,chrome,1
/kroatien/dubrovnik,/gavekort,chrome,1
/kroatien/dubrovnik,/jul-og-nytaar/julerejser,content,1
/kroatien/dubrovnik,/katalog,chrome,1
/kroatien/dubrovnik,/kroatien,chrome,1
/kroatien/dubrovnik,/kroatien/kroatiens-smukke-kyst,content,1
/kroatien/dubrovnik,/kulturrejser,content,1
/kroatien/dubrovnik,/nyhedsbrev,chrome,1
/kroatien/dubrovnik,/om-os/kontakt,chrome,1
/kroatien/dubrovnik,/om-os/medarbejdere,chrome,1
/kroatien/dubrovnik,/om-os/rejseledere,chrome,1
/kroatien/dubrovnik,/privatlivspolitik,chrome,1
/kroatien/dubrovnik,/rejseforsikring,chrome,1
/kroatien/dubrovnik,/rejsekalender,chrome,1
/kroatien/dubrovnik,/sommerrejser,content,1
/kroatien/dubrovnik,/transformation,chrome,1
/kroatien/dubrovnik,/vandreferier,content,1
/kroatien/kroatiens-smukke-kyst,/,chrome,1
/kroatien/kroatiens-smukke-kyst,/bosnien,content,1
/kroatien/kroatiens-smukke-kyst,/bosnien/mostar,content,1
/kroatien/kroatiens-smukke-kyst,/cookie-politik,chrome,1
/kroatien/kroatiens-smukke-kyst,/faq,chrome,1
/kroatien/kroatiens-smukke-kyst,/gavekort,chrome,1
/kroatien/kroatiens-smukke-kyst,/historiske-rejser,content,1
/kroatien/kroatiens-smukke-kyst,/katalog,chrome,1
/kroatien/kroatiens-smukke-kyst,/kroatien,chrome,1
/kroatien/kroatiens-smukke-kyst,/kroatien/dubrovnik,content,1
/kroatien/kroatiens-smukke-kyst,/kroatien/split,content,1
/kroatien/kroatiens-smukke-kyst,/kroatien/trogir,content,1
/kroatien/kroatiens-smukke-kyst,/nyhedsbrev,chrome,1
/kroatien/kroatiens-smukke-kyst,/om-os/kontakt,chrome,1
/kroatien/kroatiens-smukke-kyst,/om-os/medarbejdere,chrome,1
/kroatien/kroatiens-smukke-kyst,/om-os/rejseledere,chrome,1
/kroatien/kroatiens-smukke-kyst,/privatlivspolitik,chrome,1
/kroatien/kroatiens-smukke-kyst,/rejseforsikring,chrome,1
/kroatien/kroatiens-smukke-kyst,/rejsekalender,chrome,1
/kroatien/kroatiens-smukke-kyst,/transformation,chrome,1
/kroatien/split,/,chrome,1
/kroatien/split,/cookie-politik,chrome,1
/kroatien/split,/faq,chrome,1
/kroatien/split,/gavekort,chrome,1
/kroatien/split,/italien,content,1
/kroatien/split,/jul-og-nytaar/julerejser,content,1
/kroatien/split,/katalog,chrome,1
/kroatien/split,/kroatien,chrome,1
/kroatien/split,/kulturrejser,content,1
/kroatien/split,/naturrejser,content,1
/kroatien/split,/nyhedsbrev,chrome,1
/kroatien/split,/om-os/kontakt,chrome,1
/kroatien/split,/om-os/medarbejdere,chrome,1
/kroatien/split,/om-os/rejseledere,chrome,1
/kroatien/split,/privatlivspolitik,chrome,1
/kroatien/split,/rejseforsikring,chrome,1
/kroatien/split,/rejsekalender,chrome,1
/kroatien/split,/sommerrejser,content,1
/kroatien/split,/transformation,chrome,1
/kroatien/split,/tyskland,content,1
/kroatien/split,/vandreferier,content,1
/kroatien/split,/vinterrejser,content,1
/kroatien/trogir,/,chrome,1
/kroatien/trogir,/cookie-politik,chrome,1
/kroatien/trogir,/faq,chrome,1
/kroatien/trogir,/gavekort,chrome,1
/kroatien/trogir,/historiske-rejser,content,1
/kroatien/trogir,/katalog,chrome,1
/kroatien/trogir,/kroatien,chrome,1
/kroatien/trogir,/kroatien/kroatiens-smukke-kyst,content,1
/kroatien/trogir,/kroatien/split,content,1
/kroatien/trogir,/kulturrejser,content,1
/kroatien/trogir,/madrejser/gastronomirejser,content,1
/kroatien/trogir,/nyhedsbrev,chrome,1
/kroatien/trogir,/om-os/kontakt,chrome,1
/kroatien/trogir,/om-os/medarbejdere,chrome,1
/kroatien/trogir,/om-os/rejseledere,chrome,1
/kroatien/trogir,/privatlivspolitik,chrome,1
/kroatien/trogir,/rejseforsikring,chrome,1
/kroatien/trogir,/rejsekalender,chrome,1
/kroatien/trogir,/storbyferier,content,1
/kroatien/trogir,/transformation,chrome,1
/kulturrejser,/,chrome,1
/kulturrejser,/albanien/autentiske-albanien,content,1
/kulturrejser,/balkan/betagende-nord-balkan,content,1
/kulturrejser,/balkan/betagende-syd-balkan,content,1
/kulturrejser,/baltikum/den-baltiske-odysse,content,1
/kulturrejser,/bulgarien/bulgariens-skjulte-skatte,content,1
/kulturrejser,/cookie-politik,chrome,1
/kulturrejser,/cypern/charmerende-cypern-kultur-og-livsnydelse,content,1
/kulturrejser,/cypern/cypern-afrodites-smukke-oe,content,1
/kulturrejser,/egypten/cairo-og-nilkrydstogt,content,1
/kulturrejser,/england/haverejse-i-det-sydoestlige-england,content,1
/kulturrejser,/england/haverejse-i-england-med-chelsea-flower-show,content,1
/kulturrejser,/england/sydenglands-stolthed-og-charme-fra-stonehenge-og-shakespeare-til-downton-abbey,content,1
/kulturrejser,/england/vandreferie-i-lake-district,content,1
/kulturrejser,/europa,content,1
/kulturrejser,/faeroeerne/fabelagtige-faeroerne,content,1
/kulturrejser,/faq,chrome,1
/kulturrejser,/flodkrydstogter/douro-deluxe-flodkrydstogt-paa-dourofloden,content,1
/kulturrejser,/flodkrydstogter/flodkrydstogt-fra-alsace-til-toppen-af-de-schweiziske-alper,content,1
/kulturrejser,/flodkrydstogter/flodkrydstogt-paa-donaufloden,content,1
/kulturrejser,/flodkrydstogter/flodkrydstogt-paa-douro-floden,content,1
/kulturrejser,/flodkrydstogter/flodkrydstogt-paa-rhinen,content,1
/kulturrejser,/flodkrydstogter/flodkrydstogt-paa-rhone-floden,content,1
/kulturrejser,/flodkrydstogter/flodkrydstogt-paa-rhone-floden-2027,content,1
/kulturrejser,/flodkrydstogter/flodkrydstogt-paa-seinen,content,1
/kulturrejser,/frankrig/flodkrydstogt-paa-rhinen-og-tur-med-gletsjerekspressen,content,1
/kulturrejser,/frankrig/paris-mon-amour-storbyliv-og-stemning-paa-seinen,content,1
/kulturrejser,/frankrig/sydfranske-eventyr-i-provence,content,1
/kulturrejser,/gavekort,chrome,1
/kulturrejser,/georgien/vandreferie-i-georgien-svaneti,content,1
/kulturrejser,/graekenland/nordgraekenland-mellem-himmel-og-hav,content,1
/kulturrejser,/graekenland/oe-hop-i-graekenland,content,1
/kulturrejser,/graekenland/smagen-af-kreta,content,1
/kulturrejser,/graekenland/unik-rundrejse-paa-peloponnes,content,1
/kulturrejser,/graekenland/vandreferie-i-graekenland,content,1
/kulturrejser,/historiske-rejser,content,1
/kulturrejser,/indien/rajasthan-indiens-juvel,content,1
/kulturrejser,/indien/sydindiens-guddommelige-hjerte-kerala,content,1
/kulturrejser,/irland/fortryllende-irland,content,1
/kulturrejser,/irland/musikfestival-i-dublin,content,1
/kulturrejser,/irland/vandreferie-i-irland,content,1
/kulturrejser,/italien/amalfi-a-la-carte,content,1
/kulturrejser,/italien/amalfikysten-til-foraarspris,content,1
/kulturrejser,/italien/andrea-bocelli-i-toscana,content,1
/kulturrejser,/italien/charmerende-cinque-terre,content,1
/kulturrejser,/italien/cilento-det-hemmelige-syditalienske-paradis,content,1
/kulturrejser,/italien/det-ukendte-norditalien,content,1
/kulturrejser,/italien/et-syditaliensk-eventyr,content,1
/kulturrejser,/italien/gardasoeens-herligheder,content,1
/kulturrejser,/italien/hjertet-af-italien-paa-elcykel,content,1
/kulturrejser,/italien/klassiske-sicilien,content,1
/kulturrejser,/italien/kulinariske-vandringer-paa-amalfikysten,content,1
/kulturrejser,/italien/kulinariske-vandringer-paa-amalfikysten-september-2026,content,1
/kulturrejser,/italien/napoli-og-amalfikysten-storbyens-puls-og-kystens-hoejdepunkter,content,1
/kulturrejser,/italien/nytaar-i-det-historiske-rom,content,1
/kulturrejser,/italien/opera-verona,content,1
/kulturrejser,/italien/puccini-operarejse-til-toscana,content,1
/kulturrejser,/italien/rom-den-evige-stad,content,1
/kulturrejser,/italien/siciliens-riviera,content,1
/kulturrejser,/italien/sommer-paa-amalfikysten,content,1
/kulturrejser,/italien/sommer-ved-gardasoeen,content,1
/kulturrejser,/italien/vandreferie-i-cinque-terre,content,1
/kulturrejser,/italien/vandreferie-ved-gardasoeen,content,1
/kulturrejser,/italien/vesuvs-arkaeologiske-skygge,content,1
/kulturrejser,/italien/vidunderlige-amalfi,content,1
/kulturrejser,/italien/vidunderlige-norditalien,content,1
/kulturrejser,/italien/vidunderlige-toscana,content,1
/kulturrejser,/italien/vin-og-gastronomi-i-piemonte,content,1
/kulturrejser,/jordan/vandreferie-i-jordan,content,1
/kulturrejser,/katalog,chrome,1
/kulturrejser,/kina/kina-og-tibet-ekspressen,content,1
/kulturrejser,/kina/kina-pagoder-pandaer-og-paladser,content,1
/kulturrejser,/kina/vandreferie-paa-den-kinesiske-mur,content,1
/kulturrejser,/kroatien/kroatiens-smukke-kyst,content,1
/kulturrejser,/madrejser,content,1
/kulturrejser,/marokko/farverige-marokko-fra-tanger-til-marrakech,content,1
/kulturrejser,/marokko/magiske-marrakech-og-essaouira,content,1
/kulturrejser,/marokko/marokko-blandt-berbere-og-beduiner,content,1
/kulturrejser,/nyhedsbrev,chrome,1
/kulturrejser,/oestrig/kultur-i-alperne,content,1
/kulturrejser,/om-os/kontakt,chrome,1
/kulturrejser,/om-os/medarbejdere,chrome,1
/kulturrejser,/om-os/rejseledere,chrome,1
/kulturrejser,/oman/oman-det-fortryllende-oerkenland,content,1
/kulturrejser,/polen/kulturel-kvalitetstid-i-krakow,content,1
/kulturrejser,/portugal/azorerne-den-groenne-oe-sao-miguel,content,1
/kulturrejser,/portugal/cascais-portugals-riviera,content,1
/kulturrejser,/portugal/essensen-af-madeira,content,1
/kulturrejser,/portugal/haverejse-til-nordportugal,content,1
/kulturrejser,/portugal/idylliske-tavira,content,1
/kulturrejser,/portugal/jul-paa-madeira,content,1
/kulturrejser,/portugal/lissabon-a-la-carte,content,1
/kulturrejser,/portugal/lissabon-og-alentejos-herligheder,content,1
/kulturrejser,/portugal/mageloese-madeira,content,1
/kulturrejser,/portugal/mageloese_madeira_med_blomsterfestival,content,1
/kulturrejser,/portugal/mageloese_madeira_med_blomsterfestivalen,content,1
/kulturrejser,/portugal/nytaar-i-porto,content,1
/kulturrejser,/portugal/nytaar-paa-algarvekysten,content,1
/kulturrejser,/portugal/nytaarsrejse-til-lissabon,content,1
/kulturrejser,/portugal/nytaarsrejse-til-madeira,content,1
/kulturrejser,/portugal/paa-opdagelse-i-portugal,content,1
/kulturrejser,/portugal/porto-og-douro-dalens-herligheder,content,1
/kulturrejser,/portugal/portugals-groenne-oerige-azorerne-og-madeira,content,1
/kulturrejser,/portugal/praegtige-portugal,content,1
/kulturrejser,/portugal/vandreferie-i-portugal,content,1
/kulturrejser,/portugal/vandreferie-paa-algarvekysten,content,1
/kulturrejser,/portugal/vandreferie-paa-madeira,content,1
/kulturrejser,/portugal/vidunderlige-madeira,content,1
/kulturrejser,/privatlivspolitik,chrome,1
/kulturrejser,/rejseforsikring,chrome,1
/kulturrejser,/rejsekalender,chrome,1
/kulturrejser,/schweiz/toppen-af-alperne-med-gletsjer-ekspressen,content,1
/kulturrejser,/skotland/haverejse-til-skotland,content,1
/kulturrejser,/skotland/sagnomspundne-skotland,content,1
/kulturrejser,/skotland/sommer-i-skotland,content,1
/kulturrejser,/skotland/vandreferie-i-skotland,content,1
/kulturrejser,/slovenien/ljubljana-og-de-slovenske-perler,content,1
/kulturrejser,/spanien/andalusien-til-saerpris,content,1
/kulturrejser,/spanien/andalusiens-herligheder,content,1
/kulturrejser,/spanien/andalusiens-lys-med-cadiz-og-sevilla,content,1
/kulturrejser,/spanien/autentiske-catalonien-og-costa-brava,content,1
/kulturrejser,/spanien/det-gode-liv-langtidsferie-i-andalusien,content,1
/kulturrejser,/spanien/fra-bilbao-til-bordeaux-en-kulturel-rejse-gennem-baskerland-og-sydfrankrig,content,1
/kulturrejser,/spanien/fra-bilbao-til-toulouse,content,1
/kulturrejser,/spanien/madrid-spaniens-hjerte,content,1
/kulturrejser,/spanien/maleriske-mallorca,content,1
/kulturrejser,/spanien/solformoerkelse-i-spanien-bilbao,content,1
/kulturrejser,/spanien/solformoerkelse-i-spanien-med-astrofysiker-michael-linden-voernle,content,1
/kulturrejser,/spanien/solformoerkelse-i-spanien-valencia,content,1
/kulturrejser,/spanien/tenerife-det-evige-foraars-oe,content,1
/kulturrejser,/spanien/vandreferie-paa-caminoen,content,1
/kulturrejser,/sri-lanka/klassiske-sri-lanka,content,1
/kulturrejser,/sri-lanka/sri-lanka-for-livsnydere,content,1
/kulturrejser,/sverige/gotland-svensk-sommeridyl,content,1
/kulturrejser,/sydafrika/sydafrika-cape-cabernet-og-safari,content,1
/kulturrejser,/sydafrika/sydafrika-et-eventyr-i-tre-akter,content,1
/kulturrejser,/sydafrika/sydafrika-for-livsnydere,content,1
/kulturrejser,/sydkorea/essensen-af-sydkorea,content,1
/kulturrejser,/thailand/thailand-smilets-land,content,1
/kulturrejser,/tjekkiet/magiske-prag-en-kulturrejse-i-europas-hjerte,content,1
/kulturrejser,/transformation,chrome,1
/kulturrejser,/tyrkiet/maegtige-istanbul,content,1
/kulturrejser,/vietnam/det-bedste-af-vietnam,content,1
/laeserrejser,/,chrome,1
/laeserrejser,/cookie-politik,chrome,1
/laeserrejser,/cypern/charmerende-cypern-kultur-og-livsnydelse,content,1
/laeserrejser,/faq,chrome,1
/laeserrejser,/gavekort,chrome,1
/laeserrejser,/katalog,chrome,1
/laeserrejser,/laeserrejser/laeserrejser-kristeligt-dagblad,content,1
/laeserrejser,/nyhedsbrev,chrome,1
/laeserrejser,/om-os/kontakt,chrome,1
/laeserrejser,/om-os/medarbejdere,chrome,1
/laeserrejser,/om-os/rejseledere,chrome,1
/laeserrejser,/privatlivspolitik,chrome,1
/laeserrejser,/rejseforsikring,chrome,1
/laeserrejser,/rejsekalender,chrome,1
/laeserrejser,/samvirke,content,1
/laeserrejser,/spanien/autentiske-catalonien-og-costa-brava,content,1
/laeserrejser,/tjekkiet/magiske-prag-en-kulturrejse-i-europas-hjerte,content,1
/laeserrejser,/transformation,chrome,1
/laeserrejser/laeserrejser-kristeligt-dagblad,/,chrome,1
/laeserrejser/laeserrejser-kristeligt-dagblad,/cookie-politik,chrome,1
/laeserrejser/laeserrejser-kristeligt-dagblad,/cypern/charmerende-cypern-kultur-og-livsnydelse,content,1
/laeserrejser/laeserrejser-kristeligt-dagblad,/faq,chrome,1
/laeserrejser/laeserrejser-kristeligt-dagblad,/gavekort,chrome,1
/laeserrejser/laeserrejser-kristeligt-dagblad,/katalog,chrome,1
/laeserrejser/laeserrejser-kristeligt-dagblad,/laeserrejser,chrome,1
/laeserrejser/laeserrejser-kristeligt-dagblad,/nyhedsbrev,chrome,1
/laeserrejser/laeserrejser-kristeligt-dagblad,/om-os/kontakt,chrome,1
/laeserrejser/laeserrejser-kristeligt-dagblad,/om-os/medarbejdere,chrome,1
/laeserrejser/laeserrejser-kristeligt-dagblad,/om-os/rejseledere,chrome,1
/laeserrejser/laeserrejser-kristeligt-dagblad,/privatlivspolitik,chrome,1
/laeserrejser/laeserrejser-kristeligt-dagblad,/rejseforsikring,chrome,1
/laeserrejser/laeserrejser-kristeligt-dagblad,/rejsekalender,chrome,1
/laeserrejser/laeserrejser-kristeligt-dagblad,/tjekkiet/magiske-prag-en-kulturrejse-i-europas-hjerte,content,1
/laeserrejser/laeserrejser-kristeligt-dagblad,/transformation,chrome,1
/langtidsferier,/,chrome,1
/langtidsferier,/cookie-politik,chrome,1
/langtidsferier,/faq,chrome,1
/langtidsferier,/gavekort,chrome,1
/langtidsferier,/historiske-rejser,content,1
/langtidsferier,/katalog,chrome,1
/langtidsferier,/kina/kina-pagoder-pandaer-og-paladser,content,1
/langtidsferier,/naturrejser,content,1
/langtidsferier,/nyhedsbrev,chrome,1
/langtidsferier,/om-os/kontakt,chrome,1
/langtidsferier,/om-os/medarbejdere,chrome,1
/langtidsferier,/om-os/rejseledere,chrome,1
/langtidsferier,/privatlivspolitik,chrome,1
/langtidsferier,/rejseforsikring,chrome,1
/langtidsferier,/rejsekalender,chrome,1
/langtidsferier,/spanien/det-gode-liv-langtidsferie-i-andalusien,content,1
/langtidsferier,/sydafrika/sydafrika-et-eventyr-i-tre-akter,content,1
/langtidsferier,/transformation,chrome,1
/langtidsferier,/vinterrejser,content,1
/letland,/,chrome,1
/letland,/baltikum/den-baltiske-odysse,content,1
/letland,/cookie-politik,chrome,1
/letland,/europa,content,1
/letland,/faq,chrome,1
/letland,/gavekort,chrome,1
/letland,/historiske-rejser,content,1
/letland,/jul-og-nytaar/julerejser,content,1
/letland,/katalog,chrome,1
/letland,/letland/riga,content,1
/letland,/musik-og-underholdning,content,1
/letland,/naturrejser,content,1
/letland,/nyhedsbrev,chrome,1
/letland,/om-os/kontakt,chrome,1
/letland,/om-os/medarbejdere,chrome,1
/letland,/om-os/rejseledere,chrome,1
/letland,/polen,content,1
/letland,/privatlivspolitik,chrome,1
/letland,/rejseforsikring,chrome,1
/letland,/rejsekalender,chrome,1
/letland,/schweiz,content,1
/letland,/sommerrejser,content,1
/letland,/sverige,content,1
/letland,/transformation,chrome,1
/letland,/tyskland,content,1
/letland,/vandreferier,content,1
/letland/riga,/,chrome,1
/letland/riga,/baltikum/den-baltiske-odysse,content,1
/letland/riga,/cookie-politik,chrome,1
/letland/riga,/faq,chrome,1
/letland/riga,/gavekort,chrome,1
/letland/riga,/historiske-rejser,content,1
/letland/riga,/jul-og-nytaar/julerejser,content,1
/letland/riga,/katalog,chrome,1
/letland/riga,/kulturrejser,content,1
/letland/riga,/letland,chrome,1
/letland/riga,/musik-og-underholdning/operarejser,content,1
/letland/riga,/nyhedsbrev,chrome,1
/letland/riga,/om-os/kontakt,chrome,1
/letland/riga,/om-os/medarbejdere,chrome,1
/letland/riga,/om-os/rejseledere,chrome,1
/letland/riga,/privatlivspolitik,chrome,1
/letland/riga,/rejseforsikring,chrome,1
/letland/riga,/rejsekalender,chrome,1
/letland/riga,/sommerrejser,content,1
/letland/riga,/transformation,chrome,1
/letland/riga,/vinterrejser,content,1
/litauen,/,chrome,1
/litauen,/baltikum,content,1
/litauen,/baltikum/den-baltiske-odysse,content,1
/litauen,/cookie-politik,chrome,1
/litauen,/faq,chrome,1
/litauen,/gavekort,chrome,1
/litauen,/katalog,chrome,1
/litauen,/litauen/vilnius,content,1
/litauen,/madrejser,content,1
/litauen,/nyhedsbrev,chrome,1
/litauen,/om-os/kontakt,chrome,1
/litauen,/om-os/medarbejdere,chrome,1
/litauen,/om-os/rejseledere,chrome,1
/litauen,/privatlivspolitik,chrome,1
/litauen,/rejseforsikring,chrome,1
/litauen,/rejsekalender,chrome,1
/litauen,/transformation,chrome,1
/litauen/vilnius,/,chrome,1
/litauen/vilnius,/baltikum/den-baltiske-odysse,content,1
/litauen/vilnius,/cookie-politik,chrome,1
/litauen/vilnius,/europa,content,1
/litauen/vilnius,/faq,chrome,1
/litauen/vilnius,/gavekort,chrome,1
/litauen/vilnius,/historiske-rejser,content,1
/litauen/vilnius,/katalog,chrome,1
/litauen/vilnius,/kulturrejser,content,1
/litauen/vilnius,/litauen,chrome,1
/litauen/vilnius,/musik-og-underholdning,content,1
/litauen/vilnius,/naturrejser,content,1
/litauen/vilnius,/naturrejser/haverejser,content,1
/litauen/vilnius,/nyhedsbrev,chrome,1
/litauen/vilnius,/om-os/kontakt,chrome,1
/litauen/vilnius,/om-os/medarbejdere,chrome,1
/litauen/vilnius,/om-os/rejseledere,chrome,1
/litauen/vilnius,/privatlivspolitik,chrome,1
/litauen/vilnius,/rejseforsikring,chrome,1
/litauen/vilnius,/rejsekalender,chrome,1
/litauen/vilnius,/sommerrejser,content,1
/litauen/vilnius,/transformation,chrome,1
/litauen/vilnius,/vandreferier,content,1
/litauen/vilnius,/vinterrejser,content,1
/madrejser,/,chrome,1
/madrejser,/bulgarien/bulgariens-skjulte-skatte,content,1
/madrejser,/cookie-politik,chrome,1
/madrejser,/cypern/charmerende-cypern-kultur-og-livsnydelse,content,1
/madrejser,/cypern/cypern-afrodites-smukke-oe,content,1
/madrejser,/faq,chrome,1
/madrejser,/flodkrydstogter/flodkrydstogt-paa-rhone-floden,content,1
/madrejser,/flodkrydstogter/flodkrydstogt-paa-rhone-floden-2027,content,1
/madrejser,/gavekort,chrome,1
/madrejser,/graekenland/smagen-af-kreta,content,1
/madrejser,/italien/amalfi-a-la-carte,content,1
/madrejser,/italien/cilento-det-hemmelige-syditalienske-paradis,content,1
/madrejser,/italien/hjertet-af-italien-paa-elcykel,content,1
/madrejser,/italien/kulinariske-vandringer-paa-amalfikysten,content,1
/madrejser,/italien/kulinariske-vandringer-paa-amalfikysten-september-2026,content,1
/madrejser,/italien/madlavningskursus-paa-amalfikysten,content,1
/madrejser,/italien/nytaar-i-det-historiske-rom,content,1
/madrejser,/italien/puccini-operarejse-til-toscana,content,1
/madrejser,/italien/vidunderlige-toscana,content,1
/madrejser,/italien/vin-og-gastronomi-i-piemonte,content,1
/madrejser,/katalog,chrome,1
/madrejser,/kina/kina-pagoder-pandaer-og-paladser,content,1
/madrejser,/nyhedsbrev,chrome,1
/madrejser,/om-os/kontakt,chrome,1
/madrejser,/om-os/medarbejdere,chrome,1
/madrejser,/om-os/rejseledere,chrome,1
/madrejser,/portugal/lissabon-og-alentejos-herligheder,content,1
/madrejser,/portugal/nytaar-i-porto,content,1
/madrejser,/portugal/paa-opdagelse-i-portugal,content,1
/madrejser,/portugal/vandreferie-i-portugal,content,1
/madrejser,/privatlivspolitik,chrome,1
/madrejser,/rejseforsikring,chrome,1
/madrejser,/rejsekalender,chrome,1
/madrejser,/spanien/autentiske-catalonien-og-costa-brava,content,1
/madrejser,/spanien/fra-bilbao-til-toulouse,content,1
/madrejser,/spanien/solformoerkelse-i-spanien-bilbao,content,1
/madrejser,/spanien/solformoerkelse-i-spanien-valencia,content,1
/madrejser,/sydafrika/sydafrika-cape-cabernet-og-safari,content,1
/madrejser,/sydkorea/essensen-af-sydkorea,content,1
/madrejser,/transformation,chrome,1
/madrejser/gastronomirejser,/,chrome,1
/madrejser/gastronomirejser,/cookie-politik,chrome,1
/madrejser/gastronomirejser,/faq,chrome,1
/madrejser/gastronomirejser,/flodkrydstogter/flodkrydstogt-paa-rhone-floden,content,1
/madrejser/gastronomirejser,/flodkrydstogter/flodkrydstogt-paa-rhone-floden-2027,content,1
/madrejser/gastronomirejser,/gavekort,chrome,1
/madrejser/gastronomirejser,/graekenland/smagen-af-kreta,content,1
/madrejser/gastronomirejser,/italien/hjertet-af-italien-paa-elcykel,content,1
/madrejser/gastronomirejser,/italien/kulinariske-vandringer-paa-amalfikysten-september-2026,content,1
/madrejser/gastronomirejser,/italien/madlavningskursus-paa-amalfikysten,content,1
/madrejser/gastronomirejser,/italien/vin-og-gastronomi-i-piemonte,content,1
/madrejser/gastronomirejser,/katalog,chrome,1
/madrejser/gastronomirejser,/madrejser,chrome,1
/madrejser/gastronomirejser,/nyhedsbrev,chrome,1
/madrejser/gastronomirejser,/om-os/kontakt,chrome,1
/madrejser/gastronomirejser,/om-os/medarbejdere,chrome,1
/madrejser/gastronomirejser,/om-os/rejseledere,chrome,1
/madrejser/gastronomirejser,/portugal/vandreferie-i-portugal,content,1
/madrejser/gastronomirejser,/privatlivspolitik,chrome,1
/madrejser/gastronomirejser,/rejseforsikring,chrome,1
/madrejser/gastronomirejser,/rejsekalender,chrome,1
/madrejser/gastronomirejser,/spanien/solformoerkelse-i-spanien-valencia,content,1
/madrejser/gastronomirejser,/transformation,chrome,1
/malta,/,chrome,1
/malta,/cookie-politik,chrome,1
/malta,/faq,chrome,1
/malta,/gavekort,chrome,1
/malta,/historiske-rejser,content,1
/malta,/italien/sicilien,content,1
/malta,/katalog,chrome,1
/malta,/kulturrejser,content,1
/malta,/nyhedsbrev,chrome,1
/malta,/om-os/kontakt,chrome,1
/malta,/om-os/medarbejdere,chrome,1
/malta,/om-os/rejseledere,chrome,1
/malta,/privatlivspolitik,chrome,1
/malta,/rejseforsikring,chrome,1
/malta,/rejsekalender,chrome,1
/malta,/transformation,chrome,1
/malta,/vandreferier,content,1
/marokko,/,chrome,1
/marokko,/afrika,content,1
/marokko,/cookie-politik,chrome,1
/marokko,/faq,chrome,1
/marokko,/frankrig,content,1
/marokko,/gavekort,chrome,1
/marokko,/historiske-rejser,content,1
/marokko,/katalog,chrome,1
/marokko,/kulturrejser,content,1
/marokko,/madrejser,content,1
/marokko,/marokko/farverige-marokko-fra-tanger-til-marrakech,content,1
/marokko,/marokko/magiske-marrakech-og-essaouira,content,1
/marokko,/marokko/marokko-blandt-berbere-og-beduiner,content,1
/marokko,/marokko/marrakech,content,1
/marokko,/musik-og-underholdning,content,1
/marokko,/naturrejser,content,1
/marokko,/nyhedsbrev,chrome,1
/marokko,/om-os/kontakt,chrome,1
/marokko,/om-os/medarbejdere,chrome,1
/marokko,/om-os/rejseledere,chrome,1
/marokko,/privatlivspolitik,chrome,1
/marokko,/rejseforsikring,chrome,1
/marokko,/rejsekalender,chrome,1
/marokko,/sommerrejser,content,1
/marokko,/spanien,content,1
/marokko,/transformation,chrome,1
/marokko,/vandreferier,content,1
/marokko/farverige-marokko-fra-tanger-til-marrakech,/,chrome,1
/marokko/farverige-marokko-fra-tanger-til-marrakech,/cookie-politik,chrome,1
/marokko/farverige-marokko-fra-tanger-til-marrakech,/faq,chrome,1
/marokko/farverige-marokko-fra-tanger-til-marrakech,/gavekort,chrome,1
/marokko/farverige-marokko-fra-tanger-til-marrakech,/katalog,chrome,1
/marokko/farverige-marokko-fra-tanger-til-marrakech,/marokko,chrome,1
/marokko/farverige-marokko-fra-tanger-til-marrakech,/nyhedsbrev,chrome,1
/marokko/farverige-marokko-fra-tanger-til-marrakech,/om-os/kontakt,chrome,1
/marokko/farverige-marokko-fra-tanger-til-marrakech,/om-os/medarbejdere,chrome,1
/marokko/farverige-marokko-fra-tanger-til-marrakech,/om-os/rejseledere,chrome,1
/marokko/farverige-marokko-fra-tanger-til-marrakech,/privatlivspolitik,chrome,1
/marokko/farverige-marokko-fra-tanger-til-marrakech,/rejseforsikring,chrome,1
/marokko/farverige-marokko-fra-tanger-til-marrakech,/rejsekalender,chrome,1
/marokko/farverige-marokko-fra-tanger-til-marrakech,/transformation,chrome,1
/marokko/magiske-marrakech-og-essaouira,/,chrome,1
/marokko/magiske-marrakech-og-essaouira,/booking/travel/49022/6120/accommodation,content,0
/marokko/magiske-marrakech-og-essaouira,/booking/travel/62701/6591/accommodation,content,0
/marokko/magiske-marrakech-og-essaouira,/booking/travel/62877/6823/accommodation,content,0
/marokko/magiske-marrakech-og-essaouira,/booking/travel/62878/6824/accommodation,content,0
/marokko/magiske-marrakech-og-essaouira,/cookie-politik,chrome,1
/marokko/magiske-marrakech-og-essaouira,/faq,chrome,1
/marokko/magiske-marrakech-og-essaouira,/gavekort,chrome,1
/marokko/magiske-marrakech-og-essaouira,/katalog,chrome,1
/marokko/magiske-marrakech-og-essaouira,/marokko,chrome,1
/marokko/magiske-marrakech-og-essaouira,/nyhedsbrev,chrome,1
/marokko/magiske-marrakech-og-essaouira,/om-os/kontakt,chrome,1
/marokko/magiske-marrakech-og-essaouira,/om-os/medarbejdere,chrome,1
/marokko/magiske-marrakech-og-essaouira,/om-os/rejseledere,chrome,1
/marokko/magiske-marrakech-og-essaouira,/privatlivspolitik,chrome,1
/marokko/magiske-marrakech-og-essaouira,/rejseforsikring,chrome,1
/marokko/magiske-marrakech-og-essaouira,/rejsekalender,chrome,1
/marokko/magiske-marrakech-og-essaouira,/transformation,chrome,1
/marokko/marokko-blandt-berbere-og-beduiner,/,chrome,1
/marokko/marokko-blandt-berbere-og-beduiner,/afrika,content,1
/marokko/marokko-blandt-berbere-og-beduiner,/booking/travel/48157/5079/accommodation,content,0
/marokko/marokko-blandt-berbere-og-beduiner,/booking/travel/65473/8061/accommodation,content,0
/marokko/marokko-blandt-berbere-og-beduiner,/cookie-politik,chrome,1
/marokko/marokko-blandt-berbere-og-beduiner,/faq,chrome,1
/marokko/marokko-blandt-berbere-og-beduiner,/gavekort,chrome,1
/marokko/marokko-blandt-berbere-og-beduiner,/katalog,chrome,1
/marokko/marokko-blandt-berbere-og-beduiner,/kulturrejser,content,1
/marokko/marokko-blandt-berbere-og-beduiner,/marokko,chrome,1
/marokko/marokko-blandt-berbere-og-beduiner,/marokko/marrakech,content,1
/marokko/marokko-blandt-berbere-og-beduiner,/naturrejser,content,1
/marokko/marokko-blandt-berbere-og-beduiner,/naturrejser/haverejser,content,1
/marokko/marokko-blandt-berbere-og-beduiner,/nyhedsbrev,chrome,1
/marokko/marokko-blandt-berbere-og-beduiner,/om-os/kontakt,chrome,1
/marokko/marokko-blandt-berbere-og-beduiner,/om-os/medarbejdere,chrome,1
/marokko/marokko-blandt-berbere-og-beduiner,/om-os/rejseledere,chrome,1
/marokko/marokko-blandt-berbere-og-beduiner,/privatlivspolitik,chrome,1
/marokko/marokko-blandt-berbere-og-beduiner,/rejseforsikring,chrome,1
/marokko/marokko-blandt-berbere-og-beduiner,/rejsekalender,chrome,1
/marokko/marokko-blandt-berbere-og-beduiner,/transformation,chrome,1
/marokko/marrakech,/,chrome,1
/marokko/marrakech,/cookie-politik,chrome,1
/marokko/marrakech,/europa,content,1
/marokko/marrakech,/faq,chrome,1
/marokko/marrakech,/gavekort,chrome,1
/marokko/marrakech,/historiske-rejser,content,1
/marokko/marrakech,/katalog,chrome,1
/marokko/marrakech,/kulturrejser,content,1
/marokko/marrakech,/madrejser,content,1
/marokko/marrakech,/marokko,chrome,1
/marokko/marrakech,/marokko/farverige-marokko-fra-tanger-til-marrakech,content,1
/marokko/marrakech,/marokko/magiske-marrakech-og-essaouira,content,1
/marokko/marrakech,/marokko/marokko-blandt-berbere-og-beduiner,content,1
/marokko/marrakech,/naturrejser,content,1
/marokko/marrakech,/nyhedsbrev,chrome,1
/marokko/marrakech,/om-os/kontakt,chrome,1
/marokko/marrakech,/om-os/medarbejdere,chrome,1
/marokko/marrakech,/om-os/rejseledere,chrome,1
/marokko/marrakech,/privatlivspolitik,chrome,1
/marokko/marrakech,/rejseforsikring,chrome,1
/marokko/marrakech,/rejsekalender,chrome,1
/marokko/marrakech,/sommerrejser,content,1
/marokko/marrakech,/storbyferier,content,1
/marokko/marrakech,/transformation,chrome,1
/marokko/marrakech,/vinterrejser,content,1
/marokko/rabat,/,chrome,1
/marokko/rabat,/cookie-politik,chrome,1
/marokko/rabat,/faq,chrome,1
/marokko/rabat,/frankrig,content,1
/marokko/rabat,/gavekort,chrome,1
/marokko/rabat,/historiske-rejser,content,1
/marokko/rabat,/katalog,chrome,1
/marokko/rabat,/kulturrejser,content,1
/marokko/rabat,/madrejser,content,1
/marokko/rabat,/marokko,chrome,1
/marokko/rabat,/marokko/farverige-marokko-fra-tanger-til-marrakech,content,1
/marokko/rabat,/musik-og-underholdning,content,1
/marokko/rabat,/naturrejser/haverejser,content,1
/marokko/rabat,/nyhedsbrev,chrome,1
/marokko/rabat,/om-os/kontakt,chrome,1
/marokko/rabat,/om-os/medarbejdere,chrome,1
/marokko/rabat,/om-os/rejseledere,chrome,1
/marokko/rabat,/privatlivspolitik,chrome,1
/marokko/rabat,/rejseforsikring,chrome,1
/marokko/rabat,/rejsekalender,chrome,1
/marokko/rabat,/sommerrejser,content,1
/marokko/rabat,/spanien,content,1
/marokko/rabat,/spanien/andalusien,content,1
/marokko/rabat,/transformation,chrome,1
/marokko/tanger,/,chrome,1
/marokko/tanger,/afrika,content,1
/marokko/tanger,/cookie-politik,chrome,1
/marokko/tanger,/europa,content,1
/marokko/tanger,/faq,chrome,1
/marokko/tanger,/gavekort,chrome,1
/marokko/tanger,/historiske-rejser,content,1
/marokko/tanger,/katalog,chrome,1
/marokko/tanger,/kulturrejser,content,1
/marokko/tanger,/madrejser,content,1
/marokko/tanger,/marokko,chrome,1
/marokko/tanger,/marokko/farverige-marokko-fra-tanger-til-marrakech,content,1
/marokko/tanger,/musik-og-underholdning,content,1
/marokko/tanger,/naturrejser,content,1
/marokko/tanger,/nyhedsbrev,chrome,1
/marokko/tanger,/om-os/kontakt,chrome,1
/marokko/tanger,/om-os/medarbejdere,chrome,1
/marokko/tanger,/om-os/rejseledere,chrome,1
/marokko/tanger,/privatlivspolitik,chrome,1
/marokko/tanger,/rejseforsikring,chrome,1
/marokko/tanger,/rejsekalender,chrome,1
/marokko/tanger,/spanien,content,1
/marokko/tanger,/transformation,chrome,1
/marokko/tanger,/vandreferier,content,1
/marokko/tanger,/vinterrejser,content,1
/mellemoesten,/,chrome,1
/mellemoesten,/cookie-politik,chrome,1
/mellemoesten,/egypten/cairo-og-nilkrydstogt,content,1
/mellemoesten,/faq,chrome,1
/mellemoesten,/gavekort,chrome,1
/mellemoesten,/jordan/jordan-et-magisk-kongerige,content,1
/mellemoesten,/jordan/vandreferie-i-jordan,content,1
/mellemoesten,/katalog,chrome,1
/mellemoesten,/nyhedsbrev,chrome,1
/mellemoesten,/om-os/kontakt,chrome,1
/mellemoesten,/om-os/medarbejdere,chrome,1
/mellemoesten,/om-os/rejseledere,chrome,1
/mellemoesten,/oman/oman-det-fortryllende-oerkenland,content,1
/mellemoesten,/privatlivspolitik,chrome,1
/mellemoesten,/rejseforsikring,chrome,1
/mellemoesten,/rejsekalender,chrome,1
/mellemoesten,/transformation,chrome,1
/mellemoesten,/tyrkiet/maegtige-istanbul,content,1
/montenegro,/,chrome,1
/montenegro,/balkan/betagende-nord-balkan,content,1
/montenegro,/cookie-politik,chrome,1
/montenegro,/faq,chrome,1
/montenegro,/gavekort,chrome,1
/montenegro,/katalog,chrome,1
/montenegro,/kulturrejser,content,1
/montenegro,/naturrejser,content,1
/montenegro,/nyhedsbrev,chrome,1
/montenegro,/om-os/kontakt,chrome,1
/montenegro,/om-os/medarbejdere,chrome,1
/montenegro,/om-os/rejseledere,chrome,1
/montenegro,/privatlivspolitik,chrome,1
/montenegro,/rejseforsikring,chrome,1
/montenegro,/rejsekalender,chrome,1
/montenegro,/transformation,chrome,1
/montenegro,/vinterrejser,content,1
/musik-og-underholdning,/,chrome,1
/musik-og-underholdning,/cookie-politik,chrome,1
/musik-og-underholdning,/faq,chrome,1
/musik-og-underholdning,/flodkrydstogter/flodkrydstogt-paa-donaufloden,content,1
/musik-og-underholdning,/gavekort,chrome,1
/musik-og-underholdning,/irland/fortryllende-irland,content,1
/musik-og-underholdning,/irland/musikfestival-i-dublin,content,1
/musik-og-underholdning,/italien/andrea-bocelli-i-toscana,content,1
/musik-og-underholdning,/italien/opera-verona,content,1
/musik-og-underholdning,/italien/puccini-operarejse-til-toscana,content,1
/musik-og-underholdning,/katalog,chrome,1
/musik-og-underholdning,/kina/kina-pagoder-pandaer-og-paladser,content,1
/musik-og-underholdning,/nyhedsbrev,chrome,1
/musik-og-underholdning,/om-os/kontakt,chrome,1
/musik-og-underholdning,/om-os/medarbejdere,chrome,1
/musik-og-underholdning,/om-os/rejseledere,chrome,1
/musik-og-underholdning,/portugal/nytaarsrejse-til-lissabon,content,1
/musik-og-underholdning,/privatlivspolitik,chrome,1
/musik-og-underholdning,/rejseforsikring,chrome,1
/musik-og-underholdning,/rejsekalender,chrome,1
/musik-og-underholdning,/spanien/andalusiens-lys-med-cadiz-og-sevilla,content,1
/musik-og-underholdning,/transformation,chrome,1
/musik-og-underholdning/koncert-rejser,/,chrome,1
/musik-og-underholdning/koncert-rejser,/cookie-politik,chrome,1
/musik-og-underholdning/koncert-rejser,/faq,chrome,1
/musik-og-underholdning/koncert-rejser,/gavekort,chrome,1
/musik-og-underholdning/koncert-rejser,/irland/musikfestival-i-dublin,content,1
/musik-og-underholdning/koncert-rejser,/italien/andrea-bocelli-i-toscana,content,1
/musik-og-underholdning/koncert-rejser,/katalog,chrome,1
/musik-og-underholdning/koncert-rejser,/musik-og-underholdning,chrome,1
/musik-og-underholdning/koncert-rejser,/nyhedsbrev,chrome,1
/musik-og-underholdning/koncert-rejser,/om-os/kontakt,chrome,1
/musik-og-underholdning/koncert-rejser,/om-os/medarbejdere,chrome,1
/musik-og-underholdning/koncert-rejser,/om-os/rejseledere,chrome,1
/musik-og-underholdning/koncert-rejser,/privatlivspolitik,chrome,1
/musik-og-underholdning/koncert-rejser,/rejseforsikring,chrome,1
/musik-og-underholdning/koncert-rejser,/rejsekalender,chrome,1
/musik-og-underholdning/koncert-rejser,/transformation,chrome,1
/musik-og-underholdning/koncert-rejser/andrea-bocelli,/,chrome,1
/musik-og-underholdning/koncert-rejser/andrea-bocelli,/cookie-politik,chrome,1
/musik-og-underholdning/koncert-rejser/andrea-bocelli,/faq,chrome,1
/musik-og-underholdning/koncert-rejser/andrea-bocelli,/gavekort,chrome,1
/musik-og-underholdning/koncert-rejser/andrea-bocelli,/italien/andrea-bocelli-i-toscana,content,1
/musik-og-underholdning/koncert-rejser/andrea-bocelli,/katalog,chrome,1
/musik-og-underholdning/koncert-rejser/andrea-bocelli,/musik-og-underholdning,chrome,1
/musik-og-underholdning/koncert-rejser/andrea-bocelli,/musik-og-underholdning/koncert-rejser,chrome,1
/musik-og-underholdning/koncert-rejser/andrea-bocelli,/nyhedsbrev,chrome,1
/musik-og-underholdning/koncert-rejser/andrea-bocelli,/om-os/kontakt,chrome,1
/musik-og-underholdning/koncert-rejser/andrea-bocelli,/om-os/medarbejdere,chrome,1
/musik-og-underholdning/koncert-rejser/andrea-bocelli,/om-os/rejseledere,chrome,1
/musik-og-underholdning/koncert-rejser/andrea-bocelli,/privatlivspolitik,chrome,1
/musik-og-underholdning/koncert-rejser/andrea-bocelli,/rejseforsikring,chrome,1
/musik-og-underholdning/koncert-rejser/andrea-bocelli,/rejsekalender,chrome,1
/musik-og-underholdning/koncert-rejser/andrea-bocelli,/transformation,chrome,1
/musik-og-underholdning/operarejser,/,chrome,1
/musik-og-underholdning/operarejser,/cookie-politik,chrome,1
/musik-og-underholdning/operarejser,/faq,chrome,1
/musik-og-underholdning/operarejser,/gavekort,chrome,1
/musik-og-underholdning/operarejser,/italien,content,1
/musik-og-underholdning/operarejser,/italien/andrea-bocelli-i-toscana,content,1
/musik-og-underholdning/operarejser,/italien/opera-verona,content,1
/musik-og-underholdning/operarejser,/italien/puccini-operarejse-til-toscana,content,1
/musik-og-underholdning/operarejser,/italien/toscana,content,1
/musik-og-underholdning/operarejser,/italien/verona,content,1
/musik-og-underholdning/operarejser,/katalog,chrome,1
/musik-og-underholdning/operarejser,/madrejser,content,1
/musik-og-underholdning/operarejser,/musik-og-underholdning,chrome,1
/musik-og-underholdning/operarejser,/nyhedsbrev,chrome,1
/musik-og-underholdning/operarejser,/om-os/kontakt,chrome,1
/musik-og-underholdning/operarejser,/om-os/medarbejdere,chrome,1
/musik-og-underholdning/operarejser,/om-os/rejseledere,chrome,1
/musik-og-underholdning/operarejser,/privatlivspolitik,chrome,1
/musik-og-underholdning/operarejser,/rejseforsikring,chrome,1
/musik-og-underholdning/operarejser,/rejsekalender,chrome,1
/musik-og-underholdning/operarejser,/transformation,chrome,1
/naturrejser,/,chrome,1
/naturrejser,/balkan/betagende-nord-balkan,content,1
/naturrejser,/baltikum/den-baltiske-odysse,content,1
/naturrejser,/bulgarien/bulgariens-skjulte-skatte,content,1
/naturrejser,/cookie-politik,chrome,1
/naturrejser,/cypern/charmerende-cypern-kultur-og-livsnydelse,content,1
/naturrejser,/cypern/cypern-afrodites-smukke-oe,content,1
/naturrejser,/england/haverejse-i-det-sydoestlige-england,content,1
/naturrejser,/england/haverejse-i-england-med-chelsea-flower-show,content,1
/naturrejser,/england/sydenglands-stolthed-og-charme-fra-stonehenge-og-shakespeare-til-downton-abbey,content,1
/naturrejser,/england/vandreferie-i-lake-district,content,1
/naturrejser,/europa,content,1
/naturrejser,/faeroeerne/fabelagtige-faeroerne,content,1
/naturrejser,/faq,chrome,1
/naturrejser,/flodkrydstogter/douro-deluxe-flodkrydstogt-paa-dourofloden,content,1
/naturrejser,/flodkrydstogter/flodkrydstogt-fra-alsace-til-toppen-af-de-schweiziske-alper,content,1
/naturrejser,/flodkrydstogter/flodkrydstogt-paa-donaufloden,content,1
/naturrejser,/flodkrydstogter/flodkrydstogt-paa-douro-floden,content,1
/naturrejser,/flodkrydstogter/flodkrydstogt-paa-rhinen,content,1
/naturrejser,/flodkrydstogter/flodkrydstogt-paa-seinen,content,1
/naturrejser,/frankrig/flodkrydstogt-paa-rhinen-og-tur-med-gletsjerekspressen,content,1
/naturrejser,/gavekort,chrome,1
/naturrejser,/georgien/vandreferie-i-georgien-svaneti,content,1
/naturrejser,/graekenland/nordgraekenland-mellem-himmel-og-hav,content,1
/naturrejser,/graekenland/oe-hop-i-graekenland,content,1
/naturrejser,/graekenland/smagen-af-kreta,content,1
/naturrejser,/graekenland/unik-rundrejse-paa-peloponnes,content,1
/naturrejser,/graekenland/vandreferie-i-graekenland,content,1
/naturrejser,/indien/rajasthan-indiens-juvel,content,1
/naturrejser,/indien/sydindiens-guddommelige-hjerte-kerala,content,1
/naturrejser,/irland/fortryllende-irland,content,1
/naturrejser,/irland/vandreferie-i-irland,content,1
/naturrejser,/italien/amalfi-a-la-carte,content,1
/naturrejser,/italien/charmerende-cinque-terre,content,1
/naturrejser,/italien/cilento-det-hemmelige-syditalienske-paradis,content,1
/naturrejser,/italien/det-ukendte-norditalien,content,1
/naturrejser,/italien/gardasoeens-herligheder,content,1
/naturrejser,/italien/hjertet-af-italien-paa-elcykel,content,1
/naturrejser,/italien/klassiske-sicilien,content,1
/naturrejser,/italien/kulinariske-vandringer-paa-amalfikysten,content,1
/naturrejser,/italien/kulinariske-vandringer-paa-amalfikysten-september-2026,content,1
/naturrejser,/italien/opera-verona,content,1
/naturrejser,/italien/siciliens-riviera,content,1
/naturrejser,/italien/sommer-paa-amalfikysten,content,1
/naturrejser,/italien/sommer-ved-gardasoeen,content,1
/naturrejser,/italien/vandreferie-i-cinque-terre,content,1
/naturrejser,/italien/vandreferie-ved-gardasoeen,content,1
/naturrejser,/italien/vesuvs-arkaeologiske-skygge,content,1
/naturrejser,/italien/vidunderlige-amalfi,content,1
/naturrejser,/italien/vidunderlige-norditalien,content,1
/naturrejser,/italien/vidunderlige-toscana,content,1
/naturrejser,/italien/vin-og-gastronomi-i-piemonte,content,1
/naturrejser,/jordan/vandreferie-i-jordan,content,1
/naturrejser,/katalog,chrome,1
/naturrejser,/kroatien/kroatiens-smukke-kyst,content,1
/naturrejser,/marokko/magiske-marrakech-og-essaouira,content,1
/naturrejser,/marokko/marokko-blandt-berbere-og-beduiner,content,1
/naturrejser,/norge/haverejse-til-stavanger,content,1
/naturrejser,/nyhedsbrev,chrome,1
/naturrejser,/oestrig/kultur-i-alperne,content,1
/naturrejser,/om-os/kontakt,chrome,1
/naturrejser,/om-os/medarbejdere,chrome,1
/naturrejser,/om-os/rejseledere,chrome,1
/naturrejser,/oman/oman-det-fortryllende-oerkenland,content,1
/naturrejser,/portugal/azorerne-den-groenne-oe-sao-miguel,content,1
/naturrejser,/portugal/cascais-portugals-riviera,content,1
/naturrejser,/portugal/essensen-af-madeira,content,1
/naturrejser,/portugal/haverejse-til-nordportugal,content,1
/naturrejser,/portugal/idylliske-tavira,content,1
/naturrejser,/portugal/jul-paa-madeira,content,1
/naturrejser,/portugal/lissabon-og-alentejos-herligheder,content,1
/naturrejser,/portugal/mageloese-madeira,content,1
/naturrejser,/portugal/mageloese_madeira_med_blomsterfestival,content,1
/naturrejser,/portugal/mageloese_madeira_med_blomsterfestivalen,content,1
/naturrejser,/portugal/nytaarsrejse-til-madeira,content,1
/naturrejser,/portugal/paa-opdagelse-i-portugal,content,1
/naturrejser,/portugal/porto-og-douro-dalens-herligheder,content,1
/naturrejser,/portugal/portugals-groenne-oerige-azorerne-og-madeira,content,1
/naturrejser,/portugal/praegtige-portugal,content,1
/naturrejser,/portugal/vandreferie-i-portugal,content,1
/naturrejser,/portugal/vandreferie-paa-algarvekysten,content,1
/naturrejser,/portugal/vandreferie-paa-madeira,content,1
/naturrejser,/portugal/vidunderlige-madeira,content,1
/naturrejser,/privatlivspolitik,chrome,1
/naturrejser,/rejseforsikring,chrome,1
/naturrejser,/rejsekalender,chrome,1
/naturrejser,/schweiz/toppen-af-alperne-med-gletsjer-ekspressen,content,1
/naturrejser,/skotland/haverejse-til-skotland,content,1
/naturrejser,/skotland/sagnomspundne-skotland,content,1
/naturrejser,/skotland/sommer-i-skotland,content,1
/naturrejser,/skotland/vandreferie-i-skotland,content,1
/naturrejser,/slovenien/ljubljana-og-de-slovenske-perler,content,1
/naturrejser,/spanien/andalusiens-lys-med-cadiz-og-sevilla,content,1
/naturrejser,/spanien/det-gode-liv-langtidsferie-i-andalusien,content,1
/naturrejser,/spanien/fra-bilbao-til-toulouse,content,1
/naturrejser,/spanien/maleriske-mallorca,content,1
/naturrejser,/spanien/solformoerkelse-i-spanien-med-astrofysiker-michael-linden-voernle,content,1
/naturrejser,/spanien/tenerife-det-evige-foraars-oe,content,1
/naturrejser,/spanien/vandreferie-paa-caminoen,content,1
/naturrejser,/sri-lanka/klassiske-sri-lanka,content,1
/naturrejser,/sri-lanka/sri-lanka-for-livsnydere,content,1
/naturrejser,/sverige/gotland-svensk-sommeridyl,content,1
/naturrejser,/sydafrika/sydafrika-cape-cabernet-og-safari,content,1
/naturrejser,/sydafrika/sydafrika-for-livsnydere,content,1
/naturrejser,/sydkorea/essensen-af-sydkorea,content,1
/naturrejser,/transformation,chrome,1
/naturrejser,/vietnam/det-bedste-af-vietnam,content,1
/naturrejser,/vinrejser,content,1
/naturrejser/blomsterrejser,/,chrome,1
/naturrejser/blomsterrejser,/cookie-politik,chrome,1
/naturrejser/blomsterrejser,/england/haverejse-i-det-sydoestlige-england,content,1
/naturrejser/blomsterrejser,/england/haverejse-i-england-med-chelsea-flower-show,content,1
/naturrejser/blomsterrejser,/faq,chrome,1
/naturrejser/blomsterrejser,/gavekort,chrome,1
/naturrejser/blomsterrejser,/katalog,chrome,1
/naturrejser/blomsterrejser,/kulturrejser,content,1
/naturrejser/blomsterrejser,/naturrejser,chrome,1
/naturrejser/blomsterrejser,/norge/haverejse-til-stavanger,content,1
/naturrejser/blomsterrejser,/nyhedsbrev,chrome,1
/naturrejser/blomsterrejser,/om-os/kontakt,chrome,1
/naturrejser/blomsterrejser,/om-os/medarbejdere,chrome,1
/naturrejser/blomsterrejser,/om-os/rejseledere,chrome,1
/naturrejser/blomsterrejser,/portugal/haverejse-til-nordportugal,content,1
/naturrejser/blomsterrejser,/portugal/mageloese-madeira,content,1
/naturrejser/blomsterrejser,/portugal/mageloese_madeira_med_blomsterfestival,content,1
/naturrejser/blomsterrejser,/portugal/mageloese_madeira_med_blomsterfestivalen,content,1
/naturrejser/blomsterrejser,/privatlivspolitik,chrome,1
/naturrejser/blomsterrejser,/rejseforsikring,chrome,1
/naturrejser/blomsterrejser,/rejsekalender,chrome,1
/naturrejser/blomsterrejser,/sydafrika/sydafrika-cape-cabernet-og-safari,content,1
/naturrejser/blomsterrejser,/transformation,chrome,1
/naturrejser/haverejser,/,chrome,1
/naturrejser/haverejser,/cookie-politik,chrome,1
/naturrejser/haverejser,/england/haverejse-i-det-sydoestlige-england,content,1
/naturrejser/haverejser,/england/haverejse-i-england-med-chelsea-flower-show,content,1
/naturrejser/haverejser,/faq,chrome,1
/naturrejser/haverejser,/gavekort,chrome,1
/naturrejser/haverejser,/katalog,chrome,1
/naturrejser/haverejser,/naturrejser,chrome,1
/naturrejser/haverejser,/naturrejser/blomsterrejser,content,1
/naturrejser/haverejser,/norge/haverejse-til-stavanger,content,1
/naturrejser/haverejser,/nyhedsbrev,chrome,1
/naturrejser/haverejser,/om-os/kontakt,chrome,1
/naturrejser/haverejser,/om-os/medarbejdere,chrome,1
/naturrejser/haverejser,/om-os/rejseledere,chrome,1
/naturrejser/haverejser,/portugal/haverejse-til-nordportugal,content,1
/naturrejser/haverejser,/portugal/vidunderlige-madeira,content,1
/naturrejser/haverejser,/privatlivspolitik,chrome,1
/naturrejser/haverejser,/rejseforsikring,chrome,1
/naturrejser/haverejser,/rejsekalender,chrome,1
/naturrejser/haverejser,/skotland/haverejse-til-skotland,content,1
/naturrejser/haverejser,/transformation,chrome,1
/naturrejser/solfoermoerkelsesrejser,/,chrome,1
/naturrejser/solfoermoerkelsesrejser,/cookie-politik,chrome,1
/naturrejser/solfoermoerkelsesrejser,/faq,chrome,1
/naturrejser/solfoermoerkelsesrejser,/gavekort,chrome,1
/naturrejser/solfoermoerkelsesrejser,/katalog,chrome,1
/naturrejser/solfoermoerkelsesrejser,/naturrejser,chrome,1
/naturrejser/solfoermoerkelsesrejser,/nyhedsbrev,chrome,1
/naturrejser/solfoermoerkelsesrejser,/om-os/kontakt,chrome,1
/naturrejser/solfoermoerkelsesrejser,/om-os/medarbejdere,chrome,1
/naturrejser/solfoermoerkelsesrejser,/om-os/rejseledere,chrome,1
/naturrejser/solfoermoerkelsesrejser,/privatlivspolitik,chrome,1
/naturrejser/solfoermoerkelsesrejser,/rejseforsikring,chrome,1
/naturrejser/solfoermoerkelsesrejser,/rejsekalender,chrome,1
/naturrejser/solfoermoerkelsesrejser,/spanien/solformoerkelse-i-spanien-bilbao,content,1
/naturrejser/solfoermoerkelsesrejser,/spanien/solformoerkelse-i-spanien-med-astrofysiker-michael-linden-voernle,content,1
/naturrejser/solfoermoerkelsesrejser,/spanien/solformoerkelse-i-spanien-valencia,content,1
/naturrejser/solfoermoerkelsesrejser,/transformation,chrome,1
/norge,/,chrome,1
/norge,/cookie-politik,chrome,1
/norge,/england/london,content,1
/norge,/europa,content,1
/norge,/faq,chrome,1
/norge,/gavekort,chrome,1
/norge,/historiske-rejser,content,1
/norge,/island,content,1
/norge,/katalog,chrome,1
/norge,/kulturrejser,content,1
/norge,/madrejser/gastronomirejser,content,1
/norge,/musik-og-underholdning,content,1
/norge,/naturrejser,content,1
/norge,/norge/haverejse-til-stavanger,content,1
/norge,/nyhedsbrev,chrome,1
/norge,/om-os/kontakt,chrome,1
/norge,/om-os/medarbejdere,chrome,1
/norge,/om-os/rejseledere,chrome,1
/norge,/privatlivspolitik,chrome,1
/norge,/rejseforsikring,chrome,1
/norge,/rejsekalender,chrome,1
/norge,/sverige,content,1
/norge,/transformation,chrome,1
/norge,/vandreferier,content,1
/norge,/vinterrejser,content,1
/norge/haverejse-til-stavanger,/,chrome,1
/norge/haverejse-til-stavanger,/cookie-politik,chrome,1
/norge/haverejse-til-stavanger,/faq,chrome,1
/norge/haverejse-til-stavanger,/gavekort,chrome,1
/norge/haverejse-til-stavanger,/katalog,chrome,1
/norge/haverejse-til-stavanger,/norge,chrome,1
/norge/haverejse-til-stavanger,/nyhedsbrev,chrome,1
/norge/haverejse-til-stavanger,/om-os/kontakt,chrome,1
/norge/haverejse-til-stavanger,/om-os/medarbejdere,chrome,1
/norge/haverejse-til-stavanger,/om-os/rejseledere,chrome,1
/norge/haverejse-til-stavanger,/privatlivspolitik,chrome,1
/norge/haverejse-til-stavanger,/rejseforsikring,chrome,1
/norge/haverejse-til-stavanger,/rejsekalender,chrome,1
/norge/haverejse-til-stavanger,/transformation,chrome,1
/nyhedsbrev,/,chrome,1
/nyhedsbrev,/cookie-politik,chrome,1
/nyhedsbrev,/faq,chrome,1
/nyhedsbrev,/gavekort,chrome,1
/nyhedsbrev,/katalog,chrome,1
/nyhedsbrev,/om-os/kontakt,chrome,1
/nyhedsbrev,/om-os/medarbejdere,chrome,1
/nyhedsbrev,/om-os/rejseledere,chrome,1
/nyhedsbrev,/privatlivspolitik,chrome,1
/nyhedsbrev,/rejseforsikring,chrome,1
/nyhedsbrev,/rejsekalender,chrome,1
/nyhedsbrev,/transformation,chrome,1
/oestrig,/,chrome,1
/oestrig,/cookie-politik,chrome,1
/oestrig,/faq,chrome,1
/oestrig,/flodkrydstogter/flodkrydstogt-paa-donaufloden,content,1
/oestrig,/gavekort,chrome,1
/oestrig,/katalog,chrome,1
/oestrig,/kulturrejser,content,1
/oestrig,/naturrejser,content,1
/oestrig,/nyhedsbrev,chrome,1
/oestrig,/oestrig/innsbruck,content,1
/oestrig,/oestrig/kultur-i-alperne,content,1
/oestrig,/oestrig/salzburg,content,1
/oestrig,/oestrig/tyrol,content,1
/oestrig,/oestrig/wien,content,1
/oestrig,/om-os/kontakt,chrome,1
/oestrig,/om-os/medarbejdere,chrome,1
/oestrig,/om-os/rejseledere,chrome,1
/oestrig,/privatlivspolitik,chrome,1
/oestrig,/rejseforsikring,chrome,1
/oestrig,/rejsekalender,chrome,1
/oestrig,/transformation,chrome,1
/oestrig/innsbruck,/,chrome,1
/oestrig/innsbruck,/cookie-politik,chrome,1
/oestrig/innsbruck,/europa,content,1
/oestrig/innsbruck,/faq,chrome,1
/oestrig/innsbruck,/gavekort,chrome,1
/oestrig/innsbruck,/historiske-rejser,content,1
/oestrig/innsbruck,/italien,content,1
/oestrig/innsbruck,/katalog,chrome,1
/oestrig/innsbruck,/naturrejser,content,1
/oestrig/innsbruck,/nyhedsbrev,chrome,1
/oestrig/innsbruck,/oestrig,chrome,1
/oestrig/innsbruck,/oestrig/kultur-i-alperne,content,1
/oestrig/innsbruck,/om-os/kontakt,chrome,1
/oestrig/innsbruck,/om-os/medarbejdere,chrome,1
/oestrig/innsbruck,/om-os/rejseledere,chrome,1
/oestrig/innsbruck,/privatlivspolitik,chrome,1
/oestrig/innsbruck,/rejseforsikring,chrome,1
/oestrig/innsbruck,/rejsekalender,chrome,1
/oestrig/innsbruck,/transformation,chrome,1
/oestrig/innsbruck,/tyskland,content,1
/oestrig/kultur-i-alperne,/,chrome,1
/oestrig/kultur-i-alperne,/cookie-politik,chrome,1
/oestrig/kultur-i-alperne,/faq,chrome,1
/oestrig/kultur-i-alperne,/gavekort,chrome,1
/oestrig/kultur-i-alperne,/historiske-rejser,content,1
/oestrig/kultur-i-alperne,/katalog,chrome,1
/oestrig/kultur-i-alperne,/kulturrejser,content,1
/oestrig/kultur-i-alperne,/naturrejser,content,1
/oestrig/kultur-i-alperne,/naturrejser/haverejser,content,1
/oestrig/kultur-i-alperne,/nyhedsbrev,chrome,1
/oestrig/kultur-i-alperne,/oestrig,chrome,1
/oestrig/kultur-i-alperne,/oestrig/innsbruck,content,1
/oestrig/kultur-i-alperne,/oestrig/salzburg,content,1
/oestrig/kultur-i-alperne,/oestrig/tyrol,content,1
/oestrig/kultur-i-alperne,/om-os/kontakt,chrome,1
/oestrig/kultur-i-alperne,/om-os/medarbejdere,chrome,1
/oestrig/kultur-i-alperne,/om-os/rejseledere,chrome,1
/oestrig/kultur-i-alperne,/privatlivspolitik,chrome,1
/oestrig/kultur-i-alperne,/rejseforsikring,chrome,1
/oestrig/kultur-i-alperne,/rejsekalender,chrome,1
/oestrig/kultur-i-alperne,/togrejser,content,1
/oestrig/kultur-i-alperne,/transformation,chrome,1
/oestrig/kultur-i-alperne,/tyskland,content,1
/oestrig/kultur-i-alperne,/tyskland/munchen,content,1
/oestrig/salzburg,/,chrome,1
/oestrig/salzburg,/cookie-politik,chrome,1
/oestrig/salzburg,/europa,content,1
/oestrig/salzburg,/faq,chrome,1
/oestrig/salzburg,/gavekort,chrome,1
/oestrig/salzburg,/historiske-rejser,content,1
/oestrig/salzburg,/jul-og-nytaar/julerejser,content,1
/oestrig/salzburg,/katalog,chrome,1
/oestrig/salzburg,/kulturrejser,content,1
/oestrig/salzburg,/madrejser/gastronomirejser,content,1
/oestrig/salzburg,/naturrejser,content,1
/oestrig/salzburg,/naturrejser/blomsterrejser,content,1
/oestrig/salzburg,/nyhedsbrev,chrome,1
/oestrig/salzburg,/oestrig,chrome,1
/oestrig/salzburg,/oestrig/kultur-i-alperne,content,1
/oestrig/salzburg,/oestrig/wien,content,1
/oestrig/salzburg,/om-os/kontakt,chrome,1
/oestrig/salzburg,/om-os/medarbejdere,chrome,1
/oestrig/salzburg,/om-os/rejseledere,chrome,1
/oestrig/salzburg,/privatlivspolitik,chrome,1
/oestrig/salzburg,/rejseforsikring,chrome,1
/oestrig/salzburg,/rejsekalender,chrome,1
/oestrig/salzburg,/transformation,chrome,1
/oestrig/salzburg,/tyskland/munchen,content,1
/oestrig/salzburg,/vandreferier,content,1
/oestrig/tyrol,/,chrome,1
/oestrig/tyrol,/cookie-politik,chrome,1
/oestrig/tyrol,/europa,content,1
/oestrig/tyrol,/faq,chrome,1
/oestrig/tyrol,/gavekort,chrome,1
/oestrig/tyrol,/jul-og-nytaar/julerejser,content,1
/oestrig/tyrol,/katalog,chrome,1
/oestrig/tyrol,/kulturrejser,content,1
/oestrig/tyrol,/naturrejser,content,1
/oestrig/tyrol,/nyhedsbrev,chrome,1
/oestrig/tyrol,/oestrig,chrome,1
/oestrig/tyrol,/oestrig/kultur-i-alperne,content,1
/oestrig/tyrol,/om-os/kontakt,chrome,1
/oestrig/tyrol,/om-os/medarbejdere,chrome,1
/oestrig/tyrol,/om-os/rejseledere,chrome,1
/oestrig/tyrol,/privatlivspolitik,chrome,1
/oestrig/tyrol,/rejseforsikring,chrome,1
/oestrig/tyrol,/rejsekalender,chrome,1
/oestrig/tyrol,/transformation,chrome,1
/oestrig/tyrol,/ungarn,content,1
/oestrig/wien,/,chrome,1
/oestrig/wien,/cookie-politik,chrome,1
/oestrig/wien,/europa,content,1
/oestrig/wien,/faq,chrome,1
/oestrig/wien,/flodkrydstogter/flodkrydstogt-paa-donaufloden,content,1
/oestrig/wien,/gavekort,chrome,1
/oestrig/wien,/historiske-rejser,content,1
/oestrig/wien,/katalog,chrome,1
/oestrig/wien,/kulturrejser,content,1
/oestrig/wien,/naturrejser/haverejser,content,1
/oestrig/wien,/nyhedsbrev,chrome,1
/oestrig/wien,/oestrig,chrome,1
/oestrig/wien,/om-os/kontakt,chrome,1
/oestrig/wien,/om-os/medarbejdere,chrome,1
/oestrig/wien,/om-os/rejseledere,chrome,1
/oestrig/wien,/privatlivspolitik,chrome,1
/oestrig/wien,/rejseforsikring,chrome,1
/oestrig/wien,/rejsekalender,chrome,1
/oestrig/wien,/transformation,chrome,1
/om-os,/,chrome,1
/om-os,/cookie-politik,chrome,1
/om-os,/faq,chrome,1
/om-os,/gavekort,chrome,1
/om-os,/katalog,chrome,1
/om-os,/nyhedsbrev,chrome,1
/om-os,/om-os/kontakt,chrome,1
/om-os,/om-os/medarbejdere,chrome,1
/om-os,/om-os/rejseledere,chrome,1
/om-os,/privatlivspolitik,chrome,1
/om-os,/rejseforsikring,chrome,1
/om-os,/rejsekalender,chrome,1
/om-os,/transformation,chrome,1
/om-os/job,/,chrome,1
/om-os/job,/cookie-politik,chrome,1
/om-os/job,/faq,chrome,1
/om-os/job,/gavekort,chrome,1
/om-os/job,/katalog,chrome,1
/om-os/job,/nyhedsbrev,chrome,1
/om-os/job,/om-os,chrome,1
/om-os/job,/om-os/kontakt,chrome,1
/om-os/job,/om-os/medarbejdere,chrome,1
/om-os/job,/om-os/rejseledere,chrome,1
/om-os/job,/privatlivspolitik,chrome,1
/om-os/job,/rejseforsikring,chrome,1
/om-os/job,/rejsekalender,chrome,1
/om-os/job,/transformation,chrome,1
/om-os/kontakt,/,chrome,1
/om-os/kontakt,/cookie-politik,chrome,1
/om-os/kontakt,/faq,chrome,1
/om-os/kontakt,/gavekort,chrome,1
/om-os/kontakt,/katalog,chrome,1
/om-os/kontakt,/nyhedsbrev,chrome,1
/om-os/kontakt,/om-os,chrome,1
/om-os/kontakt,/om-os/medarbejdere,chrome,1
/om-os/kontakt,/om-os/rejseledere,chrome,1
/om-os/kontakt,/privatlivspolitik,chrome,1
/om-os/kontakt,/rejseforsikring,chrome,1
/om-os/kontakt,/rejsekalender,chrome,1
/om-os/kontakt,/transformation,chrome,1
/om-os/medarbejdere,/,chrome,1
/om-os/medarbejdere,/cookie-politik,chrome,1
/om-os/medarbejdere,/faq,chrome,1
/om-os/medarbejdere,/gavekort,chrome,1
/om-os/medarbejdere,/katalog,chrome,1
/om-os/medarbejdere,/nyhedsbrev,chrome,1
/om-os/medarbejdere,/om-os,chrome,1
/om-os/medarbejdere,/om-os/kontakt,chrome,1
/om-os/medarbejdere,/om-os/rejseledere,chrome,1
/om-os/medarbejdere,/privatlivspolitik,chrome,1
/om-os/medarbejdere,/rejseforsikring,chrome,1
/om-os/medarbejdere,/rejsekalender,chrome,1
/om-os/medarbejdere,/transformation,chrome,1
/om-os/rejseledere,/,chrome,1
/om-os/rejseledere,/cookie-politik,chrome,1
/om-os/rejseledere,/faq,chrome,1
/om-os/rejseledere,/gavekort,chrome,1
/om-os/rejseledere,/katalog,chrome,1
/om-os/rejseledere,/nyhedsbrev,chrome,1
/om-os/rejseledere,/om-os,chrome,1
/om-os/rejseledere,/om-os/kontakt,chrome,1
/om-os/rejseledere,/om-os/medarbejdere,chrome,1
/om-os/rejseledere,/privatlivspolitik,chrome,1
/om-os/rejseledere,/rejseforsikring,chrome,1
/om-os/rejseledere,/rejsekalender,chrome,1
/om-os/rejseledere,/transformation,chrome,1
/oman,/,chrome,1
/oman,/afrika,content,1
/oman,/asien,content,1
/oman,/cookie-politik,chrome,1
/oman,/faq,chrome,1
/oman,/gavekort,chrome,1
/oman,/historiske-rejser,content,1
/oman,/indien,content,1
/oman,/katalog,chrome,1
/oman,/kulturrejser,content,1
/oman,/madrejser,content,1
/oman,/musik-og-underholdning,content,1
/oman,/naturrejser,content,1
/oman,/nyhedsbrev,chrome,1
/oman,/om-os/kontakt,chrome,1
/oman,/om-os/medarbejdere,chrome,1
/oman,/om-os/rejseledere,chrome,1
/oman,/oman/oman-det-fortryllende-oerkenland,content,1
/oman,/privatlivspolitik,chrome,1
/oman,/rejseforsikring,chrome,1
/oman,/rejsekalender,chrome,1
/oman,/transformation,chrome,1
/oman,/vandreferier,content,1
/oman/oman-det-fortryllende-oerkenland,/,chrome,1
/oman/oman-det-fortryllende-oerkenland,/cookie-politik,chrome,1
/oman/oman-det-fortryllende-oerkenland,/faq,chrome,1
/oman/oman-det-fortryllende-oerkenland,/gavekort,chrome,1
/oman/oman-det-fortryllende-oerkenland,/katalog,chrome,1
/oman/oman-det-fortryllende-oerkenland,/nyhedsbrev,chrome,1
/oman/oman-det-fortryllende-oerkenland,/om-os/kontakt,chrome,1
/oman/oman-det-fortryllende-oerkenland,/om-os/medarbejdere,chrome,1
/oman/oman-det-fortryllende-oerkenland,/om-os/rejseledere,chrome,1
/oman/oman-det-fortryllende-oerkenland,/oman,chrome,1
/oman/oman-det-fortryllende-oerkenland,/privatlivspolitik,chrome,1
/oman/oman-det-fortryllende-oerkenland,/rejseforsikring,chrome,1
/oman/oman-det-fortryllende-oerkenland,/rejsekalender,chrome,1
/oman/oman-det-fortryllende-oerkenland,/storbyferier,content,1
/oman/oman-det-fortryllende-oerkenland,/transformation,chrome,1
/paaskerejser,/,chrome,1
/paaskerejser,/albanien/autentiske-albanien,content,1
/paaskerejser,/cookie-politik,chrome,1
/paaskerejser,/cypern/cypern-afrodites-smukke-oe,content,1
/paaskerejser,/egypten/cairo-og-nilkrydstogt,content,1
/paaskerejser,/faq,chrome,1
/paaskerejser,/flodkrydstogter/flodkrydstogt-paa-rhone-floden,content,1
/paaskerejser,/flodkrydstogter/flodkrydstogt-paa-rhone-floden-2027,content,1
/paaskerejser,/flodkrydstogter/flodkrydstogt-paa-seinen,content,1
/paaskerejser,/frankrig/flodkrydstogt-paa-rhinen-og-tur-med-gletsjerekspressen,content,1
/paaskerejser,/frankrig/paris-mon-amour-storbyliv-og-stemning-paa-seinen,content,1
/paaskerejser,/frankrig/sydfranske-eventyr-i-provence,content,1
/paaskerejser,/gavekort,chrome,1
/paaskerejser,/graekenland/nordgraekenland-mellem-himmel-og-hav,content,1
/paaskerejser,/graekenland/oe-hop-i-graekenland,content,1
/paaskerejser,/graekenland/unik-rundrejse-paa-peloponnes,content,1
/paaskerejser,/indien/rajasthan-indiens-juvel,content,1
/paaskerejser,/indien/sydindiens-guddommelige-hjerte-kerala,content,1
/paaskerejser,/irland/musikfestival-i-dublin,content,1
/paaskerejser,/italien/amalfi-a-la-carte,content,1
/paaskerejser,/italien/charmerende-cinque-terre,content,1
/paaskerejser,/italien/cilento-det-hemmelige-syditalienske-paradis,content,1
/paaskerejser,/italien/et-syditaliensk-eventyr,content,1
/paaskerejser,/italien/gardasoeens-herligheder,content,1
/paaskerejser,/italien/klassiske-sicilien,content,1
/paaskerejser,/italien/kulinariske-vandringer-paa-amalfikysten,content,1
/paaskerejser,/italien/kulinariske-vandringer-paa-amalfikysten-september-2026,content,1
/paaskerejser,/italien/nytaar-i-det-historiske-rom,content,1
/paaskerejser,/italien/opera-verona,content,1
/paaskerejser,/italien/rom-den-evige-stad,content,1
/paaskerejser,/italien/vandreferie-i-cinque-terre,content,1
/paaskerejser,/italien/vesuvs-arkaeologiske-skygge,content,1
/paaskerejser,/italien/vidunderlige-amalfi,content,1
/paaskerejser,/italien/vidunderlige-norditalien,content,1
/paaskerejser,/italien/vidunderlige-toscana,content,1
/paaskerejser,/italien/vin-og-gastronomi-i-piemonte,content,1
/paaskerejser,/katalog,chrome,1
/paaskerejser,/kina/kina-pagoder-pandaer-og-paladser,content,1
/paaskerejser,/kina/vandreferie-paa-den-kinesiske-mur,content,1
/paaskerejser,/marokko/magiske-marrakech-og-essaouira,content,1
/paaskerejser,/marokko/marokko-blandt-berbere-og-beduiner,content,1
/paaskerejser,/nyhedsbrev,chrome,1
/paaskerejser,/om-os/kontakt,chrome,1
/paaskerejser,/om-os/medarbejdere,chrome,1
/paaskerejser,/om-os/rejseledere,chrome,1
/paaskerejser,/portugal/cascais-portugals-riviera,content,1
/paaskerejser,/portugal/haverejse-til-nordportugal,content,1
/paaskerejser,/portugal/jul-paa-madeira,content,1
/paaskerejser,/portugal/lissabon-a-la-carte,content,1
/paaskerejser,/portugal/mageloese-madeira,content,1
/paaskerejser,/portugal/nytaar-i-porto,content,1
/paaskerejser,/portugal/nytaarsrejse-til-lissabon,content,1
/paaskerejser,/portugal/nytaarsrejse-til-madeira,content,1
/paaskerejser,/portugal/paa-opdagelse-i-portugal,content,1
/paaskerejser,/portugal/porto-og-douro-dalens-herligheder,content,1
/paaskerejser,/portugal/portugals-groenne-oerige-azorerne-og-madeira,content,1
/paaskerejser,/portugal/vandreferie-paa-algarvekysten,content,1
/paaskerejser,/portugal/vandreferie-paa-madeira,content,1
/paaskerejser,/privatlivspolitik,chrome,1
/paaskerejser,/rejseforsikring,chrome,1
/paaskerejser,/rejsekalender,chrome,1
/paaskerejser,/schweiz/toppen-af-alperne-med-gletsjer-ekspressen,content,1
/paaskerejser,/skotland/haverejse-til-skotland,content,1
/paaskerejser,/skotland/sagnomspundne-skotland,content,1
/paaskerejser,/skotland/vandreferie-i-skotland,content,1
/paaskerejser,/spanien/andalusiens-herligheder,content,1
/paaskerejser,/spanien/andalusiens-lys-med-cadiz-og-sevilla,content,1
/paaskerejser,/spanien/autentiske-catalonien-og-costa-brava,content,1
/paaskerejser,/spanien/det-gode-liv-langtidsferie-i-andalusien,content,1
/paaskerejser,/spanien/fra-bilbao-til-bordeaux-en-kulturel-rejse-gennem-baskerland-og-sydfrankrig,content,1
/paaskerejser,/spanien/madrid-spaniens-hjerte,content,1
/paaskerejser,/spanien/rundrejse-i-andalusien-med-tog,content,1
/paaskerejser,/sri-lanka/klassiske-sri-lanka,content,1
/paaskerejser,/sri-lanka/sri-lanka-for-livsnydere,content,1
/paaskerejser,/sverige/gotland-svensk-sommeridyl,content,1
/paaskerejser,/sydafrika/sydafrika-cape-cabernet-og-safari,content,1
/paaskerejser,/sydkorea/essensen-af-sydkorea,content,1
/paaskerejser,/thailand/thailand-smilets-land,content,1
/paaskerejser,/transformation,chrome,1
/paaskerejser,/vietnam/det-bedste-af-vietnam,content,1
/polen,/,chrome,1
/polen,/cookie-politik,chrome,1
/polen,/europa,content,1
/polen,/faq,chrome,1
/polen,/gavekort,chrome,1
/polen,/historiske-rejser,content,1
/polen,/katalog,chrome,1
/polen,/kulturrejser,content,1
/polen,/madrejser,content,1
/polen,/naturrejser,content,1
/polen,/nyhedsbrev,chrome,1
/polen,/om-os/kontakt,chrome,1
/polen,/om-os/medarbejdere,chrome,1
/polen,/om-os/rejseledere,chrome,1
/polen,/polen/krakow,content,1
/polen,/polen/kulturel-kvalitetstid-i-krakow,content,1
/polen,/privatlivspolitik,chrome,1
/polen,/rejseforsikring,chrome,1
/polen,/rejsekalender,chrome,1
/polen,/transformation,chrome,1
/polen,/tyskland,content,1
/polen/krakow,/,chrome,1
/polen/krakow,/cookie-politik,chrome,1
/polen/krakow,/europa,content,1
/polen/krakow,/faq,chrome,1
/polen/krakow,/gavekort,chrome,1
/polen/krakow,/historiske-rejser,content,1
/polen/krakow,/jul-og-nytaar,content,1
/polen/krakow,/jul-og-nytaar/julerejser,content,1
/polen/krakow,/katalog,chrome,1
/polen/krakow,/kulturrejser,content,1
/polen/krakow,/musik-og-underholdning,content,1
/polen/krakow,/nyhedsbrev,chrome,1
/polen/krakow,/om-os/kontakt,chrome,1
/polen/krakow,/om-os/medarbejdere,chrome,1
/polen/krakow,/om-os/rejseledere,chrome,1
/polen/krakow,/polen,chrome,1
/polen/krakow,/polen/kulturel-kvalitetstid-i-krakow,content,1
/polen/krakow,/privatlivspolitik,chrome,1
/polen/krakow,/rejseforsikring,chrome,1
/polen/krakow,/rejsekalender,chrome,1
/polen/krakow,/sommerrejser,content,1
/polen/krakow,/storbyferier,content,1
/polen/krakow,/transformation,chrome,1
/polen/kulturel-kvalitetstid-i-krakow,/,chrome,1
/polen/kulturel-kvalitetstid-i-krakow,/cookie-politik,chrome,1
/polen/kulturel-kvalitetstid-i-krakow,/europa,content,1
/polen/kulturel-kvalitetstid-i-krakow,/faq,chrome,1
/polen/kulturel-kvalitetstid-i-krakow,/gavekort,chrome,1
/polen/kulturel-kvalitetstid-i-krakow,/historiske-rejser,content,1
/polen/kulturel-kvalitetstid-i-krakow,/katalog,chrome,1
/polen/kulturel-kvalitetstid-i-krakow,/kulturrejser,content,1
/polen/kulturel-kvalitetstid-i-krakow,/musik-og-underholdning,content,1
/polen/kulturel-kvalitetstid-i-krakow,/nyhedsbrev,chrome,1
/polen/kulturel-kvalitetstid-i-krakow,/om-os/kontakt,chrome,1
/polen/kulturel-kvalitetstid-i-krakow,/om-os/medarbejdere,chrome,1
/polen/kulturel-kvalitetstid-i-krakow,/om-os/rejseledere,chrome,1
/polen/kulturel-kvalitetstid-i-krakow,/polen,chrome,1
/polen/kulturel-kvalitetstid-i-krakow,/polen/krakow,content,1
/polen/kulturel-kvalitetstid-i-krakow,/privatlivspolitik,chrome,1
/polen/kulturel-kvalitetstid-i-krakow,/rejseforsikring,chrome,1
/polen/kulturel-kvalitetstid-i-krakow,/rejsekalender,chrome,1
/polen/kulturel-kvalitetstid-i-krakow,/rundrejser,content,1
/polen/kulturel-kvalitetstid-i-krakow,/transformation,chrome,1
/polen/kulturel-kvalitetstid-i-krakow,/tyskland,content,1
/portugal,/,chrome,1
/portugal,/cookie-politik,chrome,1
/portugal,/europa,content,1
/portugal,/faq,chrome,1
/portugal,/flodkrydstogter/douro-deluxe-flodkrydstogt-paa-dourofloden,content,1
/portugal,/flodkrydstogter/flodkrydstogt-paa-douro-floden,content,1
/portugal,/gavekort,chrome,1
/portugal,/italien,content,1
/portugal,/katalog,chrome,1
/portugal,/madrejser,content,1
/portugal,/musik-og-underholdning,content,1
/portugal,/nyhedsbrev,chrome,1
/portugal,/om-os/kontakt,chrome,1
/portugal,/om-os/medarbejdere,chrome,1
/portugal,/om-os/rejseledere,chrome,1
/portugal,/portugal/algarve,content,1
/portugal,/portugal/azorerne,content,1
/portugal,/portugal/azorerne-den-groenne-oe-sao-miguel,content,1
/portugal,/portugal/cascais,content,1
/portugal,/portugal/cascais-portugals-riviera,content,1
/portugal,/portugal/essensen-af-madeira,content,1
/portugal,/portugal/haverejse-til-nordportugal,content,1
/portugal,/portugal/idylliske-tavira,content,1
/portugal,/portugal/jul-paa-madeira,content,1
/portugal,/portugal/lissabon,content,1
/portugal,/portugal/lissabon-a-la-carte,content,1
/portugal,/portugal/lissabon-og-alentejos-herligheder,content,1
/portugal,/portugal/madeira,content,1
/portugal,/portugal/mageloese-madeira,content,1
/portugal,/portugal/mageloese_madeira_med_blomsterfestival,content,1
/portugal,/portugal/mageloese_madeira_med_blomsterfestivalen,content,1
/portugal,/portugal/nytaar-i-porto,content,1
/portugal,/portugal/nytaar-paa-algarvekysten,content,1
/portugal,/portugal/nytaarsrejse-til-lissabon,content,1
/portugal,/portugal/nytaarsrejse-til-madeira,content,1
/portugal,/portugal/paa-opdagelse-i-portugal,content,1
/portugal,/portugal/porto,content,1
/portugal,/portugal/porto-og-douro-dalens-herligheder,content,1
/portugal,/portugal/portugals-groenne-oerige-azorerne-og-madeira,content,1
/portugal,/portugal/praegtige-portugal,content,1
/portugal,/portugal/tavira,content,1
/portugal,/portugal/vandreferie-i-portugal,content,1
/portugal,/portugal/vandreferie-paa-algarvekysten,content,1
/portugal,/portugal/vandreferie-paa-madeira,content,1
/portugal,/portugal/vidunderlige-madeira,content,1
/portugal,/privatlivspolitik,chrome,1
/portugal,/rejseforsikring,chrome,1
/portugal,/rejsekalender,chrome,1
/portugal,/spanien/vandreferie-paa-caminoen,content,1
/portugal,/transformation,chrome,1
/portugal/algarve,/,chrome,1
/portugal/algarve,/afrika,content,1
/portugal/algarve,/cookie-politik,chrome,1
/portugal/algarve,/faq,chrome,1
/portugal/algarve,/gavekort,chrome,1
/portugal/algarve,/historiske-rejser,content,1
/portugal/algarve,/katalog,chrome,1
/portugal/algarve,/kulturrejser,content,1
/portugal/algarve,/musik-og-underholdning,content,1
/portugal/algarve,/nyhedsbrev,chrome,1
/portugal/algarve,/om-os/kontakt,chrome,1
/portugal/algarve,/om-os/medarbejdere,chrome,1
/portugal/algarve,/om-os/rejseledere,chrome,1
/portugal/algarve,/portugal,chrome,1
/portugal/algarve,/portugal/idylliske-tavira,content,1
/portugal/algarve,/portugal/nytaar-paa-algarvekysten,content,1
/portugal/algarve,/portugal/tavira,content,1
/portugal/algarve,/portugal/vandreferie-paa-algarvekysten,content,1
/portugal/algarve,/privatlivspolitik,chrome,1
/portugal/algarve,/rejseforsikring,chrome,1
/portugal/algarve,/rejsekalender,chrome,1
/portugal/algarve,/transformation,chrome,1
/portugal/algarve,/vandreferier,content,1
/portugal/azorerne,/,chrome,1
/portugal/azorerne,/cookie-politik,chrome,1
/portugal/azorerne,/europa,content,1
/portugal/azorerne,/faq,chrome,1
/portugal/azorerne,/gavekort,chrome,1
/portugal/azorerne,/historiske-rejser,content,1
/portugal/azorerne,/indien,content,1
/portugal/azorerne,/katalog,chrome,1
/portugal/azorerne,/kulturrejser,content,1
/portugal/azorerne,/musik-og-underholdning,content,1
/portugal/azorerne,/naturrejser,content,1
/portugal/azorerne,/nyhedsbrev,chrome,1
/portugal/azorerne,/om-os/kontakt,chrome,1
/portugal/azorerne,/om-os/medarbejdere,chrome,1
/portugal/azorerne,/om-os/rejseledere,chrome,1
/portugal/azorerne,/portugal,chrome,1
/portugal/azorerne,/portugal/azorerne-den-groenne-oe-sao-miguel,content,1
/portugal/azorerne,/portugal/portugals-groenne-oerige-azorerne-og-madeira,content,1
/portugal/azorerne,/privatlivspolitik,chrome,1
/portugal/azorerne,/rejseforsikring,chrome,1
/portugal/azorerne,/rejsekalender,chrome,1
/portugal/azorerne,/spanien,content,1
/portugal/azorerne,/transformation,chrome,1
/portugal/azorerne,/vinrejser,content,1
/portugal/azorerne-den-groenne-oe-sao-miguel,/,chrome,1
/portugal/azorerne-den-groenne-oe-sao-miguel,/cookie-politik,chrome,1
/portugal/azorerne-den-groenne-oe-sao-miguel,/faq,chrome,1
/portugal/azorerne-den-groenne-oe-sao-miguel,/gavekort,chrome,1
/portugal/azorerne-den-groenne-oe-sao-miguel,/katalog,chrome,1
/portugal/azorerne-den-groenne-oe-sao-miguel,/naturrejser,content,1
/portugal/azorerne-den-groenne-oe-sao-miguel,/nyhedsbrev,chrome,1
/portugal/azorerne-den-groenne-oe-sao-miguel,/om-os/kontakt,chrome,1
/portugal/azorerne-den-groenne-oe-sao-miguel,/om-os/medarbejdere,chrome,1
/portugal/azorerne-den-groenne-oe-sao-miguel,/om-os/rejseledere,chrome,1
/portugal/azorerne-den-groenne-oe-sao-miguel,/portugal,chrome,1
/portugal/azorerne-den-groenne-oe-sao-miguel,/portugal/azorerne,content,1
/portugal/azorerne-den-groenne-oe-sao-miguel,/portugal/lissabon,content,1
/portugal/azorerne-den-groenne-oe-sao-miguel,/privatlivspolitik,chrome,1
/portugal/azorerne-den-groenne-oe-sao-miguel,/rejseforsikring,chrome,1
/portugal/azorerne-den-groenne-oe-sao-miguel,/rejsekalender,chrome,1
/portugal/azorerne-den-groenne-oe-sao-miguel,/transformation,chrome,1
/portugal/cascais,/,chrome,1
/portugal/cascais,/cookie-politik,chrome,1
/portugal/cascais,/faq,chrome,1
/portugal/cascais,/gavekort,chrome,1
/portugal/cascais,/katalog,chrome,1
/portugal/cascais,/kulturrejser,content,1
/portugal/cascais,/madrejser/gastronomirejser,content,1
/portugal/cascais,/nyhedsbrev,chrome,1
/portugal/cascais,/om-os/kontakt,chrome,1
/portugal/cascais,/om-os/medarbejdere,chrome,1
/portugal/cascais,/om-os/rejseledere,chrome,1
/portugal/cascais,/portugal,chrome,1
/portugal/cascais,/portugal/cascais-portugals-riviera,content,1
/portugal/cascais,/portugal/lissabon,content,1
/portugal/cascais,/portugal/lissabon-a-la-carte,content,1
/portugal/cascais,/portugal/nytaarsrejse-til-lissabon,content,1
/portugal/cascais,/privatlivspolitik,chrome,1
/portugal/cascais,/rejseforsikring,chrome,1
/portugal/cascais,/rejsekalender,chrome,1
/portugal/cascais,/transformation,chrome,1
/portugal/cascais,/vinrejser,content,1
/portugal/cascais-portugals-riviera,/,chrome,1
/portugal/cascais-portugals-riviera,/booking/travel/48013/4898/accommodation,content,0
/portugal/cascais-portugals-riviera,/booking/travel/48092/4994/accommodation,content,0
/portugal/cascais-portugals-riviera,/cookie-politik,chrome,1
/portugal/cascais-portugals-riviera,/europa,content,1
/portugal/cascais-portugals-riviera,/faq,chrome,1
/portugal/cascais-portugals-riviera,/gavekort,chrome,1
/portugal/cascais-portugals-riviera,/katalog,chrome,1
/portugal/cascais-portugals-riviera,/nyhedsbrev,chrome,1
/portugal/cascais-portugals-riviera,/om-os/kontakt,chrome,1
/portugal/cascais-portugals-riviera,/om-os/medarbejdere,chrome,1
/portugal/cascais-portugals-riviera,/om-os/rejseledere,chrome,1
/portugal/cascais-portugals-riviera,/portugal,chrome,1
/portugal/cascais-portugals-riviera,/portugal/cascais,content,1
/portugal/cascais-portugals-riviera,/portugal/lissabon,content,1
/portugal/cascais-portugals-riviera,/privatlivspolitik,chrome,1
/portugal/cascais-portugals-riviera,/rejseforsikring,chrome,1
/portugal/cascais-portugals-riviera,/rejsekalender,chrome,1
/portugal/cascais-portugals-riviera,/togrejser,content,1
/portugal/cascais-portugals-riviera,/transformation,chrome,1
/portugal/cascais-portugals-riviera,/vandreferier,content,1
/portugal/essensen-af-madeira,/,chrome,1
/portugal/essensen-af-madeira,/cookie-politik,chrome,1
/portugal/essensen-af-madeira,/europa,content,1
/portugal/essensen-af-madeira,/faq,chrome,1
/portugal/essensen-af-madeira,/gavekort,chrome,1
/portugal/essensen-af-madeira,/katalog,chrome,1
/portugal/essensen-af-madeira,/nyhedsbrev,chrome,1
/portugal/essensen-af-madeira,/om-os/kontakt,chrome,1
/portugal/essensen-af-madeira,/om-os/medarbejdere,chrome,1
/portugal/essensen-af-madeira,/om-os/rejseledere,chrome,1
/portugal/essensen-af-madeira,/portugal,chrome,1
/portugal/essensen-af-madeira,/portugal/madeira,content,1
/portugal/essensen-af-madeira,/privatlivspolitik,chrome,1
/portugal/essensen-af-madeira,/rejseforsikring,chrome,1
/portugal/essensen-af-madeira,/rejsekalender,chrome,1
/portugal/essensen-af-madeira,/transformation,chrome,1
/portugal/essensen-af-madeira,/vandreferier,content,1
/portugal/essensen-af-madeira,/vinrejser,content,1
/portugal/haverejse-til-nordportugal,/,chrome,1
/portugal/haverejse-til-nordportugal,/booking/travel/62790/6707/accommodation,content,0
/portugal/haverejse-til-nordportugal,/cookie-politik,chrome,1
/portugal/haverejse-til-nordportugal,/faq,chrome,1
/portugal/haverejse-til-nordportugal,/gavekort,chrome,1
/portugal/haverejse-til-nordportugal,/katalog,chrome,1
/portugal/haverejse-til-nordportugal,/nyhedsbrev,chrome,1
/portugal/haverejse-til-nordportugal,/om-os/kontakt,chrome,1
/portugal/haverejse-til-nordportugal,/om-os/medarbejdere,chrome,1
/portugal/haverejse-til-nordportugal,/om-os/rejseledere,chrome,1
/portugal/haverejse-til-nordportugal,/portugal,chrome,1
/portugal/haverejse-til-nordportugal,/privatlivspolitik,chrome,1
/portugal/haverejse-til-nordportugal,/rejseforsikring,chrome,1
/portugal/haverejse-til-nordportugal,/rejsekalender,chrome,1
/portugal/haverejse-til-nordportugal,/transformation,chrome,1
/portugal/idylliske-tavira,/,chrome,1
/portugal/idylliske-tavira,/cookie-politik,chrome,1
/portugal/idylliske-tavira,/faq,chrome,1
/portugal/idylliske-tavira,/gavekort,chrome,1
/portugal/idylliske-tavira,/historiske-rejser,content,1
/portugal/idylliske-tavira,/katalog,chrome,1
/portugal/idylliske-tavira,/nyhedsbrev,chrome,1
/portugal/idylliske-tavira,/om-os/kontakt,chrome,1
/portugal/idylliske-tavira,/om-os/medarbejdere,chrome,1
/portugal/idylliske-tavira,/om-os/rejseledere,chrome,1
/portugal/idylliske-tavira,/portugal,chrome,1
/portugal/idylliske-tavira,/portugal/algarve,content,1
/portugal/idylliske-tavira,/portugal/tavira,content,1
/portugal/idylliske-tavira,/privatlivspolitik,chrome,1
/portugal/idylliske-tavira,/rejseforsikring,chrome,1
/portugal/idylliske-tavira,/rejsekalender,chrome,1
/portugal/idylliske-tavira,/spanien,content,1
/portugal/idylliske-tavira,/transformation,chrome,1
/portugal/jul-paa-madeira,/,chrome,1
/portugal/jul-paa-madeira,/booking/travel/62507/6419/accommodation,content,0
/portugal/jul-paa-madeira,/cookie-politik,chrome,1
/portugal/jul-paa-madeira,/faq,chrome,1
/portugal/jul-paa-madeira,/gavekort,chrome,1
/portugal/jul-paa-madeira,/katalog,chrome,1
/portugal/jul-paa-madeira,/nyhedsbrev,chrome,1
/portugal/jul-paa-madeira,/om-os/kontakt,chrome,1
/portugal/jul-paa-madeira,/om-os/medarbejdere,chrome,1
/portugal/jul-paa-madeira,/om-os/rejseledere,chrome,1
/portugal/jul-paa-madeira,/portugal,chrome,1
/portugal/jul-paa-madeira,/privatlivspolitik,chrome,1
/portugal/jul-paa-madeira,/rejseforsikring,chrome,1
/portugal/jul-paa-madeira,/rejsekalender,chrome,1
/portugal/jul-paa-madeira,/transformation,chrome,1
/portugal/lissabon,/,chrome,1
/portugal/lissabon,/cookie-politik,chrome,1
/portugal/lissabon,/faq,chrome,1
/portugal/lissabon,/gavekort,chrome,1
/portugal/lissabon,/katalog,chrome,1
/portugal/lissabon,/nyhedsbrev,chrome,1
/portugal/lissabon,/om-os/kontakt,chrome,1
/portugal/lissabon,/om-os/medarbejdere,chrome,1
/portugal/lissabon,/om-os/rejseledere,chrome,1
/portugal/lissabon,/portugal,chrome,1
/portugal/lissabon,/portugal/cascais-portugals-riviera,content,1
/portugal/lissabon,/portugal/lissabon-a-la-carte,content,1
/portugal/lissabon,/portugal/lissabon-og-alentejos-herligheder,content,1
/portugal/lissabon,/portugal/nytaarsrejse-til-lissabon,content,1
/portugal/lissabon,/portugal/paa-opdagelse-i-portugal,content,1
/portugal/lissabon,/portugal/praegtige-portugal,content,1
/portugal/lissabon,/portugal/vandreferie-i-portugal,content,1
/portugal/lissabon,/privatlivspolitik,chrome,1
/portugal/lissabon,/rejseforsikring,chrome,1
/portugal/lissabon,/rejsekalender,chrome,1
/portugal/lissabon,/transformation,chrome,1
/portugal/lissabon-a-la-carte,/,chrome,1
/portugal/lissabon-a-la-carte,/booking/travel/48165/5087/accommodation,content,0
/portugal/lissabon-a-la-carte,/cookie-politik,chrome,1
/portugal/lissabon-a-la-carte,/faq,chrome,1
/portugal/lissabon-a-la-carte,/gavekort,chrome,1
/portugal/lissabon-a-la-carte,/katalog,chrome,1
/portugal/lissabon-a-la-carte,/nyhedsbrev,chrome,1
/portugal/lissabon-a-la-carte,/om-os/kontakt,chrome,1
/portugal/lissabon-a-la-carte,/om-os/medarbejdere,chrome,1
/portugal/lissabon-a-la-carte,/om-os/rejseledere,chrome,1
/portugal/lissabon-a-la-carte,/portugal,chrome,1
/portugal/lissabon-a-la-carte,/privatlivspolitik,chrome,1
/portugal/lissabon-a-la-carte,/rejseforsikring,chrome,1
/portugal/lissabon-a-la-carte,/rejsekalender,chrome,1
/portugal/lissabon-a-la-carte,/transformation,chrome,1
/portugal/lissabon-og-alentejos-herligheder,/,chrome,1
/portugal/lissabon-og-alentejos-herligheder,/cookie-politik,chrome,1
/portugal/lissabon-og-alentejos-herligheder,/faq,chrome,1
/portugal/lissabon-og-alentejos-herligheder,/gavekort,chrome,1
/portugal/lissabon-og-alentejos-herligheder,/katalog,chrome,1
/portugal/lissabon-og-alentejos-herligheder,/nyhedsbrev,chrome,1
/portugal/lissabon-og-alentejos-herligheder,/om-os/kontakt,chrome,1
/portugal/lissabon-og-alentejos-herligheder,/om-os/medarbejdere,chrome,1
/portugal/lissabon-og-alentejos-herligheder,/om-os/rejseledere,chrome,1
/portugal/lissabon-og-alentejos-herligheder,/portugal,chrome,1
/portugal/lissabon-og-alentejos-herligheder,/privatlivspolitik,chrome,1
/portugal/lissabon-og-alentejos-herligheder,/rejseforsikring,chrome,1
/portugal/lissabon-og-alentejos-herligheder,/rejsekalender,chrome,1
/portugal/lissabon-og-alentejos-herligheder,/transformation,chrome,1
/portugal/madeira,/,chrome,1
/portugal/madeira,/afrika,content,1
/portugal/madeira,/cookie-politik,chrome,1
/portugal/madeira,/europa,content,1
/portugal/madeira,/faq,chrome,1
/portugal/madeira,/gavekort,chrome,1
/portugal/madeira,/katalog,chrome,1
/portugal/madeira,/madrejser,content,1
/portugal/madeira,/marokko,content,1
/portugal/madeira,/musik-og-underholdning,content,1
/portugal/madeira,/naturrejser,content,1
/portugal/madeira,/naturrejser/blomsterrejser,content,1
/portugal/madeira,/nyhedsbrev,chrome,1
/portugal/madeira,/om-os/kontakt,chrome,1
/portugal/madeira,/om-os/medarbejdere,chrome,1
/portugal/madeira,/om-os/rejseledere,chrome,1
/portugal/madeira,/portugal,chrome,1
/portugal/madeira,/portugal/essensen-af-madeira,content,1
/portugal/madeira,/portugal/jul-paa-madeira,content,1
/portugal/madeira,/portugal/mageloese-madeira,content,1
/portugal/madeira,/portugal/mageloese_madeira_med_blomsterfestival,content,1
/portugal/madeira,/portugal/mageloese_madeira_med_blomsterfestivalen,content,1
/portugal/madeira,/portugal/nytaarsrejse-til-madeira,content,1
/portugal/madeira,/portugal/portugals-groenne-oerige-azorerne-og-madeira,content,1
/portugal/madeira,/portugal/vandreferie-paa-madeira,content,1
/portugal/madeira,/portugal/vidunderlige-madeira,content,1
/portugal/madeira,/privatlivspolitik,chrome,1
/portugal/madeira,/rejseforsikring,chrome,1
/portugal/madeira,/rejsekalender,chrome,1
/portugal/madeira,/transformation,chrome,1
/portugal/madeira,/vandreferier,content,1
/portugal/madeira,/vinrejser,content,1
/portugal/madeira/madeira-langtidsferie,/,chrome,1
/portugal/madeira/madeira-langtidsferie,/cookie-politik,chrome,1
/portugal/madeira/madeira-langtidsferie,/faq,chrome,1
/portugal/madeira/madeira-langtidsferie,/gavekort,chrome,1
/portugal/madeira/madeira-langtidsferie,/katalog,chrome,1
/portugal/madeira/madeira-langtidsferie,/nyhedsbrev,chrome,1
/portugal/madeira/madeira-langtidsferie,/om-os/kontakt,chrome,1
/portugal/madeira/madeira-langtidsferie,/om-os/medarbejdere,chrome,1
/portugal/madeira/madeira-langtidsferie,/om-os/rejseledere,chrome,1
/portugal/madeira/madeira-langtidsferie,/portugal,chrome,1
/portugal/madeira/madeira-langtidsferie,/portugal/madeira,chrome,1
/portugal/madeira/madeira-langtidsferie,/privatlivspolitik,chrome,1
/portugal/madeira/madeira-langtidsferie,/rejseforsikring,chrome,1
/portugal/madeira/madeira-langtidsferie,/rejsekalender,chrome,1
/portugal/madeira/madeira-langtidsferie,/transformation,chrome,1
/portugal/madeira/madeira-rundrejser,/,chrome,1
/portugal/madeira/madeira-rundrejser,/cookie-politik,chrome,1
/portugal/madeira/madeira-rundrejser,/faq,chrome,1
/portugal/madeira/madeira-rundrejser,/gavekort,chrome,1
/portugal/madeira/madeira-rundrejser,/katalog,chrome,1
/portugal/madeira/madeira-rundrejser,/nyhedsbrev,chrome,1
/portugal/madeira/madeira-rundrejser,/om-os/kontakt,chrome,1
/portugal/madeira/madeira-rundrejser,/om-os/medarbejdere,chrome,1
/portugal/madeira/madeira-rundrejser,/om-os/rejseledere,chrome,1
/portugal/madeira/madeira-rundrejser,/portugal,chrome,1
/portugal/madeira/madeira-rundrejser,/portugal/madeira,chrome,1
/portugal/madeira/madeira-rundrejser,/portugal/portugals-groenne-oerige-azorerne-og-madeira,content,1
/portugal/madeira/madeira-rundrejser,/privatlivspolitik,chrome,1
/portugal/madeira/madeira-rundrejser,/rejseforsikring,chrome,1
/portugal/madeira/madeira-rundrejser,/rejsekalender,chrome,1
/portugal/madeira/madeira-rundrejser,/transformation,chrome,1
/portugal/madeira/madeira-vandreferie,/,chrome,1
/portugal/madeira/madeira-vandreferie,/cookie-politik,chrome,1
/portugal/madeira/madeira-vandreferie,/faq,chrome,1
/portugal/madeira/madeira-vandreferie,/gavekort,chrome,1
/portugal/madeira/madeira-vandreferie,/katalog,chrome,1
/portugal/madeira/madeira-vandreferie,/nyhedsbrev,chrome,1
/portugal/madeira/madeira-vandreferie,/om-os/kontakt,chrome,1
/portugal/madeira/madeira-vandreferie,/om-os/medarbejdere,chrome,1
/portugal/madeira/madeira-vandreferie,/om-os/rejseledere,chrome,1
/portugal/madeira/madeira-vandreferie,/portugal,chrome,1
/portugal/madeira/madeira-vandreferie,/portugal/madeira,chrome,1
/portugal/madeira/madeira-vandreferie,/portugal/vandreferie-paa-madeira,content,1
/portugal/madeira/madeira-vandreferie,/portugal/vidunderlige-madeira,content,1
/portugal/madeira/madeira-vandreferie,/privatlivspolitik,chrome,1
/portugal/madeira/madeira-vandreferie,/rejseforsikring,chrome,1
/portugal/madeira/madeira-vandreferie,/rejsekalender,chrome,1
/portugal/madeira/madeira-vandreferie,/transformation,chrome,1
/portugal/mageloese-madeira,/,chrome,1
/portugal/mageloese-madeira,/booking/travel/48128/5035/accommodation,content,0
/portugal/mageloese-madeira,/booking/travel/48129/5036/accommodation,content,0
/portugal/mageloese-madeira,/booking/travel/48130/5037/accommodation,content,0
/portugal/mageloese-madeira,/booking/travel/48131/5038/accommodation,content,0
/portugal/mageloese-madeira,/booking/travel/48138/5049/accommodation,content,0
/portugal/mageloese-madeira,/booking/travel/48139/5050/accommodation,content,0
/portugal/mageloese-madeira,/booking/travel/48141/5052/accommodation,content,0
/portugal/mageloese-madeira,/booking/travel/62436/6330/accommodation,content,0
/portugal/mageloese-madeira,/booking/travel/62439/6336/accommodation,content,0
/portugal/mageloese-madeira,/booking/travel/62446/6344/accommodation,content,0
/portugal/mageloese-madeira,/booking/travel/62466/6373/accommodation,content,0
/portugal/mageloese-madeira,/booking/travel/62467/6374/accommodation,content,0
/portugal/mageloese-madeira,/booking/travel/62468/6375/accommodation,content,0
/portugal/mageloese-madeira,/booking/travel/62471/6378/accommodation,content,0
/portugal/mageloese-madeira,/booking/travel/62472/6379/accommodation,content,0
/portugal/mageloese-madeira,/booking/travel/62473/6380/accommodation,content,0
/portugal/mageloese-madeira,/booking/travel/62474/6381/accommodation,content,0
/portugal/mageloese-madeira,/booking/travel/62475/6382/accommodation,content,0
/portugal/mageloese-madeira,/booking/travel/62477/6384/accommodation,content,0
/portugal/mageloese-madeira,/booking/travel/62478/6385/accommodation,content,0
/portugal/mageloese-madeira,/booking/travel/62479/6386/accommodation,content,0
/portugal/mageloese-madeira,/booking/travel/62481/6389/accommodation,content,0
/portugal/mageloese-madeira,/booking/travel/62482/6390/accommodation,content,0
/portugal/mageloese-madeira,/booking/travel/62483/6391/accommodation,content,0
/portugal/mageloese-madeira,/booking/travel/62485/6393/accommodation,content,0
/portugal/mageloese-madeira,/booking/travel/62486/6394/accommodation,content,0
/portugal/mageloese-madeira,/booking/travel/62490/6399/accommodation,content,0
/portugal/mageloese-madeira,/booking/travel/62497/6407/accommodation,content,0
/portugal/mageloese-madeira,/booking/travel/62824/6757/accommodation,content,0
/portugal/mageloese-madeira,/booking/travel/62865/6805/accommodation,content,0
/portugal/mageloese-madeira,/booking/travel/62902/6849/accommodation,content,0
/portugal/mageloese-madeira,/booking/travel/65438/8009/accommodation,content,0
/portugal/mageloese-madeira,/booking/travel/65439/8010/accommodation,content,0
/portugal/mageloese-madeira,/cookie-politik,chrome,1
/portugal/mageloese-madeira,/europa,content,1
/portugal/mageloese-madeira,/faq,chrome,1
/portugal/mageloese-madeira,/gavekort,chrome,1
/portugal/mageloese-madeira,/katalog,chrome,1
/portugal/mageloese-madeira,/naturrejser,content,1
/portugal/mageloese-madeira,/naturrejser/blomsterrejser,content,1
/portugal/mageloese-madeira,/nyhedsbrev,chrome,1
/portugal/mageloese-madeira,/om-os/kontakt,chrome,1
/portugal/mageloese-madeira,/om-os/medarbejdere,chrome,1
/portugal/mageloese-madeira,/om-os/rejseledere,chrome,1
/portugal/mageloese-madeira,/portugal,chrome,1
/portugal/mageloese-madeira,/portugal/essensen-af-madeira,content,1
/portugal/mageloese-madeira,/portugal/madeira,content,1
/portugal/mageloese-madeira,/portugal/mageloese_madeira_med_blomsterfestival,content,1
/portugal/mageloese-madeira,/portugal/mageloese_madeira_med_blomsterfestivalen,content,1
/portugal/mageloese-madeira,/portugal/nytaarsrejse-til-madeira,content,1
/portugal/mageloese-madeira,/portugal/vidunderlige-madeira,content,1
/portugal/mageloese-madeira,/privatlivspolitik,chrome,1
/portugal/mageloese-madeira,/rejseforsikring,chrome,1
/portugal/mageloese-madeira,/rejsekalender,chrome,1
/portugal/mageloese-madeira,/transformation,chrome,1
/portugal/mageloese-madeira,/vandreferier,content,1
/portugal/mageloese-madeira,/vinrejser,content,1
/portugal/mageloese_madeira_med_blomsterfestival,/,chrome,1
/portugal/mageloese_madeira_med_blomsterfestival,/booking/travel/62488/6396/accommodation,content,0
/portugal/mageloese_madeira_med_blomsterfestival,/cookie-politik,chrome,1
/portugal/mageloese_madeira_med_blomsterfestival,/faq,chrome,1
/portugal/mageloese_madeira_med_blomsterfestival,/gavekort,chrome,1
/portugal/mageloese_madeira_med_blomsterfestival,/katalog,chrome,1
/portugal/mageloese_madeira_med_blomsterfestival,/nyhedsbrev,chrome,1
/portugal/mageloese_madeira_med_blomsterfestival,/om-os/kontakt,chrome,1
/portugal/mageloese_madeira_med_blomsterfestival,/om-os/medarbejdere,chrome,1
/portugal/mageloese_madeira_med_blomsterfestival,/om-os/rejseledere,chrome,1
/portugal/mageloese_madeira_med_blomsterfestival,/portugal,chrome,1
/portugal/mageloese_madeira_med_blomsterfestival,/privatlivspolitik,chrome,1
/portugal/mageloese_madeira_med_blomsterfestival,/rejseforsikring,chrome,1
/portugal/mageloese_madeira_med_blomsterfestival,/rejsekalender,chrome,1
/portugal/mageloese_madeira_med_blomsterfestival,/transformation,chrome,1
/portugal/mageloese_madeira_med_blomsterfestivalen,/,chrome,1
/portugal/mageloese_madeira_med_blomsterfestivalen,/cookie-politik,chrome,1
/portugal/mageloese_madeira_med_blomsterfestivalen,/faq,chrome,1
/portugal/mageloese_madeira_med_blomsterfestivalen,/gavekort,chrome,1
/portugal/mageloese_madeira_med_blomsterfestivalen,/katalog,chrome,1
/portugal/mageloese_madeira_med_blomsterfestivalen,/nyhedsbrev,chrome,1
/portugal/mageloese_madeira_med_blomsterfestivalen,/om-os/kontakt,chrome,1
/portugal/mageloese_madeira_med_blomsterfestivalen,/om-os/medarbejdere,chrome,1
/portugal/mageloese_madeira_med_blomsterfestivalen,/om-os/rejseledere,chrome,1
/portugal/mageloese_madeira_med_blomsterfestivalen,/portugal,chrome,1
/portugal/mageloese_madeira_med_blomsterfestivalen,/privatlivspolitik,chrome,1
/portugal/mageloese_madeira_med_blomsterfestivalen,/rejseforsikring,chrome,1
/portugal/mageloese_madeira_med_blomsterfestivalen,/rejsekalender,chrome,1
/portugal/mageloese_madeira_med_blomsterfestivalen,/transformation,chrome,1
/portugal/nytaar-i-porto,/,chrome,1
/portugal/nytaar-i-porto,/booking/travel/62418/6311/accommodation,content,0
/portugal/nytaar-i-porto,/cookie-politik,chrome,1
/portugal/nytaar-i-porto,/faq,chrome,1
/portugal/nytaar-i-porto,/gavekort,chrome,1
/portugal/nytaar-i-porto,/katalog,chrome,1
/portugal/nytaar-i-porto,/nyhedsbrev,chrome,1
/portugal/nytaar-i-porto,/om-os/kontakt,chrome,1
/portugal/nytaar-i-porto,/om-os/medarbejdere,chrome,1
/portugal/nytaar-i-porto,/om-os/rejseledere,chrome,1
/portugal/nytaar-i-porto,/portugal,chrome,1
/portugal/nytaar-i-porto,/privatlivspolitik,chrome,1
/portugal/nytaar-i-porto,/rejseforsikring,chrome,1
/portugal/nytaar-i-porto,/rejsekalender,chrome,1
/portugal/nytaar-i-porto,/transformation,chrome,1
/portugal/nytaar-paa-algarvekysten,/,chrome,1
/portugal/nytaar-paa-algarvekysten,/cookie-politik,chrome,1
/portugal/nytaar-paa-algarvekysten,/faq,chrome,1
/portugal/nytaar-paa-algarvekysten,/gavekort,chrome,1
/portugal/nytaar-paa-algarvekysten,/jul-og-nytaar/nytaars-rejser,content,1
/portugal/nytaar-paa-algarvekysten,/katalog,chrome,1
/portugal/nytaar-paa-algarvekysten,/kulturrejser,content,1
/portugal/nytaar-paa-algarvekysten,/nyhedsbrev,chrome,1
/portugal/nytaar-paa-algarvekysten,/om-os/kontakt,chrome,1
/portugal/nytaar-paa-algarvekysten,/om-os/medarbejdere,chrome,1
/portugal/nytaar-paa-algarvekysten,/om-os/rejseledere,chrome,1
/portugal/nytaar-paa-algarvekysten,/portugal,chrome,1
/portugal/nytaar-paa-algarvekysten,/portugal/algarve,content,1
/portugal/nytaar-paa-algarvekysten,/privatlivspolitik,chrome,1
/portugal/nytaar-paa-algarvekysten,/rejseforsikring,chrome,1
/portugal/nytaar-paa-algarvekysten,/rejsekalender,chrome,1
/portugal/nytaar-paa-algarvekysten,/transformation,chrome,1
/portugal/nytaar-paa-algarvekysten,/vinrejser,content,1
/portugal/nytaarsrejse-til-lissabon,/,chrome,1
/portugal/nytaarsrejse-til-lissabon,/booking/travel/49000/6095/accommodation,content,0
/portugal/nytaarsrejse-til-lissabon,/cookie-politik,chrome,1
/portugal/nytaarsrejse-til-lissabon,/faq,chrome,1
/portugal/nytaarsrejse-til-lissabon,/gavekort,chrome,1
/portugal/nytaarsrejse-til-lissabon,/katalog,chrome,1
/portugal/nytaarsrejse-til-lissabon,/nyhedsbrev,chrome,1
/portugal/nytaarsrejse-til-lissabon,/om-os/kontakt,chrome,1
/portugal/nytaarsrejse-til-lissabon,/om-os/medarbejdere,chrome,1
/portugal/nytaarsrejse-til-lissabon,/om-os/rejseledere,chrome,1
/portugal/nytaarsrejse-til-lissabon,/portugal,chrome,1
/portugal/nytaarsrejse-til-lissabon,/privatlivspolitik,chrome,1
/portugal/nytaarsrejse-til-lissabon,/rejseforsikring,chrome,1
/portugal/nytaarsrejse-til-lissabon,/rejsekalender,chrome,1
/portugal/nytaarsrejse-til-lissabon,/transformation,chrome,1
/portugal/nytaarsrejse-til-madeira,/,chrome,1
/portugal/nytaarsrejse-til-madeira,/blog/mad-og-vin-i-portugal,content,1
/portugal/nytaarsrejse-til-madeira,/booking/travel/62429/6323/accommodation,content,0
/portugal/nytaarsrejse-til-madeira,/cookie-politik,chrome,1
/portugal/nytaarsrejse-til-madeira,/europa,content,1
/portugal/nytaarsrejse-til-madeira,/faq,chrome,1
/portugal/nytaarsrejse-til-madeira,/gavekort,chrome,1
/portugal/nytaarsrejse-til-madeira,/historiske-rejser,content,1
/portugal/nytaarsrejse-til-madeira,/katalog,chrome,1
/portugal/nytaarsrejse-til-madeira,/naturrejser/blomsterrejser,content,1
/portugal/nytaarsrejse-til-madeira,/nyhedsbrev,chrome,1
/portugal/nytaarsrejse-til-madeira,/om-os/kontakt,chrome,1
/portugal/nytaarsrejse-til-madeira,/om-os/medarbejdere,chrome,1
/portugal/nytaarsrejse-til-madeira,/om-os/rejseledere,chrome,1
/portugal/nytaarsrejse-til-madeira,/portugal,chrome,1
/portugal/nytaarsrejse-til-madeira,/portugal/madeira,content,1
/portugal/nytaarsrejse-til-madeira,/privatlivspolitik,chrome,1
/portugal/nytaarsrejse-til-madeira,/rejseforsikring,chrome,1
/portugal/nytaarsrejse-til-madeira,/rejsekalender,chrome,1
/portugal/nytaarsrejse-til-madeira,/transformation,chrome,1
/portugal/nytaarsrejse-til-madeira,/vandreferier,content,1
/portugal/paa-opdagelse-i-portugal,/,chrome,1
/portugal/paa-opdagelse-i-portugal,/booking/travel/48037/4931/accommodation,content,0
/portugal/paa-opdagelse-i-portugal,/booking/travel/62710/6607/accommodation,content,0
/portugal/paa-opdagelse-i-portugal,/booking/travel/62711/6608/accommodation,content,0
/portugal/paa-opdagelse-i-portugal,/cookie-politik,chrome,1
/portugal/paa-opdagelse-i-portugal,/faq,chrome,1
/portugal/paa-opdagelse-i-portugal,/gavekort,chrome,1
/portugal/paa-opdagelse-i-portugal,/historiske-rejser,content,1
/portugal/paa-opdagelse-i-portugal,/katalog,chrome,1
/portugal/paa-opdagelse-i-portugal,/kulturrejser,content,1
/portugal/paa-opdagelse-i-portugal,/nyhedsbrev,chrome,1
/portugal/paa-opdagelse-i-portugal,/om-os/kontakt,chrome,1
/portugal/paa-opdagelse-i-portugal,/om-os/medarbejdere,chrome,1
/portugal/paa-opdagelse-i-portugal,/om-os/rejseledere,chrome,1
/portugal/paa-opdagelse-i-portugal,/portugal,chrome,1
/portugal/paa-opdagelse-i-portugal,/portugal/lissabon,content,1
/portugal/paa-opdagelse-i-portugal,/portugal/porto,content,1
/portugal/paa-opdagelse-i-portugal,/privatlivspolitik,chrome,1
/portugal/paa-opdagelse-i-portugal,/rejseforsikring,chrome,1
/portugal/paa-opdagelse-i-portugal,/rejsekalender,chrome,1
/portugal/paa-opdagelse-i-portugal,/transformation,chrome,1
/portugal/porto,/,chrome,1
/portugal/porto,/cookie-politik,chrome,1
/portugal/porto,/europa,content,1
/portugal/porto,/faq,chrome,1
/portugal/porto,/flodkrydstogter,content,1
/portugal/porto,/flodkrydstogter/douro-deluxe-flodkrydstogt-paa-dourofloden,content,1
/portugal/porto,/flodkrydstogter/flodkrydstogt-paa-douro-floden,content,1
/portugal/porto,/gavekort,chrome,1
/portugal/porto,/katalog,chrome,1
/portugal/porto,/nyhedsbrev,chrome,1
/portugal/porto,/om-os/kontakt,chrome,1
/portugal/porto,/om-os/medarbejdere,chrome,1
/portugal/porto,/om-os/rejseledere,chrome,1
/portugal/porto,/portugal,chrome,1
/portugal/porto,/portugal/haverejse-til-nordportugal,content,1
/portugal/porto,/portugal/nytaar-i-porto,content,1
/portugal/porto,/portugal/paa-opdagelse-i-portugal,content,1
/portugal/porto,/portugal/porto-og-douro-dalens-herligheder,content,1
/portugal/porto,/portugal/praegtige-portugal,content,1
/portugal/porto,/privatlivspolitik,chrome,1
/portugal/porto,/rejseforsikring,chrome,1
/portugal/porto,/rejsekalender,chrome,1
/portugal/porto,/spanien/vandreferie-paa-caminoen,content,1
/portugal/porto,/storbyferier,content,1
/portugal/porto,/transformation,chrome,1
/portugal/porto-og-douro-dalens-herligheder,/,chrome,1
/portugal/porto-og-douro-dalens-herligheder,/booking/travel/48073/4973/accommodation,content,0
/portugal/porto-og-douro-dalens-herligheder,/booking/travel/48090/4992/accommodation,content,0
/portugal/porto-og-douro-dalens-herligheder,/cookie-politik,chrome,1
/portugal/porto-og-douro-dalens-herligheder,/faq,chrome,1
/portugal/porto-og-douro-dalens-herligheder,/gavekort,chrome,1
/portugal/porto-og-douro-dalens-herligheder,/historiske-rejser,content,1
/portugal/porto-og-douro-dalens-herligheder,/katalog,chrome,1
/portugal/porto-og-douro-dalens-herligheder,/nyhedsbrev,chrome,1
/portugal/porto-og-douro-dalens-herligheder,/om-os/kontakt,chrome,1
/portugal/porto-og-douro-dalens-herligheder,/om-os/medarbejdere,chrome,1
/portugal/porto-og-douro-dalens-herligheder,/om-os/rejseledere,chrome,1
/portugal/porto-og-douro-dalens-herligheder,/portugal,chrome,1
/portugal/porto-og-douro-dalens-herligheder,/portugal/porto,content,1
/portugal/porto-og-douro-dalens-herligheder,/privatlivspolitik,chrome,1
/portugal/porto-og-douro-dalens-herligheder,/rejseforsikring,chrome,1
/portugal/porto-og-douro-dalens-herligheder,/rejsekalender,chrome,1
/portugal/porto-og-douro-dalens-herligheder,/transformation,chrome,1
/portugal/portugal-flodkrydstogter,/,chrome,1
/portugal/portugal-flodkrydstogter,/cookie-politik,chrome,1
/portugal/portugal-flodkrydstogter,/faq,chrome,1
/portugal/portugal-flodkrydstogter,/flodkrydstogter/douro-deluxe-flodkrydstogt-paa-dourofloden,content,1
/portugal/portugal-flodkrydstogter,/flodkrydstogter/flodkrydstogt-paa-douro-floden,content,1
/portugal/portugal-flodkrydstogter,/gavekort,chrome,1
/portugal/portugal-flodkrydstogter,/katalog,chrome,1
/portugal/portugal-flodkrydstogter,/nyhedsbrev,chrome,1
/portugal/portugal-flodkrydstogter,/om-os/kontakt,chrome,1
/portugal/portugal-flodkrydstogter,/om-os/medarbejdere,chrome,1
/portugal/portugal-flodkrydstogter,/om-os/rejseledere,chrome,1
/portugal/portugal-flodkrydstogter,/portugal,chrome,1
/portugal/portugal-flodkrydstogter,/privatlivspolitik,chrome,1
/portugal/portugal-flodkrydstogter,/rejseforsikring,chrome,1
/portugal/portugal-flodkrydstogter,/rejsekalender,chrome,1
/portugal/portugal-flodkrydstogter,/transformation,chrome,1
/portugal/portugal-kulturrejser,/,chrome,1
/portugal/portugal-kulturrejser,/cookie-politik,chrome,1
/portugal/portugal-kulturrejser,/faq,chrome,1
/portugal/portugal-kulturrejser,/flodkrydstogter/douro-deluxe-flodkrydstogt-paa-dourofloden,content,1
/portugal/portugal-kulturrejser,/flodkrydstogter/flodkrydstogt-paa-douro-floden,content,1
/portugal/portugal-kulturrejser,/gavekort,chrome,1
/portugal/portugal-kulturrejser,/katalog,chrome,1
/portugal/portugal-kulturrejser,/nyhedsbrev,chrome,1
/portugal/portugal-kulturrejser,/om-os/kontakt,chrome,1
/portugal/portugal-kulturrejser,/om-os/medarbejdere,chrome,1
/portugal/portugal-kulturrejser,/om-os/rejseledere,chrome,1
/portugal/portugal-kulturrejser,/portugal,chrome,1
/portugal/portugal-kulturrejser,/portugal/azorerne-den-groenne-oe-sao-miguel,content,1
/portugal/portugal-kulturrejser,/portugal/cascais-portugals-riviera,content,1
/portugal/portugal-kulturrejser,/portugal/essensen-af-madeira,content,1
/portugal/portugal-kulturrejser,/portugal/haverejse-til-nordportugal,content,1
/portugal/portugal-kulturrejser,/portugal/idylliske-tavira,content,1
/portugal/portugal-kulturrejser,/portugal/jul-paa-madeira,content,1
/portugal/portugal-kulturrejser,/portugal/lissabon-a-la-carte,content,1
/portugal/portugal-kulturrejser,/portugal/lissabon-og-alentejos-herligheder,content,1
/portugal/portugal-kulturrejser,/portugal/mageloese-madeira,content,1
/portugal/portugal-kulturrejser,/portugal/mageloese_madeira_med_blomsterfestival,content,1
/portugal/portugal-kulturrejser,/portugal/mageloese_madeira_med_blomsterfestivalen,content,1
/portugal/portugal-kulturrejser,/portugal/nytaar-i-porto,content,1
/portugal/portugal-kulturrejser,/portugal/nytaar-paa-algarvekysten,content,1
/portugal/portugal-kulturrejser,/portugal/nytaarsrejse-til-lissabon,content,1
/portugal/portugal-kulturrejser,/portugal/nytaarsrejse-til-madeira,content,1
/portugal/portugal-kulturrejser,/portugal/paa-opdagelse-i-portugal,content,1
/portugal/portugal-kulturrejser,/portugal/porto-og-douro-dalens-herligheder,content,1
/portugal/portugal-kulturrejser,/portugal/portugals-groenne-oerige-azorerne-og-madeira,content,1
/portugal/portugal-kulturrejser,/portugal/praegtige-portugal,content,1
/portugal/portugal-kulturrejser,/portugal/vandreferie-i-portugal,content,1
/portugal/portugal-kulturrejser,/portugal/vandreferie-paa-algarvekysten,content,1
/portugal/portugal-kulturrejser,/portugal/vandreferie-paa-madeira,content,1
/portugal/portugal-kulturrejser,/portugal/vidunderlige-madeira,content,1
/portugal/portugal-kulturrejser,/privatlivspolitik,chrome,1
/portugal/portugal-kulturrejser,/rejseforsikring,chrome,1
/portugal/portugal-kulturrejser,/rejsekalender,chrome,1
/portugal/portugal-kulturrejser,/spanien/vandreferie-paa-caminoen,content,1
/portugal/portugal-kulturrejser,/transformation,chrome,1
/portugal/portugal-langtidsferie,/,chrome,1
/portugal/portugal-langtidsferie,/cookie-politik,chrome,1
/portugal/portugal-langtidsferie,/faq,chrome,1
/portugal/portugal-langtidsferie,/gavekort,chrome,1
/portugal/portugal-langtidsferie,/katalog,chrome,1
/portugal/portugal-langtidsferie,/nyhedsbrev,chrome,1
/portugal/portugal-langtidsferie,/om-os/kontakt,chrome,1
/portugal/portugal-langtidsferie,/om-os/medarbejdere,chrome,1
/portugal/portugal-langtidsferie,/om-os/rejseledere,chrome,1
/portugal/portugal-langtidsferie,/portugal,chrome,1
/portugal/portugal-langtidsferie,/privatlivspolitik,chrome,1
/portugal/portugal-langtidsferie,/rejseforsikring,chrome,1
/portugal/portugal-langtidsferie,/rejsekalender,chrome,1
/portugal/portugal-langtidsferie,/transformation,chrome,1
/portugal/portugal-rundrejser,/,chrome,1
/portugal/portugal-rundrejser,/cookie-politik,chrome,1
/portugal/portugal-rundrejser,/faq,chrome,1
/portugal/portugal-rundrejser,/gavekort,chrome,1
/portugal/portugal-rundrejser,/katalog,chrome,1
/portugal/portugal-rundrejser,/nyhedsbrev,chrome,1
/portugal/portugal-rundrejser,/om-os/kontakt,chrome,1
/portugal/portugal-rundrejser,/om-os/medarbejdere,chrome,1
/portugal/portugal-rundrejser,/om-os/rejseledere,chrome,1
/portugal/portugal-rundrejser,/portugal,chrome,1
/portugal/portugal-rundrejser,/portugal/haverejse-til-nordportugal,content,1
/portugal/portugal-rundrejser,/portugal/lissabon-og-alentejos-herligheder,content,1
/portugal/portugal-rundrejser,/portugal/paa-opdagelse-i-portugal,content,1
/portugal/portugal-rundrejser,/portugal/porto-og-douro-dalens-herligheder,content,1
/portugal/portugal-rundrejser,/portugal/portugals-groenne-oerige-azorerne-og-madeira,content,1
/portugal/portugal-rundrejser,/portugal/praegtige-portugal,content,1
/portugal/portugal-rundrejser,/privatlivspolitik,chrome,1
/portugal/portugal-rundrejser,/rejseforsikring,chrome,1
/portugal/portugal-rundrejser,/rejsekalender,chrome,1
/portugal/portugal-rundrejser,/spanien/vandreferie-paa-caminoen,content,1
/portugal/portugal-rundrejser,/transformation,chrome,1
/portugal/portugals-groenne-oerige-azorerne-og-madeira,/,chrome,1
/portugal/portugals-groenne-oerige-azorerne-og-madeira,/booking/travel/62832/6765/accommodation,content,0
/portugal/portugals-groenne-oerige-azorerne-og-madeira,/booking/travel/62832/7982/accommodation,content,0
/portugal/portugals-groenne-oerige-azorerne-og-madeira,/cookie-politik,chrome,1
/portugal/portugals-groenne-oerige-azorerne-og-madeira,/faq,chrome,1
/portugal/portugals-groenne-oerige-azorerne-og-madeira,/gavekort,chrome,1
/portugal/portugals-groenne-oerige-azorerne-og-madeira,/katalog,chrome,1
/portugal/portugals-groenne-oerige-azorerne-og-madeira,/nyhedsbrev,chrome,1
/portugal/portugals-groenne-oerige-azorerne-og-madeira,/om-os/kontakt,chrome,1
/portugal/portugals-groenne-oerige-azorerne-og-madeira,/om-os/medarbejdere,chrome,1
/portugal/portugals-groenne-oerige-azorerne-og-madeira,/om-os/rejseledere,chrome,1
/portugal/portugals-groenne-oerige-azorerne-og-madeira,/portugal,chrome,1
/portugal/portugals-groenne-oerige-azorerne-og-madeira,/privatlivspolitik,chrome,1
/portugal/portugals-groenne-oerige-azorerne-og-madeira,/rejseforsikring,chrome,1
/portugal/portugals-groenne-oerige-azorerne-og-madeira,/rejsekalender,chrome,1
/portugal/portugals-groenne-oerige-azorerne-og-madeira,/transformation,chrome,1
/portugal/praegtige-portugal,/,chrome,1
/portugal/praegtige-portugal,/cookie-politik,chrome,1
/portugal/praegtige-portugal,/faq,chrome,1
/portugal/praegtige-portugal,/gavekort,chrome,1
/portugal/praegtige-portugal,/historiske-rejser,content,1
/portugal/praegtige-portugal,/katalog,chrome,1
/portugal/praegtige-portugal,/nyhedsbrev,chrome,1
/portugal/praegtige-portugal,/om-os/kontakt,chrome,1
/portugal/praegtige-portugal,/om-os/medarbejdere,chrome,1
/portugal/praegtige-portugal,/om-os/rejseledere,chrome,1
/portugal/praegtige-portugal,/portugal,chrome,1
/portugal/praegtige-portugal,/portugal/lissabon,content,1
/portugal/praegtige-portugal,/portugal/porto,content,1
/portugal/praegtige-portugal,/privatlivspolitik,chrome,1
/portugal/praegtige-portugal,/rejseforsikring,chrome,1
/portugal/praegtige-portugal,/rejsekalender,chrome,1
/portugal/praegtige-portugal,/transformation,chrome,1
/portugal/praegtige-portugal,/vinrejser/portvinsrejser,content,1
/portugal/tavira,/,chrome,1
/portugal/tavira,/cookie-politik,chrome,1
/portugal/tavira,/europa,content,1
/portugal/tavira,/faq,chrome,1
/portugal/tavira,/gavekort,chrome,1
/portugal/tavira,/historiske-rejser,content,1
/portugal/tavira,/katalog,chrome,1
/portugal/tavira,/kulturrejser,content,1
/portugal/tavira,/musik-og-underholdning/koncert-rejser,content,1
/portugal/tavira,/naturrejser,content,1
/portugal/tavira,/nyhedsbrev,chrome,1
/portugal/tavira,/om-os/kontakt,chrome,1
/portugal/tavira,/om-os/medarbejdere,chrome,1
/portugal/tavira,/om-os/rejseledere,chrome,1
/portugal/tavira,/portugal,chrome,1
/portugal/tavira,/portugal/algarve,content,1
/portugal/tavira,/portugal/idylliske-tavira,content,1
/portugal/tavira,/portugal/nytaar-paa-algarvekysten,content,1
/portugal/tavira,/portugal/vandreferie-paa-algarvekysten,content,1
/portugal/tavira,/privatlivspolitik,chrome,1
/portugal/tavira,/rejseforsikring,chrome,1
/portugal/tavira,/rejsekalender,chrome,1
/portugal/tavira,/transformation,chrome,1
/portugal/tavira,/vandreferier,content,1
/portugal/tavira,/vinrejser,content,1
/portugal/vandreferie-i-portugal,/,chrome,1
/portugal/vandreferie-i-portugal,/cookie-politik,chrome,1
/portugal/vandreferie-i-portugal,/faq,chrome,1
/portugal/vandreferie-i-portugal,/gavekort,chrome,1
/portugal/vandreferie-i-portugal,/katalog,chrome,1
/portugal/vandreferie-i-portugal,/nyhedsbrev,chrome,1
/portugal/vandreferie-i-portugal,/om-os/kontakt,chrome,1
/portugal/vandreferie-i-portugal,/om-os/medarbejdere,chrome,1
/portugal/vandreferie-i-portugal,/om-os/rejseledere,chrome,1
/portugal/vandreferie-i-portugal,/portugal,chrome,1
/portugal/vandreferie-i-portugal,/portugal/lissabon,content,1
/portugal/vandreferie-i-portugal,/portugal/porto,content,1
/portugal/vandreferie-i-portugal,/privatlivspolitik,chrome,1
/portugal/vandreferie-i-portugal,/rejseforsikring,chrome,1
/portugal/vandreferie-i-portugal,/rejsekalender,chrome,1
/portugal/vandreferie-i-portugal,/spanien,content,1
/portugal/vandreferie-i-portugal,/transformation,chrome,1
/portugal/vandreferie-i-portugal,/vandreferie,content,0
/portugal/vandreferie-paa-algarvekysten,/,chrome,1
/portugal/vandreferie-paa-algarvekysten,/booking/travel/48111/5016/accommodation,content,0
/portugal/vandreferie-paa-algarvekysten,/booking/travel/62792/6710/accommodation,content,0
/portugal/vandreferie-paa-algarvekysten,/cookie-politik,chrome,1
/portugal/vandreferie-paa-algarvekysten,/faq,chrome,1
/portugal/vandreferie-paa-algarvekysten,/gavekort,chrome,1
/portugal/vandreferie-paa-algarvekysten,/historiske-rejser,content,1
/portugal/vandreferie-paa-algarvekysten,/katalog,chrome,1
/portugal/vandreferie-paa-algarvekysten,/kulturrejser,content,1
/portugal/vandreferie-paa-algarvekysten,/naturrejser,content,1
/portugal/vandreferie-paa-algarvekysten,/nyhedsbrev,chrome,1
/portugal/vandreferie-paa-algarvekysten,/om-os/kontakt,chrome,1
/portugal/vandreferie-paa-algarvekysten,/om-os/medarbejdere,chrome,1
/portugal/vandreferie-paa-algarvekysten,/om-os/rejseledere,chrome,1
/portugal/vandreferie-paa-algarvekysten,/portugal,chrome,1
/portugal/vandreferie-paa-algarvekysten,/portugal/algarve,content,1
/portugal/vandreferie-paa-algarvekysten,/privatlivspolitik,chrome,1
/portugal/vandreferie-paa-algarvekysten,/rejseforsikring,chrome,1
/portugal/vandreferie-paa-algarvekysten,/rejsekalender,chrome,1
/portugal/vandreferie-paa-algarvekysten,/spanien,content,1
/portugal/vandreferie-paa-algarvekysten,/spanien/andalusien,content,1
/portugal/vandreferie-paa-algarvekysten,/transformation,chrome,1
/portugal/vandreferie-paa-algarvekysten,/vandreferier,content,1
/portugal/vandreferie-paa-madeira,/,chrome,1
/portugal/vandreferie-paa-madeira,/booking/travel/48105/5009/accommodation,content,0
/portugal/vandreferie-paa-madeira,/booking/travel/48140/5051/accommodation,content,0
/portugal/vandreferie-paa-madeira,/booking/travel/62431/6325/accommodation,content,0
/portugal/vandreferie-paa-madeira,/booking/travel/62491/6400/accommodation,content,0
/portugal/vandreferie-paa-madeira,/booking/travel/62492/6401/accommodation,content,0
/portugal/vandreferie-paa-madeira,/booking/travel/62493/6403/accommodation,content,0
/portugal/vandreferie-paa-madeira,/booking/travel/62494/6404/accommodation,content,0
/portugal/vandreferie-paa-madeira,/booking/travel/62495/6405/accommodation,content,0
/portugal/vandreferie-paa-madeira,/booking/travel/62496/6406/accommodation,content,0
/portugal/vandreferie-paa-madeira,/cookie-politik,chrome,1
/portugal/vandreferie-paa-madeira,/faq,chrome,1
/portugal/vandreferie-paa-madeira,/gavekort,chrome,1
/portugal/vandreferie-paa-madeira,/katalog,chrome,1
/portugal/vandreferie-paa-madeira,/nyhedsbrev,chrome,1
/portugal/vandreferie-paa-madeira,/om-os/kontakt,chrome,1
/portugal/vandreferie-paa-madeira,/om-os/medarbejdere,chrome,1
/portugal/vandreferie-paa-madeira,/om-os/rejseledere,chrome,1
/portugal/vandreferie-paa-madeira,/portugal,chrome,1
/portugal/vandreferie-paa-madeira,/portugal/madeira,content,1
/portugal/vandreferie-paa-madeira,/privatlivspolitik,chrome,1
/portugal/vandreferie-paa-madeira,/rejseforsikring,chrome,1
/portugal/vandreferie-paa-madeira,/rejsekalender,chrome,1
/portugal/vandreferie-paa-madeira,/transformation,chrome,1
/portugal/vandreferie-paa-madeira,/vandreferier,content,1
/portugal/vidunderlige-madeira,/,chrome,1
/portugal/vidunderlige-madeira,/cookie-politik,chrome,1
/portugal/vidunderlige-madeira,/faq,chrome,1
/portugal/vidunderlige-madeira,/gavekort,chrome,1
/portugal/vidunderlige-madeira,/katalog,chrome,1
/portugal/vidunderlige-madeira,/naturrejser,content,1
/portugal/vidunderlige-madeira,/nyhedsbrev,chrome,1
/portugal/vidunderlige-madeira,/om-os/kontakt,chrome,1
/portugal/vidunderlige-madeira,/om-os/medarbejdere,chrome,1
/portugal/vidunderlige-madeira,/om-os/rejseledere,chrome,1
/portugal/vidunderlige-madeira,/portugal,chrome,1
/portugal/vidunderlige-madeira,/portugal/lissabon,content,1
/portugal/vidunderlige-madeira,/portugal/madeira,content,1
/portugal/vidunderlige-madeira,/privatlivspolitik,chrome,1
/portugal/vidunderlige-madeira,/rejseforsikring,chrome,1
/portugal/vidunderlige-madeira,/rejsekalender,chrome,1
/portugal/vidunderlige-madeira,/transformation,chrome,1
/portugal/vidunderlige-madeira,/vandreferier,content,1
/portugal/vidunderlige-madeira,/vinrejser,content,1
/privatlivspolitik,/,chrome,1
/privatlivspolitik,/cookie-politik,chrome,1
/privatlivspolitik,/faq,chrome,1
/privatlivspolitik,/gavekort,chrome,1
/privatlivspolitik,/katalog,chrome,1
/privatlivspolitik,/nyhedsbrev,chrome,1
/privatlivspolitik,/om-os/kontakt,chrome,1
/privatlivspolitik,/om-os/medarbejdere,chrome,1
/privatlivspolitik,/om-os/rejseledere,chrome,1
/privatlivspolitik,/rejseforsikring,chrome,1
/privatlivspolitik,/rejsekalender,chrome,1
/privatlivspolitik,/transformation,chrome,1
/rejsebetingelser,/,chrome,1
/rejsebetingelser,/cookie-politik,chrome,1
/rejsebetingelser,/faq,chrome,1
/rejsebetingelser,/gavekort,chrome,1
/rejsebetingelser,/katalog,chrome,1
/rejsebetingelser,/nyhedsbrev,chrome,1
/rejsebetingelser,/om-os/kontakt,chrome,1
/rejsebetingelser,/om-os/medarbejdere,chrome,1
/rejsebetingelser,/om-os/rejseledere,chrome,1
/rejsebetingelser,/privatlivspolitik,chrome,1
/rejsebetingelser,/rejseforsikring,chrome,1
/rejsebetingelser,/rejsekalender,chrome,1
/rejsebetingelser,/transformation,chrome,1
/rejseforedrag,/,chrome,1
/rejseforedrag,/cookie-politik,chrome,1
/rejseforedrag,/faq,chrome,1
/rejseforedrag,/gavekort,chrome,1
/rejseforedrag,/katalog,chrome,1
/rejseforedrag,/nyhedsbrev,chrome,1
/rejseforedrag,/om-os/kontakt,chrome,1
/rejseforedrag,/om-os/medarbejdere,chrome,1
/rejseforedrag,/om-os/rejseledere,chrome,1
/rejseforedrag,/privatlivspolitik,chrome,1
/rejseforedrag,/rejseforsikring,chrome,1
/rejseforedrag,/rejsekalender,chrome,1
/rejseforedrag,/transformation,chrome,1
/rejseforsikring,/,chrome,1
/rejseforsikring,/cookie-politik,chrome,1
/rejseforsikring,/faq,chrome,1
/rejseforsikring,/gavekort,chrome,1
/rejseforsikring,/katalog,chrome,1
/rejseforsikring,/nyhedsbrev,chrome,1
/rejseforsikring,/om-os/kontakt,chrome,1
/rejseforsikring,/om-os/medarbejdere,chrome,1
/rejseforsikring,/om-os/rejseledere,chrome,1
/rejseforsikring,/privatlivspolitik,chrome,1
/rejseforsikring,/rejsekalender,chrome,1
/rejseforsikring,/transformation,chrome,1
/rejsekalender,/,chrome,1
/rejsekalender,/albanien/autentiske-albanien,content,1
/rejsekalender,/balkan/betagende-nord-balkan,content,1
/rejsekalender,/balkan/betagende-syd-balkan,content,1
/rejsekalender,/baltikum/den-baltiske-odysse,content,1
/rejsekalender,/bulgarien/bulgariens-skjulte-skatte,content,1
/rejsekalender,/cookie-politik,chrome,1
/rejsekalender,/cypern/charmerende-cypern-kultur-og-livsnydelse,content,1
/rejsekalender,/cypern/cypern-afrodites-smukke-oe,content,1
/rejsekalender,/egypten/cairo-og-nilkrydstogt,content,1
/rejsekalender,/england/haverejse-i-det-sydoestlige-england,content,1
/rejsekalender,/england/haverejse-i-england-med-chelsea-flower-show,content,1
/rejsekalender,/england/sydenglands-stolthed-og-charme-fra-stonehenge-og-shakespeare-til-downton-abbey,content,1
/rejsekalender,/england/vandreferie-i-lake-district,content,1
/rejsekalender,/faeroeerne/fabelagtige-faeroerne,content,1
/rejsekalender,/faq,chrome,1
/rejsekalender,/flodkrydstogter/douro-deluxe-flodkrydstogt-paa-dourofloden,content,1
/rejsekalender,/flodkrydstogter/flodkrydstogt-fra-alsace-til-toppen-af-de-schweiziske-alper,content,1
/rejsekalender,/flodkrydstogter/flodkrydstogt-paa-donaufloden,content,1
/rejsekalender,/flodkrydstogter/flodkrydstogt-paa-douro-floden,content,1
/rejsekalender,/flodkrydstogter/flodkrydstogt-paa-rhinen,content,1
/rejsekalender,/flodkrydstogter/flodkrydstogt-paa-rhone-floden,content,1
/rejsekalender,/flodkrydstogter/flodkrydstogt-paa-rhone-floden-2027,content,1
/rejsekalender,/flodkrydstogter/flodkrydstogt-paa-seinen,content,1
/rejsekalender,/frankrig/flodkrydstogt-paa-rhinen-og-tur-med-gletsjerekspressen,content,1
/rejsekalender,/frankrig/paris-mon-amour-storbyliv-og-stemning-paa-seinen,content,1
/rejsekalender,/frankrig/sydfranske-eventyr-i-provence,content,1
/rejsekalender,/gavekort,chrome,1
/rejsekalender,/georgien/vandreferie-i-georgien-svaneti,content,1
/rejsekalender,/graekenland/nordgraekenland-mellem-himmel-og-hav,content,1
/rejsekalender,/graekenland/oe-hop-i-graekenland,content,1
/rejsekalender,/graekenland/smagen-af-kreta,content,1
/rejsekalender,/graekenland/unik-rundrejse-paa-peloponnes,content,1
/rejsekalender,/graekenland/vandreferie-i-graekenland,content,1
/rejsekalender,/indien/rajasthan-indiens-juvel,content,1
/rejsekalender,/indien/sydindiens-guddommelige-hjerte-kerala,content,1
/rejsekalender,/irland/fortryllende-irland,content,1
/rejsekalender,/irland/musikfestival-i-dublin,content,1
/rejsekalender,/irland/vandreferie-i-irland,content,1
/rejsekalender,/italien/amalfi-a-la-carte,content,1
/rejsekalender,/italien/amalfikysten-til-foraarspris,content,1
/rejsekalender,/italien/andrea-bocelli-i-toscana,content,1
/rejsekalender,/italien/charmerende-cinque-terre,content,1
/rejsekalender,/italien/cilento-det-hemmelige-syditalienske-paradis,content,1
/rejsekalender,/italien/det-ukendte-norditalien,content,1
/rejsekalender,/italien/et-syditaliensk-eventyr,content,1
/rejsekalender,/italien/gardasoeens-herligheder,content,1
/rejsekalender,/italien/hjertet-af-italien-paa-elcykel,content,1
/rejsekalender,/italien/klassiske-sicilien,content,1
/rejsekalender,/italien/kulinariske-vandringer-paa-amalfikysten,content,1
/rejsekalender,/italien/kulinariske-vandringer-paa-amalfikysten-september-2026,content,1
/rejsekalender,/italien/madlavningskursus-paa-amalfikysten,content,1
/rejsekalender,/italien/napoli-og-amalfikysten-storbyens-puls-og-kystens-hoejdepunkter,content,1
/rejsekalender,/italien/nytaar-i-det-historiske-rom,content,1
/rejsekalender,/italien/opera-verona,content,1
/rejsekalender,/italien/puccini-operarejse-til-toscana,content,1
/rejsekalender,/italien/rom-den-evige-stad,content,1
/rejsekalender,/italien/siciliens-riviera,content,1
/rejsekalender,/italien/sommer-paa-amalfikysten,content,1
/rejsekalender,/italien/sommer-ved-gardasoeen,content,1
/rejsekalender,/italien/vandreferie-i-cinque-terre,content,1
/rejsekalender,/italien/vandreferie-ved-gardasoeen,content,1
/rejsekalender,/italien/vesuvs-arkaeologiske-skygge,content,1
/rejsekalender,/italien/vidunderlige-amalfi,content,1
/rejsekalender,/italien/vidunderlige-norditalien,content,1
/rejsekalender,/italien/vidunderlige-toscana,content,1
/rejsekalender,/italien/vin-og-gastronomi-i-piemonte,content,1
/rejsekalender,/jordan/jordan-et-magisk-kongerige,content,1
/rejsekalender,/jordan/vandreferie-i-jordan,content,1
/rejsekalender,/katalog,chrome,1
/rejsekalender,/kina/kina-og-tibet-ekspressen,content,1
/rejsekalender,/kina/kina-pagoder-pandaer-og-paladser,content,1
/rejsekalender,/kina/vandreferie-paa-den-kinesiske-mur,content,1
/rejsekalender,/kroatien/kroatiens-smukke-kyst,content,1
/rejsekalender,/marokko/farverige-marokko-fra-tanger-til-marrakech,content,1
/rejsekalender,/marokko/magiske-marrakech-og-essaouira,content,1
/rejsekalender,/marokko/marokko-blandt-berbere-og-beduiner,content,1
/rejsekalender,/norge/haverejse-til-stavanger,content,1
/rejsekalender,/nyhedsbrev,chrome,1
/rejsekalender,/oestrig/kultur-i-alperne,content,1
/rejsekalender,/om-os/kontakt,chrome,1
/rejsekalender,/om-os/medarbejdere,chrome,1
/rejsekalender,/om-os/rejseledere,chrome,1
/rejsekalender,/oman/oman-det-fortryllende-oerkenland,content,1
/rejsekalender,/polen/kulturel-kvalitetstid-i-krakow,content,1
/rejsekalender,/portugal/azorerne-den-groenne-oe-sao-miguel,content,1
/rejsekalender,/portugal/cascais-portugals-riviera,content,1
/rejsekalender,/portugal/essensen-af-madeira,content,1
/rejsekalender,/portugal/haverejse-til-nordportugal,content,1
/rejsekalender,/portugal/idylliske-tavira,content,1
/rejsekalender,/portugal/jul-paa-madeira,content,1
/rejsekalender,/portugal/lissabon-a-la-carte,content,1
/rejsekalender,/portugal/lissabon-og-alentejos-herligheder,content,1
/rejsekalender,/portugal/mageloese-madeira,content,1
/rejsekalender,/portugal/mageloese_madeira_med_blomsterfestival,content,1
/rejsekalender,/portugal/mageloese_madeira_med_blomsterfestivalen,content,1
/rejsekalender,/portugal/nytaar-i-porto,content,1
/rejsekalender,/portugal/nytaar-paa-algarvekysten,content,1
/rejsekalender,/portugal/nytaarsrejse-til-lissabon,content,1
/rejsekalender,/portugal/nytaarsrejse-til-madeira,content,1
/rejsekalender,/portugal/paa-opdagelse-i-portugal,content,1
/rejsekalender,/portugal/porto-og-douro-dalens-herligheder,content,1
/rejsekalender,/portugal/portugals-groenne-oerige-azorerne-og-madeira,content,1
/rejsekalender,/portugal/praegtige-portugal,content,1
/rejsekalender,/portugal/vandreferie-i-portugal,content,1
/rejsekalender,/portugal/vandreferie-paa-algarvekysten,content,1
/rejsekalender,/portugal/vandreferie-paa-madeira,content,1
/rejsekalender,/portugal/vidunderlige-madeira,content,1
/rejsekalender,/privatlivspolitik,chrome,1
/rejsekalender,/rejseforsikring,chrome,1
/rejsekalender,/schweiz/toppen-af-alperne-med-gletsjer-ekspressen,content,1
/rejsekalender,/skotland/haverejse-til-skotland,content,1
/rejsekalender,/skotland/sagnomspundne-skotland,content,1
/rejsekalender,/skotland/sommer-i-skotland,content,1
/rejsekalender,/skotland/vandreferie-i-skotland,content,1
/rejsekalender,/slovenien/ljubljana-og-de-slovenske-perler,content,1
/rejsekalender,/spanien/andalusien-til-saerpris,content,1
/rejsekalender,/spanien/andalusiens-herligheder,content,1
/rejsekalender,/spanien/andalusiens-lys-med-cadiz-og-sevilla,content,1
/rejsekalender,/spanien/autentiske-catalonien-og-costa-brava,content,1
/rejsekalender,/spanien/det-gode-liv-langtidsferie-i-andalusien,content,1
/rejsekalender,/spanien/fra-bilbao-til-bordeaux-en-kulturel-rejse-gennem-baskerland-og-sydfrankrig,content,1
/rejsekalender,/spanien/fra-bilbao-til-toulouse,content,1
/rejsekalender,/spanien/madrid-spaniens-hjerte,content,1
/rejsekalender,/spanien/maleriske-mallorca,content,1
/rejsekalender,/spanien/rundrejse-i-andalusien-med-tog,content,1
/rejsekalender,/spanien/solformoerkelse-i-spanien-bilbao,content,1
/rejsekalender,/spanien/solformoerkelse-i-spanien-med-astrofysiker-michael-linden-voernle,content,1
/rejsekalender,/spanien/solformoerkelse-i-spanien-valencia,content,1
/rejsekalender,/spanien/tenerife-det-evige-foraars-oe,content,1
/rejsekalender,/spanien/vandreferie-paa-caminoen,content,1
/rejsekalender,/sri-lanka/klassiske-sri-lanka,content,1
/rejsekalender,/sri-lanka/sri-lanka-for-livsnydere,content,1
/rejsekalender,/sverige/gotland-svensk-sommeridyl,content,1
/rejsekalender,/sydafrika/sydafrika-cape-cabernet-og-safari,content,1
/rejsekalender,/sydafrika/sydafrika-et-eventyr-i-tre-akter,content,1
/rejsekalender,/sydafrika/sydafrika-for-livsnydere,content,1
/rejsekalender,/sydkorea/essensen-af-sydkorea,content,1
/rejsekalender,/thailand/thailand-smilets-land,content,1
/rejsekalender,/tjekkiet/magiske-prag-en-kulturrejse-i-europas-hjerte,content,1
/rejsekalender,/transformation,chrome,1
/rejsekalender,/tyrkiet/maegtige-istanbul,content,1
/rejsekalender,/vietnam/det-bedste-af-vietnam,content,1
/rejsemal,/,chrome,1
/rejsemal,/albanien,content,1
/rejsemal,/armenien,content,1
/rejsemal,/belgien,content,1
/rejsemal,/bosnien,content,1
/rejsemal,/cookie-politik,chrome,1
/rejsemal,/cypern,content,1
/rejsemal,/egypten,content,1
/rejsemal,/england,content,1
/rejsemal,/estland,content,1
/rejsemal,/faeroeerne,content,1
/rejsemal,/faq,chrome,1
/rejsemal,/frankrig,content,1
/rejsemal,/gavekort,chrome,1
/rejsemal,/georgien,content,1
/rejsemal,/graekenland,content,1
/rejsemal,/holland,content,1
/rejsemal,/indien,content,1
/rejsemal,/irland,content,1
/rejsemal,/island,content,1
/rejsemal,/italien,content,1
/rejsemal,/jordan,content,1
/rejsemal,/katalog,chrome,1
/rejsemal,/kroatien,content,1
/rejsemal,/letland,content,1
/rejsemal,/litauen,content,1
/rejsemal,/malta,content,1
/rejsemal,/marokko,content,1
/rejsemal,/montenegro,content,1
/rejsemal,/nyhedsbrev,chrome,1
/rejsemal,/oestrig,content,1
/rejsemal,/om-os/kontakt,chrome,1
/rejsemal,/om-os/medarbejdere,chrome,1
/rejsemal,/om-os/rejseledere,chrome,1
/rejsemal,/oman,content,1
/rejsemal,/polen,content,1
/rejsemal,/portugal,content,1
/rejsemal,/privatlivspolitik,chrome,1
/rejsemal,/rejseforsikring,chrome,1
/rejsemal,/rejsekalender,chrome,1
/rejsemal,/schweiz,content,1
/rejsemal,/serbien,content,1
/rejsemal,/skotland,content,1
/rejsemal,/slovenien,content,1
/rejsemal,/spanien,content,1
/rejsemal,/sri-lanka,content,1
/rejsemal,/sverige,content,1
/rejsemal,/sydafrika,content,1
/rejsemal,/sydkorea,content,1
/rejsemal,/thailand,content,1
/rejsemal,/tjekkiet,content,1
/rejsemal,/transformation,chrome,1
/rejsemal,/tyrkiet,content,1
/rejsemal,/tyskland,content,1
/rejsemal,/ungarn,content,1
/rejsemal,/vietnam,content,1
/rejsemal,/wales,content,1
/rejsetyper,/,chrome,1
/rejsetyper,/cookie-politik,chrome,1
/rejsetyper,/faq,chrome,1
/rejsetyper,/flere-generationer,content,1
/rejsetyper,/flodkrydstogter,content,1
/rejsetyper,/gavekort,chrome,1
/rejsetyper,/historiske-rejser,content,1
/rejsetyper,/jul-og-nytaar,content,1
/rejsetyper,/jul-og-nytaar/julerejser,content,1
/rejsetyper,/jul-og-nytaar/nytaars-rejser,content,1
/rejsetyper,/katalog,chrome,1
/rejsetyper,/kulturrejser,content,1
/rejsetyper,/laeserrejser,content,1
/rejsetyper,/langtidsferier,content,1
/rejsetyper,/madrejser,content,1
/rejsetyper,/madrejser/gastronomirejser,content,1
/rejsetyper,/musik-og-underholdning,content,1
/rejsetyper,/musik-og-underholdning/koncert-rejser,content,1
/rejsetyper,/musik-og-underholdning/operarejser,content,1
/rejsetyper,/naturrejser,content,1
/rejsetyper,/naturrejser/blomsterrejser,content,1
/rejsetyper,/naturrejser/haverejser,content,1
/rejsetyper,/nyhedsbrev,chrome,1
/rejsetyper,/om-os/kontakt,chrome,1
/rejsetyper,/om-os/medarbejdere,chrome,1
/rejsetyper,/om-os/rejseledere,chrome,1
/rejsetyper,/privatlivspolitik,chrome,1
/rejsetyper,/rejseforsikring,chrome,1
/rejsetyper,/rejsekalender,chrome,1
/rejsetyper,/rundrejser,content,1
/rejsetyper,/safarirejser,content,1
/rejsetyper,/storbyferier,content,1
/rejsetyper,/togrejser,content,1
/rejsetyper,/transformation,chrome,1
/rejsetyper,/vandreferier,content,1
/rejsetyper,/vinrejser,content,1
/rundrejser,/,chrome,1
/rundrejser,/albanien/autentiske-albanien,content,1
/rundrejser,/asien,content,1
/rundrejser,/balkan/betagende-nord-balkan,content,1
/rundrejser,/balkan/betagende-syd-balkan,content,1
/rundrejser,/baltikum/den-baltiske-odysse,content,1
/rundrejser,/bulgarien/bulgariens-skjulte-skatte,content,1
/rundrejser,/cookie-politik,chrome,1
/rundrejser,/egypten/cairo-og-nilkrydstogt,content,1
/rundrejser,/england/sydenglands-stolthed-og-charme-fra-stonehenge-og-shakespeare-til-downton-abbey,content,1
/rundrejser,/england/vandreferie-i-lake-district,content,1
/rundrejser,/europa,content,1
/rundrejser,/faq,chrome,1
/rundrejser,/frankrig/sydfranske-eventyr-i-provence,content,1
/rundrejser,/gavekort,chrome,1
/rundrejser,/georgien/vandreferie-i-georgien-svaneti,content,1
/rundrejser,/graekenland/nordgraekenland-mellem-himmel-og-hav,content,1
/rundrejser,/graekenland/oe-hop-i-graekenland,content,1
/rundrejser,/graekenland/unik-rundrejse-paa-peloponnes,content,1
/rundrejser,/indien/rajasthan-indiens-juvel,content,1
/rundrejser,/indien/sydindiens-guddommelige-hjerte-kerala,content,1
/rundrejser,/irland/fortryllende-irland,content,1
/rundrejser,/italien/et-syditaliensk-eventyr,content,1
/rundrejser,/italien/klassiske-sicilien,content,1
/rundrejser,/jordan/vandreferie-i-jordan,content,1
/rundrejser,/katalog,chrome,1
/rundrejser,/kina/kina-og-tibet-ekspressen,content,1
/rundrejser,/kina/kina-pagoder-pandaer-og-paladser,content,1
/rundrejser,/kroatien/kroatiens-smukke-kyst,content,1
/rundrejser,/kulturrejser,content,1
/rundrejser,/marokko/farverige-marokko-fra-tanger-til-marrakech,content,1
/rundrejser,/marokko/magiske-marrakech-og-essaouira,content,1
/rundrejser,/marokko/marokko-blandt-berbere-og-beduiner,content,1
/rundrejser,/naturrejser,content,1
/rundrejser,/nyhedsbrev,chrome,1
/rundrejser,/om-os/kontakt,chrome,1
/rundrejser,/om-os/medarbejdere,chrome,1
/rundrejser,/om-os/rejseledere,chrome,1
/rundrejser,/oman/oman-det-fortryllende-oerkenland,content,1
/rundrejser,/portugal/haverejse-til-nordportugal,content,1
/rundrejser,/portugal/lissabon-og-alentejos-herligheder,content,1
/rundrejser,/portugal/paa-opdagelse-i-portugal,content,1
/rundrejser,/portugal/porto-og-douro-dalens-herligheder,content,1
/rundrejser,/portugal/portugals-groenne-oerige-azorerne-og-madeira,content,1
/rundrejser,/portugal/praegtige-portugal,content,1
/rundrejser,/privatlivspolitik,chrome,1
/rundrejser,/rejseforsikring,chrome,1
/rundrejser,/rejsekalender,chrome,1
/rundrejser,/schweiz/toppen-af-alperne-med-gletsjer-ekspressen,content,1
/rundrejser,/skotland/sagnomspundne-skotland,content,1
/rundrejser,/skotland/sommer-i-skotland,content,1
/rundrejser,/spanien/autentiske-catalonien-og-costa-brava,content,1
/rundrejser,/spanien/fra-bilbao-til-bordeaux-en-kulturel-rejse-gennem-baskerland-og-sydfrankrig,content,1
/rundrejser,/spanien/fra-bilbao-til-toulouse,content,1
/rundrejser,/spanien/rundrejse-i-andalusien-med-tog,content,1
/rundrejser,/spanien/vandreferie-paa-caminoen,content,1
/rundrejser,/sri-lanka/klassiske-sri-lanka,content,1
/rundrejser,/sri-lanka/sri-lanka-for-livsnydere,content,1
/rundrejser,/sydafrika/sydafrika-cape-cabernet-og-safari,content,1
/rundrejser,/sydafrika/sydafrika-et-eventyr-i-tre-akter,content,1
/rundrejser,/sydafrika/sydafrika-for-livsnydere,content,1
/rundrejser,/sydkorea/essensen-af-sydkorea,content,1
/rundrejser,/thailand/thailand-smilets-land,content,1
/rundrejser,/transformation,chrome,1
/rundrejser,/vietnam/det-bedste-af-vietnam,content,1
/saeson,/,chrome,1
/saeson,/cookie-politik,chrome,1
/saeson,/efteraarsrejser,content,1
/saeson,/faq,chrome,1
/saeson,/foraarsrejser,content,1
/saeson,/gavekort,chrome,1
/saeson,/jul-og-nytaar,content,1
/saeson,/jul-og-nytaar/julerejser,content,1
/saeson,/jul-og-nytaar/nytaars-rejser,content,1
/saeson,/katalog,chrome,1
/saeson,/naturrejser/blomsterrejser,content,1
/saeson,/naturrejser/haverejser,content,1
/saeson,/nyhedsbrev,chrome,1
/saeson,/om-os/kontakt,chrome,1
/saeson,/om-os/medarbejdere,chrome,1
/saeson,/om-os/rejseledere,chrome,1
/saeson,/paaskerejser,content,1
/saeson,/privatlivspolitik,chrome,1
/saeson,/rejseforsikring,chrome,1
/saeson,/rejsekalender,chrome,1
/saeson,/sommerrejser,content,1
/saeson,/transformation,chrome,1
/saeson,/vinterrejser,content,1
/safarirejser,/,chrome,1
/safarirejser,/cookie-politik,chrome,1
/safarirejser,/faq,chrome,1
/safarirejser,/gavekort,chrome,1
/safarirejser,/katalog,chrome,1
/safarirejser,/nyhedsbrev,chrome,1
/safarirejser,/om-os/kontakt,chrome,1
/safarirejser,/om-os/medarbejdere,chrome,1
/safarirejser,/om-os/rejseledere,chrome,1
/safarirejser,/privatlivspolitik,chrome,1
/safarirejser,/rejseforsikring,chrome,1
/safarirejser,/rejsekalender,chrome,1
/safarirejser,/sri-lanka/sri-lanka-for-livsnydere,content,1
/safarirejser,/sydafrika/sydafrika-cape-cabernet-og-safari,content,1
/safarirejser,/sydafrika/sydafrika-et-eventyr-i-tre-akter,content,1
/safarirejser,/sydafrika/sydafrika-for-livsnydere,content,1
/safarirejser,/transformation,chrome,1
/samvirke,/,chrome,1
/samvirke,/cookie-politik,chrome,1
/samvirke,/faq,chrome,1
/samvirke,/gavekort,chrome,1
/samvirke,/katalog,chrome,1
/samvirke,/nyhedsbrev,chrome,1
/samvirke,/om-os/kontakt,chrome,1
/samvirke,/om-os/medarbejdere,chrome,1
/samvirke,/om-os/rejseledere,chrome,1
/samvirke,/privatlivspolitik,chrome,1
/samvirke,/rejseforsikring,chrome,1
/samvirke,/rejsekalender,chrome,1
/samvirke,/spanien/autentiske-catalonien-og-costa-brava,content,1
/samvirke,/transformation,chrome,1
/schweiz,/,chrome,1
/schweiz,/cookie-politik,chrome,1
/schweiz,/europa,content,1
/schweiz,/faq,chrome,1
/schweiz,/flodkrydstogter/flodkrydstogt-fra-alsace-til-toppen-af-de-schweiziske-alper,content,1
/schweiz,/frankrig/flodkrydstogt-paa-rhinen-og-tur-med-gletsjerekspressen,content,1
/schweiz,/gavekort,chrome,1
/schweiz,/historiske-rejser,content,1
/schweiz,/italien/vidunderlige-norditalien,content,1
/schweiz,/jul-og-nytaar/julerejser,content,1
/schweiz,/katalog,chrome,1
/schweiz,/kulturrejser,content,1
/schweiz,/naturrejser,content,1
/schweiz,/nyhedsbrev,chrome,1
/schweiz,/om-os/kontakt,chrome,1
/schweiz,/om-os/medarbejdere,chrome,1
/schweiz,/om-os/rejseledere,chrome,1
/schweiz,/privatlivspolitik,chrome,1
/schweiz,/rejseforsikring,chrome,1
/schweiz,/rejsekalender,chrome,1
/schweiz,/schweiz/toppen-af-alperne-med-gletsjer-ekspressen,content,1
/schweiz,/transformation,chrome,1
/schweiz,/vandreferier,content,1
/schweiz,/vinterrejser,content,1
/schweiz/schweiz-togrejser,/,chrome,1
/schweiz/schweiz-togrejser,/cookie-politik,chrome,1
/schweiz/schweiz-togrejser,/faq,chrome,1
/schweiz/schweiz-togrejser,/flodkrydstogter/flodkrydstogt-fra-alsace-til-toppen-af-de-schweiziske-alper,content,1
/schweiz/schweiz-togrejser,/gavekort,chrome,1
/schweiz/schweiz-togrejser,/katalog,chrome,1
/schweiz/schweiz-togrejser,/nyhedsbrev,chrome,1
/schweiz/schweiz-togrejser,/om-os/kontakt,chrome,1
/schweiz/schweiz-togrejser,/om-os/medarbejdere,chrome,1
/schweiz/schweiz-togrejser,/om-os/rejseledere,chrome,1
/schweiz/schweiz-togrejser,/privatlivspolitik,chrome,1
/schweiz/schweiz-togrejser,/rejseforsikring,chrome,1
/schweiz/schweiz-togrejser,/rejsekalender,chrome,1
/schweiz/schweiz-togrejser,/schweiz,chrome,1
/schweiz/schweiz-togrejser,/schweiz/toppen-af-alperne-med-gletsjer-ekspressen,content,1
/schweiz/schweiz-togrejser,/transformation,chrome,1
/schweiz/toppen-af-alperne-med-gletsjer-ekspressen,/,chrome,1
/schweiz/toppen-af-alperne-med-gletsjer-ekspressen,/cookie-politik,chrome,1
/schweiz/toppen-af-alperne-med-gletsjer-ekspressen,/faq,chrome,1
/schweiz/toppen-af-alperne-med-gletsjer-ekspressen,/gavekort,chrome,1
/schweiz/toppen-af-alperne-med-gletsjer-ekspressen,/katalog,chrome,1
/schweiz/toppen-af-alperne-med-gletsjer-ekspressen,/nyhedsbrev,chrome,1
/schweiz/toppen-af-alperne-med-gletsjer-ekspressen,/om-os/kontakt,chrome,1
/schweiz/toppen-af-alperne-med-gletsjer-ekspressen,/om-os/medarbejdere,chrome,1
/schweiz/toppen-af-alperne-med-gletsjer-ekspressen,/om-os/rejseledere,chrome,1
/schweiz/toppen-af-alperne-med-gletsjer-ekspressen,/privatlivspolitik,chrome,1
/schweiz/toppen-af-alperne-med-gletsjer-ekspressen,/rejseforsikring,chrome,1
/schweiz/toppen-af-alperne-med-gletsjer-ekspressen,/rejsekalender,chrome,1
/schweiz/toppen-af-alperne-med-gletsjer-ekspressen,/schweiz,chrome,1
/schweiz/toppen-af-alperne-med-gletsjer-ekspressen,/transformation,chrome,1
/seniorrejser,/,chrome,1
/seniorrejser,/albanien,content,1
/seniorrejser,/albanien/autentiske-albanien,content,1
/seniorrejser,/armenien,content,1
/seniorrejser,/balkan/betagende-nord-balkan,content,1
/seniorrejser,/balkan/betagende-syd-balkan,content,1
/seniorrejser,/baltikum/den-baltiske-odysse,content,1
/seniorrejser,/belgien,content,1
/seniorrejser,/bosnien,content,1
/seniorrejser,/bulgarien/bulgariens-skjulte-skatte,content,1
/seniorrejser,/cookie-politik,chrome,1
/seniorrejser,/cypern,content,1
/seniorrejser,/cypern/charmerende-cypern-kultur-og-livsnydelse,content,1
/seniorrejser,/cypern/cypern-afrodites-smukke-oe,content,1
/seniorrejser,/egypten,content,1
/seniorrejser,/egypten/cairo-og-nilkrydstogt,content,1
/seniorrejser,/england,content,1
/seniorrejser,/england/haverejse-i-det-sydoestlige-england,content,1
/seniorrejser,/england/haverejse-i-england-med-chelsea-flower-show,content,1
/seniorrejser,/england/sydenglands-stolthed-og-charme-fra-stonehenge-og-shakespeare-til-downton-abbey,content,1
/seniorrejser,/england/vandreferie-i-lake-district,content,1
/seniorrejser,/estland,content,1
/seniorrejser,/faeroeerne,content,1
/seniorrejser,/faeroeerne/fabelagtige-faeroerne,content,1
/seniorrejser,/faq,chrome,1
/seniorrejser,/flodkrydstogter/douro-deluxe-flodkrydstogt-paa-dourofloden,content,1
/seniorrejser,/flodkrydstogter/flodkrydstogt-fra-alsace-til-toppen-af-de-schweiziske-alper,content,1
/seniorrejser,/flodkrydstogter/flodkrydstogt-paa-donaufloden,content,1
/seniorrejser,/flodkrydstogter/flodkrydstogt-paa-douro-floden,content,1
/seniorrejser,/flodkrydstogter/flodkrydstogt-paa-rhinen,content,1
/seniorrejser,/flodkrydstogter/flodkrydstogt-paa-rhone-floden,content,1
/seniorrejser,/flodkrydstogter/flodkrydstogt-paa-rhone-floden-2027,content,1
/seniorrejser,/flodkrydstogter/flodkrydstogt-paa-seinen,content,1
/seniorrejser,/frankrig,content,1
/seniorrejser,/frankrig/flodkrydstogt-paa-rhinen-og-tur-med-gletsjerekspressen,content,1
/seniorrejser,/frankrig/paris-mon-amour-storbyliv-og-stemning-paa-seinen,content,1
/seniorrejser,/frankrig/sydfranske-eventyr-i-provence,content,1
/seniorrejser,/gavekort,chrome,1
/seniorrejser,/georgien,content,1
/seniorrejser,/georgien/vandreferie-i-georgien-svaneti,content,1
/seniorrejser,/graekenland,content,1
/seniorrejser,/graekenland/nordgraekenland-mellem-himmel-og-hav,content,1
/seniorrejser,/graekenland/oe-hop-i-graekenland,content,1
/seniorrejser,/graekenland/smagen-af-kreta,content,1
/seniorrejser,/graekenland/unik-rundrejse-paa-peloponnes,content,1
/seniorrejser,/graekenland/vandreferie-i-graekenland,content,1
/seniorrejser,/holland,content,1
/seniorrejser,/indien,content,1
/seniorrejser,/indien/rajasthan-indiens-juvel,content,1
/seniorrejser,/indien/sydindiens-guddommelige-hjerte-kerala,content,1
/seniorrejser,/irland,content,1
/seniorrejser,/irland/fortryllende-irland,content,1
/seniorrejser,/irland/musikfestival-i-dublin,content,1
/seniorrejser,/irland/vandreferie-i-irland,content,1
/seniorrejser,/island,content,1
/seniorrejser,/italien,content,1
/seniorrejser,/italien/amalfi-a-la-carte,content,1
/seniorrejser,/italien/amalfikysten-til-foraarspris,content,1
/seniorrejser,/italien/andrea-bocelli-i-toscana,content,1
/seniorrejser,/italien/charmerende-cinque-terre,content,1
/seniorrejser,/italien/cilento-det-hemmelige-syditalienske-paradis,content,1
/seniorrejser,/italien/det-ukendte-norditalien,content,1
/seniorrejser,/italien/et-syditaliensk-eventyr,content,1
/seniorrejser,/italien/gardasoeens-herligheder,content,1
/seniorrejser,/italien/hjertet-af-italien-paa-elcykel,content,1
/seniorrejser,/italien/klassiske-sicilien,content,1
/seniorrejser,/italien/kulinariske-vandringer-paa-amalfikysten,content,1
/seniorrejser,/italien/kulinariske-vandringer-paa-amalfikysten-september-2026,content,1
/seniorrejser,/italien/madlavningskursus-paa-amalfikysten,content,1
/seniorrejser,/italien/napoli-og-amalfikysten-storbyens-puls-og-kystens-hoejdepunkter,content,1
/seniorrejser,/italien/nytaar-i-det-historiske-rom,content,1
/seniorrejser,/italien/opera-verona,content,1
/seniorrejser,/italien/puccini-operarejse-til-toscana,content,1
/seniorrejser,/italien/rom-den-evige-stad,content,1
/seniorrejser,/italien/siciliens-riviera,content,1
/seniorrejser,/italien/sommer-paa-amalfikysten,content,1
/seniorrejser,/italien/sommer-ved-gardasoeen,content,1
/seniorrejser,/italien/vandreferie-i-cinque-terre,content,1
/seniorrejser,/italien/vandreferie-ved-gardasoeen,content,1
/seniorrejser,/italien/vesuvs-arkaeologiske-skygge,content,1
/seniorrejser,/italien/vidunderlige-amalfi,content,1
/seniorrejser,/italien/vidunderlige-norditalien,content,1
/seniorrejser,/italien/vidunderlige-toscana,content,1
/seniorrejser,/italien/vin-og-gastronomi-i-piemonte,content,1
/seniorrejser,/jordan,content,1
/seniorrejser,/jordan/vandreferie-i-jordan,content,1
/seniorrejser,/katalog,chrome,1
/seniorrejser,/kina/kina-og-tibet-ekspressen,content,1
/seniorrejser,/kina/kina-pagoder-pandaer-og-paladser,content,1
/seniorrejser,/kina/vandreferie-paa-den-kinesiske-mur,content,1
/seniorrejser,/kroatien,content,1
/seniorrejser,/kroatien/kroatiens-smukke-kyst,content,1
/seniorrejser,/letland,content,1
/seniorrejser,/litauen,content,1
/seniorrejser,/malta,content,1
/seniorrejser,/marokko,content,1
/seniorrejser,/marokko/farverige-marokko-fra-tanger-til-marrakech,content,1
/seniorrejser,/marokko/magiske-marrakech-og-essaouira,content,1
/seniorrejser,/marokko/marokko-blandt-berbere-og-beduiner,content,1
/seniorrejser,/montenegro,content,1
/seniorrejser,/norge/haverejse-til-stavanger,content,1
/seniorrejser,/nyhedsbrev,chrome,1
/seniorrejser,/oestrig,content,1
/seniorrejser,/oestrig/kultur-i-alperne,content,1
/seniorrejser,/om-os/kontakt,chrome,1
/seniorrejser,/om-os/medarbejdere,chrome,1
/seniorrejser,/om-os/rejseledere,chrome,1
/seniorrejser,/oman,content,1
/seniorrejser,/oman/oman-det-fortryllende-oerkenland,content,1
/seniorrejser,/polen,content,1
/seniorrejser,/polen/kulturel-kvalitetstid-i-krakow,content,1
/seniorrejser,/portugal,content,1
/seniorrejser,/portugal/azorerne-den-groenne-oe-sao-miguel,content,1
/seniorrejser,/portugal/cascais-portugals-riviera,content,1
/seniorrejser,/portugal/essensen-af-madeira,content,1
/seniorrejser,/portugal/haverejse-til-nordportugal,content,1
/seniorrejser,/portugal/idylliske-tavira,content,1
/seniorrejser,/portugal/jul-paa-madeira,content,1
/seniorrejser,/portugal/lissabon-a-la-carte,content,1
/seniorrejser,/portugal/lissabon-og-alentejos-herligheder,content,1
/seniorrejser,/portugal/mageloese-madeira,content,1
/seniorrejser,/portugal/mageloese_madeira_med_blomsterfestival,content,1
/seniorrejser,/portugal/mageloese_madeira_med_blomsterfestivalen,content,1
/seniorrejser,/portugal/nytaar-i-porto,content,1
/seniorrejser,/portugal/nytaar-paa-algarvekysten,content,1
/seniorrejser,/portugal/nytaarsrejse-til-lissabon,content,1
/seniorrejser,/portugal/nytaarsrejse-til-madeira,content,1
/seniorrejser,/portugal/paa-opdagelse-i-portugal,content,1
/seniorrejser,/portugal/porto-og-douro-dalens-herligheder,content,1
/seniorrejser,/portugal/portugals-groenne-oerige-azorerne-og-madeira,content,1
/seniorrejser,/portugal/praegtige-portugal,content,1
/seniorrejser,/portugal/vandreferie-i-portugal,content,1
/seniorrejser,/portugal/vandreferie-paa-algarvekysten,content,1
/seniorrejser,/portugal/vandreferie-paa-madeira,content,1
/seniorrejser,/portugal/vidunderlige-madeira,content,1
/seniorrejser,/privatlivspolitik,chrome,1
/seniorrejser,/rejseforsikring,chrome,1
/seniorrejser,/rejsekalender,chrome,1
/seniorrejser,/schweiz,content,1
/seniorrejser,/schweiz/toppen-af-alperne-med-gletsjer-ekspressen,content,1
/seniorrejser,/serbien,content,1
/seniorrejser,/skotland,content,1
/seniorrejser,/skotland/haverejse-til-skotland,content,1
/seniorrejser,/skotland/sagnomspundne-skotland,content,1
/seniorrejser,/skotland/sommer-i-skotland,content,1
/seniorrejser,/skotland/vandreferie-i-skotland,content,1
/seniorrejser,/slovenien,content,1
/seniorrejser,/slovenien/ljubljana-og-de-slovenske-perler,content,1
/seniorrejser,/spanien,content,1
/seniorrejser,/spanien/andalusien-til-saerpris,content,1
/seniorrejser,/spanien/andalusiens-herligheder,content,1
/seniorrejser,/spanien/andalusiens-lys-med-cadiz-og-sevilla,content,1
/seniorrejser,/spanien/autentiske-catalonien-og-costa-brava,content,1
/seniorrejser,/spanien/det-gode-liv-langtidsferie-i-andalusien,content,1
/seniorrejser,/spanien/fra-bilbao-til-bordeaux-en-kulturel-rejse-gennem-baskerland-og-sydfrankrig,content,1
/seniorrejser,/spanien/fra-bilbao-til-toulouse,content,1
/seniorrejser,/spanien/madrid-spaniens-hjerte,content,1
/seniorrejser,/spanien/maleriske-mallorca,content,1
/seniorrejser,/spanien/rundrejse-i-andalusien-med-tog,content,1
/seniorrejser,/spanien/solformoerkelse-i-spanien-bilbao,content,1
/seniorrejser,/spanien/solformoerkelse-i-spanien-med-astrofysiker-michael-linden-voernle,content,1
/seniorrejser,/spanien/solformoerkelse-i-spanien-valencia,content,1
/seniorrejser,/spanien/tenerife-det-evige-foraars-oe,content,1
/seniorrejser,/spanien/vandreferie-paa-caminoen,content,1
/seniorrejser,/sri-lanka,content,1
/seniorrejser,/sri-lanka/klassiske-sri-lanka,content,1
/seniorrejser,/sri-lanka/sri-lanka-for-livsnydere,content,1
/seniorrejser,/sverige,content,1
/seniorrejser,/sverige/gotland-svensk-sommeridyl,content,1
/seniorrejser,/sydafrika,content,1
/seniorrejser,/sydafrika/sydafrika-cape-cabernet-og-safari,content,1
/seniorrejser,/sydafrika/sydafrika-et-eventyr-i-tre-akter,content,1
/seniorrejser,/sydafrika/sydafrika-for-livsnydere,content,1
/seniorrejser,/sydkorea,content,1
/seniorrejser,/sydkorea/essensen-af-sydkorea,content,1
/seniorrejser,/thailand,content,1
/seniorrejser,/thailand/thailand-smilets-land,content,1
/seniorrejser,/tjekkiet,content,1
/seniorrejser,/tjekkiet/magiske-prag-en-kulturrejse-i-europas-hjerte,content,1
/seniorrejser,/transformation,chrome,1
/seniorrejser,/tyrkiet,content,1
/seniorrejser,/tyrkiet/maegtige-istanbul,content,1
/seniorrejser,/tyskland,content,1
/seniorrejser,/ungarn,content,1
/seniorrejser,/vietnam,content,1
/seniorrejser,/vietnam/det-bedste-af-vietnam,content,1
/seniorrejser,/wales,content,1
/serbien,/,chrome,1
/serbien,/balkan/betagende-nord-balkan,content,1
/serbien,/cookie-politik,chrome,1
/serbien,/europa,content,1
/serbien,/faq,chrome,1
/serbien,/gavekort,chrome,1
/serbien,/katalog,chrome,1
/serbien,/kulturrejser,content,1
/serbien,/montenegro,content,1
/serbien,/naturrejser,content,1
/serbien,/nyhedsbrev,chrome,1
/serbien,/om-os/kontakt,chrome,1
/serbien,/om-os/medarbejdere,chrome,1
/serbien,/om-os/rejseledere,chrome,1
/serbien,/privatlivspolitik,chrome,1
/serbien,/rejseforsikring,chrome,1
/serbien,/rejsekalender,chrome,1
/serbien,/serbien/beograd,content,1
/serbien,/transformation,chrome,1
/serbien/beograd,/,chrome,1
/serbien/beograd,/balkan/betagende-nord-balkan,content,1
/serbien/beograd,/cookie-politik,chrome,1
/serbien/beograd,/europa,content,1
/serbien/beograd,/faq,chrome,1
/serbien/beograd,/frankrig/paris,content,1
/serbien/beograd,/gavekort,chrome,1
/serbien/beograd,/graekenland/athen,content,1
/serbien/beograd,/historiske-rejser,content,1
/serbien/beograd,/katalog,chrome,1
/serbien/beograd,/kulturrejser,content,1
/serbien/beograd,/nyhedsbrev,chrome,1
/serbien/beograd,/oestrig/wien,content,1
/serbien/beograd,/om-os/kontakt,chrome,1
/serbien/beograd,/om-os/medarbejdere,chrome,1
/serbien/beograd,/om-os/rejseledere,chrome,1
/serbien/beograd,/privatlivspolitik,chrome,1
/serbien/beograd,/rejseforsikring,chrome,1
/serbien/beograd,/rejsekalender,chrome,1
/serbien/beograd,/serbien,chrome,1
/serbien/beograd,/storbyferier,content,1
/serbien/beograd,/transformation,chrome,1
/skotland,/,chrome,1
/skotland,/cookie-politik,chrome,1
/skotland,/england,content,1
/skotland,/europa,content,1
/skotland,/faeroeerne,content,1
/skotland,/faq,chrome,1
/skotland,/frankrig,content,1
/skotland,/gavekort,chrome,1
/skotland,/irland,content,1
/skotland,/katalog,chrome,1
/skotland,/kulturrejser,content,1
/skotland,/nyhedsbrev,chrome,1
/skotland,/oestrig,content,1
/skotland,/om-os/kontakt,chrome,1
/skotland,/om-os/medarbejdere,chrome,1
/skotland,/om-os/rejseledere,chrome,1
/skotland,/polen,content,1
/skotland,/privatlivspolitik,chrome,1
/skotland,/rejseforsikring,chrome,1
/skotland,/rejsekalender,chrome,1
/skotland,/schweiz,content,1
/skotland,/skotland/edinburgh,content,1
/skotland,/skotland/haverejse-til-skotland,content,1
/skotland,/skotland/sagnomspundne-skotland,content,1
/skotland,/skotland/sommer-i-skotland,content,1
/skotland,/skotland/vandreferie-i-skotland,content,1
/skotland,/togrejser,content,1
/skotland,/transformation,chrome,1
/skotland,/wales,content,1
/skotland/edinburgh,/,chrome,1
/skotland/edinburgh,/cookie-politik,chrome,1
/skotland/edinburgh,/faq,chrome,1
/skotland/edinburgh,/gavekort,chrome,1
/skotland/edinburgh,/historiske-rejser,content,1
/skotland/edinburgh,/katalog,chrome,1
/skotland/edinburgh,/madrejser/gastronomirejser,content,1
/skotland/edinburgh,/nyhedsbrev,chrome,1
/skotland/edinburgh,/om-os/kontakt,chrome,1
/skotland/edinburgh,/om-os/medarbejdere,chrome,1
/skotland/edinburgh,/om-os/rejseledere,chrome,1
/skotland/edinburgh,/privatlivspolitik,chrome,1
/skotland/edinburgh,/rejseforsikring,chrome,1
/skotland/edinburgh,/rejsekalender,chrome,1
/skotland/edinburgh,/skotland,chrome,1
/skotland/edinburgh,/skotland/sagnomspundne-skotland,content,1
/skotland/edinburgh,/skotland/vandreferie-i-skotland,content,1
/skotland/edinburgh,/transformation,chrome,1
/skotland/edinburgh,/vandreferier,content,1
/skotland/haverejse-til-skotland,/,chrome,1
/skotland/haverejse-til-skotland,/booking/travel/48126/5032/accommodation,content,0
/skotland/haverejse-til-skotland,/booking/travel/48126/5033/accommodation,content,0
/skotland/haverejse-til-skotland,/cookie-politik,chrome,1
/skotland/haverejse-til-skotland,/faq,chrome,1
/skotland/haverejse-til-skotland,/gavekort,chrome,1
/skotland/haverejse-til-skotland,/katalog,chrome,1
/skotland/haverejse-til-skotland,/nyhedsbrev,chrome,1
/skotland/haverejse-til-skotland,/om-os/kontakt,chrome,1
/skotland/haverejse-til-skotland,/om-os/medarbejdere,chrome,1
/skotland/haverejse-til-skotland,/om-os/rejseledere,chrome,1
/skotland/haverejse-til-skotland,/privatlivspolitik,chrome,1
/skotland/haverejse-til-skotland,/rejseforsikring,chrome,1
/skotland/haverejse-til-skotland,/rejsekalender,chrome,1
/skotland/haverejse-til-skotland,/skotland,chrome,1
/skotland/haverejse-til-skotland,/transformation,chrome,1
/skotland/sagnomspundne-skotland,/,chrome,1
/skotland/sagnomspundne-skotland,/booking/travel/48017/4904/accommodation,content,0
/skotland/sagnomspundne-skotland,/booking/travel/48017/4906/accommodation,content,0
/skotland/sagnomspundne-skotland,/booking/travel/62794/6713/accommodation,content,0
/skotland/sagnomspundne-skotland,/booking/travel/62794/6741/accommodation,content,0
/skotland/sagnomspundne-skotland,/cookie-politik,chrome,1
/skotland/sagnomspundne-skotland,/faq,chrome,1
/skotland/sagnomspundne-skotland,/gavekort,chrome,1
/skotland/sagnomspundne-skotland,/historiske-rejser,content,1
/skotland/sagnomspundne-skotland,/katalog,chrome,1
/skotland/sagnomspundne-skotland,/kulturrejser,content,1
/skotland/sagnomspundne-skotland,/musik-og-underholdning,content,1
/skotland/sagnomspundne-skotland,/naturrejser/haverejser,content,1
/skotland/sagnomspundne-skotland,/nyhedsbrev,chrome,1
/skotland/sagnomspundne-skotland,/om-os/kontakt,chrome,1
/skotland/sagnomspundne-skotland,/om-os/medarbejdere,chrome,1
/skotland/sagnomspundne-skotland,/om-os/rejseledere,chrome,1
/skotland/sagnomspundne-skotland,/privatlivspolitik,chrome,1
/skotland/sagnomspundne-skotland,/rejseforsikring,chrome,1
/skotland/sagnomspundne-skotland,/rejsekalender,chrome,1
/skotland/sagnomspundne-skotland,/skotland,chrome,1
/skotland/sagnomspundne-skotland,/skotland/edinburgh,content,1
/skotland/sagnomspundne-skotland,/transformation,chrome,1
/skotland/sommer-i-skotland,/,chrome,1
/skotland/sommer-i-skotland,/cookie-politik,chrome,1
/skotland/sommer-i-skotland,/faq,chrome,1
/skotland/sommer-i-skotland,/gavekort,chrome,1
/skotland/sommer-i-skotland,/katalog,chrome,1
/skotland/sommer-i-skotland,/nyhedsbrev,chrome,1
/skotland/sommer-i-skotland,/om-os/kontakt,chrome,1
/skotland/sommer-i-skotland,/om-os/medarbejdere,chrome,1
/skotland/sommer-i-skotland,/om-os/rejseledere,chrome,1
/skotland/sommer-i-skotland,/privatlivspolitik,chrome,1
/skotland/sommer-i-skotland,/rejseforsikring,chrome,1
/skotland/sommer-i-skotland,/rejsekalender,chrome,1
/skotland/sommer-i-skotland,/skotland,chrome,1
/skotland/sommer-i-skotland,/transformation,chrome,1
/skotland/vandreferie-i-skotland,/,chrome,1
/skotland/vandreferie-i-skotland,/booking/travel/48023/4912/accommodation,content,0
/skotland/vandreferie-i-skotland,/booking/travel/48023/4913/accommodation,content,0
/skotland/vandreferie-i-skotland,/cookie-politik,chrome,1
/skotland/vandreferie-i-skotland,/faq,chrome,1
/skotland/vandreferie-i-skotland,/gavekort,chrome,1
/skotland/vandreferie-i-skotland,/historiske-rejser,content,1
/skotland/vandreferie-i-skotland,/katalog,chrome,1
/skotland/vandreferie-i-skotland,/naturrejser,content,1
/skotland/vandreferie-i-skotland,/nyhedsbrev,chrome,1
/skotland/vandreferie-i-skotland,/om-os/kontakt,chrome,1
/skotland/vandreferie-i-skotland,/om-os/medarbejdere,chrome,1
/skotland/vandreferie-i-skotland,/om-os/rejseledere,chrome,1
/skotland/vandreferie-i-skotland,/privatlivspolitik,chrome,1
/skotland/vandreferie-i-skotland,/rejseforsikring,chrome,1
/skotland/vandreferie-i-skotland,/rejsekalender,chrome,1
/skotland/vandreferie-i-skotland,/skotland,chrome,1
/skotland/vandreferie-i-skotland,/skotland/edinburgh,content,1
/skotland/vandreferie-i-skotland,/transformation,chrome,1
/slovenien,/,chrome,1
/slovenien,/cookie-politik,chrome,1
/slovenien,/europa,content,1
/slovenien,/faq,chrome,1
/slovenien,/flodkrydstogter/flodkrydstogt-paa-donaufloden,content,1
/slovenien,/gavekort,chrome,1
/slovenien,/katalog,chrome,1
/slovenien,/kulturrejser,content,1
/slovenien,/naturrejser,content,1
/slovenien,/nyhedsbrev,chrome,1
/slovenien,/om-os/kontakt,chrome,1
/slovenien,/om-os/medarbejdere,chrome,1
/slovenien,/om-os/rejseledere,chrome,1
/slovenien,/privatlivspolitik,chrome,1
/slovenien,/rejseforsikring,chrome,1
/slovenien,/rejsekalender,chrome,1
/slovenien,/slovenien/ljubljana-og-de-slovenske-perler,content,1
/slovenien,/transformation,chrome,1
/slovenien,/vandreferier,content,1
/slovenien,/vinrejser,content,1
/slovenien/ljubljana-og-de-slovenske-perler,/,chrome,1
/slovenien/ljubljana-og-de-slovenske-perler,/cookie-politik,chrome,1
/slovenien/ljubljana-og-de-slovenske-perler,/europa,content,1
/slovenien/ljubljana-og-de-slovenske-perler,/faq,chrome,1
/slovenien/ljubljana-og-de-slovenske-perler,/frankrig,content,1
/slovenien/ljubljana-og-de-slovenske-perler,/gavekort,chrome,1
/slovenien/ljubljana-og-de-slovenske-perler,/italien,content,1
/slovenien/ljubljana-og-de-slovenske-perler,/katalog,chrome,1
/slovenien/ljubljana-og-de-slovenske-perler,/naturrejser,content,1
/slovenien/ljubljana-og-de-slovenske-perler,/nyhedsbrev,chrome,1
/slovenien/ljubljana-og-de-slovenske-perler,/oestrig,content,1
/slovenien/ljubljana-og-de-slovenske-perler,/om-os/kontakt,chrome,1
/slovenien/ljubljana-og-de-slovenske-perler,/om-os/medarbejdere,chrome,1
/slovenien/ljubljana-og-de-slovenske-perler,/om-os/rejseledere,chrome,1
/slovenien/ljubljana-og-de-slovenske-perler,/privatlivspolitik,chrome,1
/slovenien/ljubljana-og-de-slovenske-perler,/rejseforsikring,chrome,1
/slovenien/ljubljana-og-de-slovenske-perler,/rejsekalender,chrome,1
/slovenien/ljubljana-og-de-slovenske-perler,/slovenien,chrome,1
/slovenien/ljubljana-og-de-slovenske-perler,/transformation,chrome,1
/slovenien/ljubljana-og-de-slovenske-perler,/tyskland,content,1
/sommerrejser,/,chrome,1
/sommerrejser,/cookie-politik,chrome,1
/sommerrejser,/faq,chrome,1
/sommerrejser,/flodkrydstogter/flodkrydstogt-paa-rhone-floden,content,1
/sommerrejser,/gavekort,chrome,1
/sommerrejser,/italien/amalfi-a-la-carte,content,1
/sommerrejser,/italien/vidunderlige-amalfi,content,1
/sommerrejser,/italien/vidunderlige-norditalien,content,1
/sommerrejser,/katalog,chrome,1
/sommerrejser,/nyhedsbrev,chrome,1
/sommerrejser,/om-os/kontakt,chrome,1
/sommerrejser,/om-os/medarbejdere,chrome,1
/sommerrejser,/om-os/rejseledere,chrome,1
/sommerrejser,/privatlivspolitik,chrome,1
/sommerrejser,/rejseforsikring,chrome,1
/sommerrejser,/rejsekalender,chrome,1
/sommerrejser,/sverige/gotland-svensk-sommeridyl,content,1
/sommerrejser,/transformation,chrome,1
/spanien,/,chrome,1
/spanien,/afrika,content,1
/spanien,/asien,content,1
/spanien,/cookie-politik,chrome,1
/spanien,/europa,content,1
/spanien,/faq,chrome,1
/spanien,/flodkrydstogter/douro-deluxe-flodkrydstogt-paa-dourofloden,content,1
/spanien,/gavekort,chrome,1
/spanien,/historiske-rejser,content,1
/spanien,/katalog,chrome,1
/spanien,/kulturrejser,content,1
/spanien,/madrejser,content,1
/spanien,/naturrejser,content,1
/spanien,/nyhedsbrev,chrome,1
/spanien,/om-os/kontakt,chrome,1
/spanien,/om-os/medarbejdere,chrome,1
/spanien,/om-os/rejseledere,chrome,1
/spanien,/privatlivspolitik,chrome,1
/spanien,/rejseforsikring,chrome,1
/spanien,/rejsekalender,chrome,1
/spanien,/spanien/andalusien,content,1
/spanien,/spanien/andalusien-til-saerpris,content,1
/spanien,/spanien/andalusiens-herligheder,content,1
/spanien,/spanien/andalusiens-lys-med-cadiz-og-sevilla,content,1
/spanien,/spanien/autentiske-catalonien-og-costa-brava,content,1
/spanien,/spanien/barcelona,content,1
/spanien,/spanien/bilbao,content,1
/spanien,/spanien/caminoen,content,1
/spanien,/spanien/det-gode-liv-langtidsferie-i-andalusien,content,1
/spanien,/spanien/fra-bilbao-til-bordeaux-en-kulturel-rejse-gennem-baskerland-og-sydfrankrig,content,1
/spanien,/spanien/fra-bilbao-til-toulouse,content,1
/spanien,/spanien/granada,content,1
/spanien,/spanien/madrid,content,1
/spanien,/spanien/madrid-spaniens-hjerte,content,1
/spanien,/spanien/malaga,content,1
/spanien,/spanien/maleriske-mallorca,content,1
/spanien,/spanien/mallorca,content,1
/spanien,/spanien/rundrejse-i-andalusien-med-tog,content,1
/spanien,/spanien/san-sebastian,content,1
/spanien,/spanien/solformoerkelse-i-spanien-bilbao,content,1
/spanien,/spanien/solformoerkelse-i-spanien-med-astrofysiker-michael-linden-voernle,content,1
/spanien,/spanien/solformoerkelse-i-spanien-valencia,content,1
/spanien,/spanien/tenerife,content,1
/spanien,/spanien/tenerife-det-evige-foraars-oe,content,1
/spanien,/spanien/vandreferie-paa-caminoen,content,1
/spanien,/storbyferier,content,1
/spanien,/transformation,chrome,1
/spanien,/vinrejser,content,1
/spanien/andalusien,/,chrome,1
/spanien/andalusien,/cookie-politik,chrome,1
/spanien/andalusien,/europa,content,1
/spanien/andalusien,/faq,chrome,1
/spanien/andalusien,/gavekort,chrome,1
/spanien/andalusien,/historiske-rejser,content,1
/spanien/andalusien,/katalog,chrome,1
/spanien/andalusien,/kulturrejser,content,1
/spanien/andalusien,/naturrejser,content,1
/spanien/andalusien,/nyhedsbrev,chrome,1
/spanien/andalusien,/om-os/kontakt,chrome,1
/spanien/andalusien,/om-os/medarbejdere,chrome,1
/spanien/andalusien,/om-os/rejseledere,chrome,1
/spanien/andalusien,/privatlivspolitik,chrome,1
/spanien/andalusien,/rejseforsikring,chrome,1
/spanien/andalusien,/rejsekalender,chrome,1
/spanien/andalusien,/spanien,chrome,1
/spanien/andalusien,/spanien/andalusien-til-saerpris,content,1
/spanien/andalusien,/spanien/andalusiens-herligheder,content,1
/spanien/andalusien,/spanien/andalusiens-lys-med-cadiz-og-sevilla,content,1
/spanien/andalusien,/spanien/det-gode-liv-langtidsferie-i-andalusien,content,1
/spanien/andalusien,/spanien/granada,content,1
/spanien/andalusien,/spanien/ronda,content,1
/spanien/andalusien,/spanien/rundrejse-i-andalusien-med-tog,content,1
/spanien/andalusien,/transformation,chrome,1
/spanien/andalusien-til-saerpris,/,chrome,1
/spanien/andalusien-til-saerpris,/cookie-politik,chrome,1
/spanien/andalusien-til-saerpris,/faq,chrome,1
/spanien/andalusien-til-saerpris,/gavekort,chrome,1
/spanien/andalusien-til-saerpris,/historiske-rejser,content,1
/spanien/andalusien-til-saerpris,/katalog,chrome,1
/spanien/andalusien-til-saerpris,/kulturrejser,content,1
/spanien/andalusien-til-saerpris,/madrejser,content,1
/spanien/andalusien-til-saerpris,/naturrejser,content,1
/spanien/andalusien-til-saerpris,/nyhedsbrev,chrome,1
/spanien/andalusien-til-saerpris,/om-os/kontakt,chrome,1
/spanien/andalusien-til-saerpris,/om-os/medarbejdere,chrome,1
/spanien/andalusien-til-saerpris,/om-os/rejseledere,chrome,1
/spanien/andalusien-til-saerpris,/privatlivspolitik,chrome,1
/spanien/andalusien-til-saerpris,/rejseforsikring,chrome,1
/spanien/andalusien-til-saerpris,/rejsekalender,chrome,1
/spanien/andalusien-til-saerpris,/spanien,chrome,1
/spanien/andalusien-til-saerpris,/spanien/andalusien,content,1
/spanien/andalusien-til-saerpris,/spanien/granada,content,1
/spanien/andalusien-til-saerpris,/spanien/malaga,content,1
/spanien/andalusien-til-saerpris,/transformation,chrome,1
/spanien/andalusiens-herligheder,/,chrome,1
/spanien/andalusiens-herligheder,/booking/travel/48172/5094/accommodation,content,0
/spanien/andalusiens-herligheder,/booking/travel/65428/7993/accommodation,content,0
/spanien/andalusiens-herligheder,/cookie-politik,chrome,1
/spanien/andalusiens-herligheder,/faq,chrome,1
/spanien/andalusiens-herligheder,/gavekort,chrome,1
/spanien/andalusiens-herligheder,/historiske-rejser,content,1
/spanien/andalusiens-herligheder,/katalog,chrome,1
/spanien/andalusiens-herligheder,/nyhedsbrev,chrome,1
/spanien/andalusiens-herligheder,/om-os/kontakt,chrome,1
/spanien/andalusiens-herligheder,/om-os/medarbejdere,chrome,1
/spanien/andalusiens-herligheder,/om-os/rejseledere,chrome,1
/spanien/andalusiens-herligheder,/privatlivspolitik,chrome,1
/spanien/andalusiens-herligheder,/rejseforsikring,chrome,1
/spanien/andalusiens-herligheder,/rejsekalender,chrome,1
/spanien/andalusiens-herligheder,/spanien,chrome,1
/spanien/andalusiens-herligheder,/spanien/andalusien,content,1
/spanien/andalusiens-herligheder,/spanien/granada,content,1
/spanien/andalusiens-herligheder,/spanien/granada/alhambra,content,1
/spanien/andalusiens-herligheder,/transformation,chrome,1
/spanien/andalusiens-lys-med-cadiz-og-sevilla,/,chrome,1
/spanien/andalusiens-lys-med-cadiz-og-sevilla,/booking/travel/48104/5008/accommodation,content,0
/spanien/andalusiens-lys-med-cadiz-og-sevilla,/booking/travel/62927/6887/accommodation,content,0
/spanien/andalusiens-lys-med-cadiz-og-sevilla,/cookie-politik,chrome,1
/spanien/andalusiens-lys-med-cadiz-og-sevilla,/faq,chrome,1
/spanien/andalusiens-lys-med-cadiz-og-sevilla,/gavekort,chrome,1
/spanien/andalusiens-lys-med-cadiz-og-sevilla,/katalog,chrome,1
/spanien/andalusiens-lys-med-cadiz-og-sevilla,/nyhedsbrev,chrome,1
/spanien/andalusiens-lys-med-cadiz-og-sevilla,/om-os/kontakt,chrome,1
/spanien/andalusiens-lys-med-cadiz-og-sevilla,/om-os/medarbejdere,chrome,1
/spanien/andalusiens-lys-med-cadiz-og-sevilla,/om-os/rejseledere,chrome,1
/spanien/andalusiens-lys-med-cadiz-og-sevilla,/privatlivspolitik,chrome,1
/spanien/andalusiens-lys-med-cadiz-og-sevilla,/rejseforsikring,chrome,1
/spanien/andalusiens-lys-med-cadiz-og-sevilla,/rejsekalender,chrome,1
/spanien/andalusiens-lys-med-cadiz-og-sevilla,/spanien,chrome,1
/spanien/andalusiens-lys-med-cadiz-og-sevilla,/transformation,chrome,1
/spanien/autentiske-catalonien-og-costa-brava,/,chrome,1
/spanien/autentiske-catalonien-og-costa-brava,/blog/cataloniens-mad-og-vin,content,1
/spanien/autentiske-catalonien-og-costa-brava,/booking/travel/62989/6979/accommodation,content,0
/spanien/autentiske-catalonien-og-costa-brava,/booking/travel/62990/6980/accommodation,content,0
/spanien/autentiske-catalonien-og-costa-brava,/booking/travel/62991/6981/accommodation,content,0
/spanien/autentiske-catalonien-og-costa-brava,/booking/travel/62992/6982/accommodation,content,0
/spanien/autentiske-catalonien-og-costa-brava,/cookie-politik,chrome,1
/spanien/autentiske-catalonien-og-costa-brava,/faq,chrome,1
/spanien/autentiske-catalonien-og-costa-brava,/gavekort,chrome,1
/spanien/autentiske-catalonien-og-costa-brava,/katalog,chrome,1
/spanien/autentiske-catalonien-og-costa-brava,/nyhedsbrev,chrome,1
/spanien/autentiske-catalonien-og-costa-brava,/om-os/kontakt,chrome,1
/spanien/autentiske-catalonien-og-costa-brava,/om-os/medarbejdere,chrome,1
/spanien/autentiske-catalonien-og-costa-brava,/om-os/rejseledere,chrome,1
/spanien/autentiske-catalonien-og-costa-brava,/privatlivspolitik,chrome,1
/spanien/autentiske-catalonien-og-costa-brava,/rejseforsikring,chrome,1
/spanien/autentiske-catalonien-og-costa-brava,/rejsekalender,chrome,1
/spanien/autentiske-catalonien-og-costa-brava,/spanien,chrome,1
/spanien/autentiske-catalonien-og-costa-brava,/spanien/barcelona,content,1
/spanien/autentiske-catalonien-og-costa-brava,/transformation,chrome,1
/spanien/barcelona,/,chrome,1
/spanien/barcelona,/cookie-politik,chrome,1
/spanien/barcelona,/europa,content,1
/spanien/barcelona,/faq,chrome,1
/spanien/barcelona,/gavekort,chrome,1
/spanien/barcelona,/historiske-rejser,content,1
/spanien/barcelona,/katalog,chrome,1
/spanien/barcelona,/kulturrejser,content,1
/spanien/barcelona,/madrejser/gastronomirejser,content,1
/spanien/barcelona,/musik-og-underholdning/koncert-rejser,content,1
/spanien/barcelona,/naturrejser,content,1
/spanien/barcelona,/naturrejser/haverejser,content,1
/spanien/barcelona,/nyhedsbrev,chrome,1
/spanien/barcelona,/om-os/kontakt,chrome,1
/spanien/barcelona,/om-os/medarbejdere,chrome,1
/spanien/barcelona,/om-os/rejseledere,chrome,1
/spanien/barcelona,/privatlivspolitik,chrome,1
/spanien/barcelona,/rejseforsikring,chrome,1
/spanien/barcelona,/rejsekalender,chrome,1
/spanien/barcelona,/spanien,chrome,1
/spanien/barcelona,/storbyferier,content,1
/spanien/barcelona,/transformation,chrome,1
/spanien/barcelona,/vandreferier,content,1
/spanien/bilbao,/,chrome,1
/spanien/bilbao,/cookie-politik,chrome,1
/spanien/bilbao,/europa,content,1
/spanien/bilbao,/faq,chrome,1
/spanien/bilbao,/gavekort,chrome,1
/spanien/bilbao,/historiske-rejser,content,1
/spanien/bilbao,/katalog,chrome,1
/spanien/bilbao,/kulturrejser,content,1
/spanien/bilbao,/madrejser,content,1
/spanien/bilbao,/madrejser/gastronomirejser,content,1
/spanien/bilbao,/musik-og-underholdning/koncert-rejser,content,1
/spanien/bilbao,/nyhedsbrev,chrome,1
/spanien/bilbao,/om-os/kontakt,chrome,1
/spanien/bilbao,/om-os/medarbejdere,chrome,1
/spanien/bilbao,/om-os/rejseledere,chrome,1
/spanien/bilbao,/privatlivspolitik,chrome,1
/spanien/bilbao,/rejseforsikring,chrome,1
/spanien/bilbao,/rejsekalender,chrome,1
/spanien/bilbao,/spanien,chrome,1
/spanien/bilbao,/spanien/fra-bilbao-til-bordeaux-en-kulturel-rejse-gennem-baskerland-og-sydfrankrig,content,1
/spanien/bilbao,/spanien/fra-bilbao-til-toulouse,content,1
/spanien/bilbao,/spanien/solformoerkelse-i-spanien-bilbao,content,1
/spanien/bilbao,/spanien/vandreferie-paa-caminoen,content,1
/spanien/bilbao,/transformation,chrome,1
/spanien/bilbao,/vandreferier,content,1
/spanien/caminoen,/,chrome,1
/spanien/caminoen,/cookie-politik,chrome,1
/spanien/caminoen,/europa,content,1
/spanien/caminoen,/faq,chrome,1
/spanien/caminoen,/gavekort,chrome,1
/spanien/caminoen,/historiske-rejser,content,1
/spanien/caminoen,/katalog,chrome,1
/spanien/caminoen,/kulturrejser,content,1
/spanien/caminoen,/madrejser/gastronomirejser,content,1
/spanien/caminoen,/naturrejser,content,1
/spanien/caminoen,/nyhedsbrev,chrome,1
/spanien/caminoen,/om-os/kontakt,chrome,1
/spanien/caminoen,/om-os/medarbejdere,chrome,1
/spanien/caminoen,/om-os/rejseledere,chrome,1
/spanien/caminoen,/privatlivspolitik,chrome,1
/spanien/caminoen,/rejseforsikring,chrome,1
/spanien/caminoen,/rejsekalender,chrome,1
/spanien/caminoen,/spanien,chrome,1
/spanien/caminoen,/spanien/san-sebastian,content,1
/spanien/caminoen,/spanien/vandreferie-paa-caminoen,content,1
/spanien/caminoen,/transformation,chrome,1
/spanien/caminoen,/vandreferier,content,1
/spanien/caminoen,/vinrejser,content,1
/spanien/det-gode-liv-langtidsferie-i-andalusien,/,chrome,1
/spanien/det-gode-liv-langtidsferie-i-andalusien,/booking/travel/62460/6366/accommodation,content,0
/spanien/det-gode-liv-langtidsferie-i-andalusien,/booking/travel/62460/6792/accommodation,content,0
/spanien/det-gode-liv-langtidsferie-i-andalusien,/cookie-politik,chrome,1
/spanien/det-gode-liv-langtidsferie-i-andalusien,/faq,chrome,1
/spanien/det-gode-liv-langtidsferie-i-andalusien,/gavekort,chrome,1
/spanien/det-gode-liv-langtidsferie-i-andalusien,/katalog,chrome,1
/spanien/det-gode-liv-langtidsferie-i-andalusien,/nyhedsbrev,chrome,1
/spanien/det-gode-liv-langtidsferie-i-andalusien,/om-os/kontakt,chrome,1
/spanien/det-gode-liv-langtidsferie-i-andalusien,/om-os/medarbejdere,chrome,1
/spanien/det-gode-liv-langtidsferie-i-andalusien,/om-os/rejseledere,chrome,1
/spanien/det-gode-liv-langtidsferie-i-andalusien,/privatlivspolitik,chrome,1
/spanien/det-gode-liv-langtidsferie-i-andalusien,/rejseforsikring,chrome,1
/spanien/det-gode-liv-langtidsferie-i-andalusien,/rejsekalender,chrome,1
/spanien/det-gode-liv-langtidsferie-i-andalusien,/spanien,chrome,1
/spanien/det-gode-liv-langtidsferie-i-andalusien,/spanien/andalusien,content,1
/spanien/det-gode-liv-langtidsferie-i-andalusien,/spanien/malaga,content,1
/spanien/det-gode-liv-langtidsferie-i-andalusien,/spanien/ronda,content,1
/spanien/det-gode-liv-langtidsferie-i-andalusien,/transformation,chrome,1
/spanien/fra-bilbao-til-bordeaux-en-kulturel-rejse-gennem-baskerland-og-sydfrankrig,/,chrome,1
/spanien/fra-bilbao-til-bordeaux-en-kulturel-rejse-gennem-baskerland-og-sydfrankrig,/booking/travel/62329/6184/accommodation,content,0
/spanien/fra-bilbao-til-bordeaux-en-kulturel-rejse-gennem-baskerland-og-sydfrankrig,/cookie-politik,chrome,1
/spanien/fra-bilbao-til-bordeaux-en-kulturel-rejse-gennem-baskerland-og-sydfrankrig,/faq,chrome,1
/spanien/fra-bilbao-til-bordeaux-en-kulturel-rejse-gennem-baskerland-og-sydfrankrig,/gavekort,chrome,1
/spanien/fra-bilbao-til-bordeaux-en-kulturel-rejse-gennem-baskerland-og-sydfrankrig,/katalog,chrome,1
/spanien/fra-bilbao-til-bordeaux-en-kulturel-rejse-gennem-baskerland-og-sydfrankrig,/nyhedsbrev,chrome,1
/spanien/fra-bilbao-til-bordeaux-en-kulturel-rejse-gennem-baskerland-og-sydfrankrig,/om-os/kontakt,chrome,1
/spanien/fra-bilbao-til-bordeaux-en-kulturel-rejse-gennem-baskerland-og-sydfrankrig,/om-os/medarbejdere,chrome,1
/spanien/fra-bilbao-til-bordeaux-en-kulturel-rejse-gennem-baskerland-og-sydfrankrig,/om-os/rejseledere,chrome,1
/spanien/fra-bilbao-til-bordeaux-en-kulturel-rejse-gennem-baskerland-og-sydfrankrig,/privatlivspolitik,chrome,1
/spanien/fra-bilbao-til-bordeaux-en-kulturel-rejse-gennem-baskerland-og-sydfrankrig,/rejseforsikring,chrome,1
/spanien/fra-bilbao-til-bordeaux-en-kulturel-rejse-gennem-baskerland-og-sydfrankrig,/rejsekalender,chrome,1
/spanien/fra-bilbao-til-bordeaux-en-kulturel-rejse-gennem-baskerland-og-sydfrankrig,/spanien,chrome,1
/spanien/fra-bilbao-til-bordeaux-en-kulturel-rejse-gennem-baskerland-og-sydfrankrig,/transformation,chrome,1
/spanien/fra-bilbao-til-toulouse,/,chrome,1
/spanien/fra-bilbao-til-toulouse,/cookie-politik,chrome,1
/spanien/fra-bilbao-til-toulouse,/faq,chrome,1
/spanien/fra-bilbao-til-toulouse,/frankrig,content,1
/spanien/fra-bilbao-til-toulouse,/gavekort,chrome,1
/spanien/fra-bilbao-til-toulouse,/historiske-rejser,content,1
/spanien/fra-bilbao-til-toulouse,/katalog,chrome,1
/spanien/fra-bilbao-til-toulouse,/madrejser,content,1
/spanien/fra-bilbao-til-toulouse,/madrejser/gastronomirejser,content,1
/spanien/fra-bilbao-til-toulouse,/naturrejser,content,1
/spanien/fra-bilbao-til-toulouse,/nyhedsbrev,chrome,1
/spanien/fra-bilbao-til-toulouse,/om-os/kontakt,chrome,1
/spanien/fra-bilbao-til-toulouse,/om-os/medarbejdere,chrome,1
/spanien/fra-bilbao-til-toulouse,/om-os/rejseledere,chrome,1
/spanien/fra-bilbao-til-toulouse,/privatlivspolitik,chrome,1
/spanien/fra-bilbao-til-toulouse,/rejseforsikring,chrome,1
/spanien/fra-bilbao-til-toulouse,/rejsekalender,chrome,1
/spanien/fra-bilbao-til-toulouse,/spanien,chrome,1
/spanien/fra-bilbao-til-toulouse,/spanien/bilbao,content,1
/spanien/fra-bilbao-til-toulouse,/spanien/san-sebastian,content,1
/spanien/fra-bilbao-til-toulouse,/transformation,chrome,1
/spanien/fra-bilbao-til-toulouse,/vinrejser,content,1
/spanien/granada,/,chrome,1
/spanien/granada,/cookie-politik,chrome,1
/spanien/granada,/faq,chrome,1
/spanien/granada,/gavekort,chrome,1
/spanien/granada,/historiske-rejser,content,1
/spanien/granada,/katalog,chrome,1
/spanien/granada,/kulturrejser,content,1
/spanien/granada,/nyhedsbrev,chrome,1
/spanien/granada,/om-os/kontakt,chrome,1
/spanien/granada,/om-os/medarbejdere,chrome,1
/spanien/granada,/om-os/rejseledere,chrome,1
/spanien/granada,/privatlivspolitik,chrome,1
/spanien/granada,/rejseforsikring,chrome,1
/spanien/granada,/rejsekalender,chrome,1
/spanien/granada,/spanien,chrome,1
/spanien/granada,/spanien/andalusien,content,1
/spanien/granada,/spanien/andalusien-til-saerpris,content,1
/spanien/granada,/spanien/andalusiens-herligheder,content,1
/spanien/granada,/spanien/granada/alhambra,content,1
/spanien/granada,/spanien/rundrejse-i-andalusien-med-tog,content,1
/spanien/granada,/transformation,chrome,1
/spanien/granada/alhambra,/,chrome,1
/spanien/granada/alhambra,/cookie-politik,chrome,1
/spanien/granada/alhambra,/faq,chrome,1
/spanien/granada/alhambra,/gavekort,chrome,1
/spanien/granada/alhambra,/historiske-rejser,content,1
/spanien/granada/alhambra,/katalog,chrome,1
/spanien/granada/alhambra,/kulturrejser,content,1
/spanien/granada/alhambra,/nyhedsbrev,chrome,1
/spanien/granada/alhambra,/om-os/kontakt,chrome,1
/spanien/granada/alhambra,/om-os/medarbejdere,chrome,1
/spanien/granada/alhambra,/om-os/rejseledere,chrome,1
/spanien/granada/alhambra,/privatlivspolitik,chrome,1
/spanien/granada/alhambra,/rejseforsikring,chrome,1
/spanien/granada/alhambra,/rejsekalender,chrome,1
/spanien/granada/alhambra,/spanien,chrome,1
/spanien/granada/alhambra,/spanien/andalusien,content,1
/spanien/granada/alhambra,/spanien/andalusiens-herligheder,content,1
/spanien/granada/alhambra,/spanien/granada,chrome,1
/spanien/granada/alhambra,/transformation,chrome,1
/spanien/madrid,/,chrome,1
/spanien/madrid,/cookie-politik,chrome,1
/spanien/madrid,/faq,chrome,1
/spanien/madrid,/gavekort,chrome,1
/spanien/madrid,/historiske-rejser,content,1
/spanien/madrid,/katalog,chrome,1
/spanien/madrid,/kulturrejser,content,1
/spanien/madrid,/madrejser/gastronomirejser,content,1
/spanien/madrid,/musik-og-underholdning/koncert-rejser,content,1
/spanien/madrid,/nyhedsbrev,chrome,1
/spanien/madrid,/om-os/kontakt,chrome,1
/spanien/madrid,/om-os/medarbejdere,chrome,1
/spanien/madrid,/om-os/rejseledere,chrome,1
/spanien/madrid,/privatlivspolitik,chrome,1
/spanien/madrid,/rejseforsikring,chrome,1
/spanien/madrid,/rejsekalender,chrome,1
/spanien/madrid,/spanien,chrome,1
/spanien/madrid,/spanien/madrid-spaniens-hjerte,content,1
/spanien/madrid,/storbyferier,content,1
/spanien/madrid,/transformation,chrome,1
/spanien/madrid,/vinrejser,content,1
/spanien/madrid-spaniens-hjerte,/,chrome,1
/spanien/madrid-spaniens-hjerte,/booking/travel/48088/4990/accommodation,content,0
/spanien/madrid-spaniens-hjerte,/booking/travel/62924/6883/accommodation,content,0
/spanien/madrid-spaniens-hjerte,/booking/travel/62925/6884/accommodation,content,0
/spanien/madrid-spaniens-hjerte,/booking/travel/62926/6885/accommodation,content,0
/spanien/madrid-spaniens-hjerte,/cookie-politik,chrome,1
/spanien/madrid-spaniens-hjerte,/europa,content,1
/spanien/madrid-spaniens-hjerte,/faq,chrome,1
/spanien/madrid-spaniens-hjerte,/gavekort,chrome,1
/spanien/madrid-spaniens-hjerte,/katalog,chrome,1
/spanien/madrid-spaniens-hjerte,/kulturrejser,content,1
/spanien/madrid-spaniens-hjerte,/nyhedsbrev,chrome,1
/spanien/madrid-spaniens-hjerte,/om-os/kontakt,chrome,1
/spanien/madrid-spaniens-hjerte,/om-os/medarbejdere,chrome,1
/spanien/madrid-spaniens-hjerte,/om-os/rejseledere,chrome,1
/spanien/madrid-spaniens-hjerte,/privatlivspolitik,chrome,1
/spanien/madrid-spaniens-hjerte,/rejseforsikring,chrome,1
/spanien/madrid-spaniens-hjerte,/rejsekalender,chrome,1
/spanien/madrid-spaniens-hjerte,/spanien,chrome,1
/spanien/madrid-spaniens-hjerte,/spanien/madrid,content,1
/spanien/madrid-spaniens-hjerte,/transformation,chrome,1
/spanien/malaga,/,chrome,1
/spanien/malaga,/cookie-politik,chrome,1
/spanien/malaga,/faq,chrome,1
/spanien/malaga,/gavekort,chrome,1
/spanien/malaga,/katalog,chrome,1
/spanien/malaga,/nyhedsbrev,chrome,1
/spanien/malaga,/om-os/kontakt,chrome,1
/spanien/malaga,/om-os/medarbejdere,chrome,1
/spanien/malaga,/om-os/rejseledere,chrome,1
/spanien/malaga,/privatlivspolitik,chrome,1
/spanien/malaga,/rejseforsikring,chrome,1
/spanien/malaga,/rejsekalender,chrome,1
/spanien/malaga,/spanien,chrome,1
/spanien/malaga,/spanien/andalusien-til-saerpris,content,1
/spanien/malaga,/spanien/rundrejse-i-andalusien-med-tog,content,1
/spanien/malaga,/transformation,chrome,1
/spanien/maleriske-mallorca,/,chrome,1
/spanien/maleriske-mallorca,/cookie-politik,chrome,1
/spanien/maleriske-mallorca,/europa,content,1
/spanien/maleriske-mallorca,/faq,chrome,1
/spanien/maleriske-mallorca,/gavekort,chrome,1
/spanien/maleriske-mallorca,/katalog,chrome,1
/spanien/maleriske-mallorca,/naturrejser,content,1
/spanien/maleriske-mallorca,/nyhedsbrev,chrome,1
/spanien/maleriske-mallorca,/om-os/kontakt,chrome,1
/spanien/maleriske-mallorca,/om-os/medarbejdere,chrome,1
/spanien/maleriske-mallorca,/om-os/rejseledere,chrome,1
/spanien/maleriske-mallorca,/privatlivspolitik,chrome,1
/spanien/maleriske-mallorca,/rejseforsikring,chrome,1
/spanien/maleriske-mallorca,/rejsekalender,chrome,1
/spanien/maleriske-mallorca,/spanien,chrome,1
/spanien/maleriske-mallorca,/spanien/mallorca,content,1
/spanien/maleriske-mallorca,/spanien/mallorca/palma,content,1
/spanien/maleriske-mallorca,/spanien/mallorca/soller,content,1
/spanien/maleriske-mallorca,/transformation,chrome,1
/spanien/mallorca,/,chrome,1
/spanien/mallorca,/cookie-politik,chrome,1
/spanien/mallorca,/europa,content,1
/spanien/mallorca,/faq,chrome,1
/spanien/mallorca,/gavekort,chrome,1
/spanien/mallorca,/katalog,chrome,1
/spanien/mallorca,/kulturrejser,content,1
/spanien/mallorca,/naturrejser,content,1
/spanien/mallorca,/nyhedsbrev,chrome,1
/spanien/mallorca,/om-os/kontakt,chrome,1
/spanien/mallorca,/om-os/medarbejdere,chrome,1
/spanien/mallorca,/om-os/rejseledere,chrome,1
/spanien/mallorca,/privatlivspolitik,chrome,1
/spanien/mallorca,/rejseforsikring,chrome,1
/spanien/mallorca,/rejsekalender,chrome,1
/spanien/mallorca,/sommerrejser,content,1
/spanien/mallorca,/spanien,chrome,1
/spanien/mallorca,/spanien/maleriske-mallorca,content,1
/spanien/mallorca,/transformation,chrome,1
/spanien/mallorca,/vandreferier,content,1
/spanien/mallorca,/vinrejser,content,1
/spanien/mallorca/palma,/,chrome,1
/spanien/mallorca/palma,/cookie-politik,chrome,1
/spanien/mallorca/palma,/europa,content,1
/spanien/mallorca/palma,/faq,chrome,1
/spanien/mallorca/palma,/gavekort,chrome,1
/spanien/mallorca/palma,/katalog,chrome,1
/spanien/mallorca/palma,/madrejser,content,1
/spanien/mallorca/palma,/naturrejser,content,1
/spanien/mallorca/palma,/nyhedsbrev,chrome,1
/spanien/mallorca/palma,/om-os/kontakt,chrome,1
/spanien/mallorca/palma,/om-os/medarbejdere,chrome,1
/spanien/mallorca/palma,/om-os/rejseledere,chrome,1
/spanien/mallorca/palma,/privatlivspolitik,chrome,1
/spanien/mallorca/palma,/rejseforsikring,chrome,1
/spanien/mallorca/palma,/rejsekalender,chrome,1
/spanien/mallorca/palma,/spanien,chrome,1
/spanien/mallorca/palma,/spanien/maleriske-mallorca,content,1
/spanien/mallorca/palma,/spanien/mallorca,chrome,1
/spanien/mallorca/palma,/transformation,chrome,1
/spanien/mallorca/palma,/vandreferier,content,1
/spanien/mallorca/soller,/,chrome,1
/spanien/mallorca/soller,/cookie-politik,chrome,1
/spanien/mallorca/soller,/europa,content,1
/spanien/mallorca/soller,/faq,chrome,1
/spanien/mallorca/soller,/gavekort,chrome,1
/spanien/mallorca/soller,/katalog,chrome,1
/spanien/mallorca/soller,/musik-og-underholdning,content,1
/spanien/mallorca/soller,/naturrejser,content,1
/spanien/mallorca/soller,/nyhedsbrev,chrome,1
/spanien/mallorca/soller,/om-os/kontakt,chrome,1
/spanien/mallorca/soller,/om-os/medarbejdere,chrome,1
/spanien/mallorca/soller,/om-os/rejseledere,chrome,1
/spanien/mallorca/soller,/privatlivspolitik,chrome,1
/spanien/mallorca/soller,/rejseforsikring,chrome,1
/spanien/mallorca/soller,/rejsekalender,chrome,1
/spanien/mallorca/soller,/sommerrejser,content,1
/spanien/mallorca/soller,/spanien,chrome,1
/spanien/mallorca/soller,/spanien/maleriske-mallorca,content,1
/spanien/mallorca/soller,/spanien/mallorca,chrome,1
/spanien/mallorca/soller,/spanien/mallorca/palma,content,1
/spanien/mallorca/soller,/transformation,chrome,1
/spanien/mallorca/soller,/vandreferier,content,1
/spanien/ronda,/,chrome,1
/spanien/ronda,/cookie-politik,chrome,1
/spanien/ronda,/faq,chrome,1
/spanien/ronda,/gavekort,chrome,1
/spanien/ronda,/katalog,chrome,1
/spanien/ronda,/naturrejser,content,1
/spanien/ronda,/nyhedsbrev,chrome,1
/spanien/ronda,/om-os/kontakt,chrome,1
/spanien/ronda,/om-os/medarbejdere,chrome,1
/spanien/ronda,/om-os/rejseledere,chrome,1
/spanien/ronda,/privatlivspolitik,chrome,1
/spanien/ronda,/rejseforsikring,chrome,1
/spanien/ronda,/rejsekalender,chrome,1
/spanien/ronda,/spanien,chrome,1
/spanien/ronda,/transformation,chrome,1
/spanien/ronda,/vandreferier,content,1
/spanien/ronda,/vinrejser,content,1
/spanien/rundrejse-i-andalusien-med-tog,/,chrome,1
/spanien/rundrejse-i-andalusien-med-tog,/booking/travel/62412/6304/accommodation,content,0
/spanien/rundrejse-i-andalusien-med-tog,/cookie-politik,chrome,1
/spanien/rundrejse-i-andalusien-med-tog,/faq,chrome,1
/spanien/rundrejse-i-andalusien-med-tog,/gavekort,chrome,1
/spanien/rundrejse-i-andalusien-med-tog,/katalog,chrome,1
/spanien/rundrejse-i-andalusien-med-tog,/nyhedsbrev,chrome,1
/spanien/rundrejse-i-andalusien-med-tog,/om-os/kontakt,chrome,1
/spanien/rundrejse-i-andalusien-med-tog,/om-os/medarbejdere,chrome,1
/spanien/rundrejse-i-andalusien-med-tog,/om-os/rejseledere,chrome,1
/spanien/rundrejse-i-andalusien-med-tog,/privatlivspolitik,chrome,1
/spanien/rundrejse-i-andalusien-med-tog,/rejseforsikring,chrome,1
/spanien/rundrejse-i-andalusien-med-tog,/rejsekalender,chrome,1
/spanien/rundrejse-i-andalusien-med-tog,/spanien,chrome,1
/spanien/rundrejse-i-andalusien-med-tog,/transformation,chrome,1
/spanien/san-sebastian,/,chrome,1
/spanien/san-sebastian,/cookie-politik,chrome,1
/spanien/san-sebastian,/europa,content,1
/spanien/san-sebastian,/faq,chrome,1
/spanien/san-sebastian,/gavekort,chrome,1
/spanien/san-sebastian,/historiske-rejser,content,1
/spanien/san-sebastian,/jul-og-nytaar/julerejser,content,1
/spanien/san-sebastian,/jul-og-nytaar/nytaars-rejser,content,1
/spanien/san-sebastian,/katalog,chrome,1
/spanien/san-sebastian,/kulturrejser,content,1
/spanien/san-sebastian,/madrejser,content,1
/spanien/san-sebastian,/musik-og-underholdning,content,1
/spanien/san-sebastian,/naturrejser,content,1
/spanien/san-sebastian,/nyhedsbrev,chrome,1
/spanien/san-sebastian,/om-os/kontakt,chrome,1
/spanien/san-sebastian,/om-os/medarbejdere,chrome,1
/spanien/san-sebastian,/om-os/rejseledere,chrome,1
/spanien/san-sebastian,/portugal,content,1
/spanien/san-sebastian,/privatlivspolitik,chrome,1
/spanien/san-sebastian,/rejseforsikring,chrome,1
/spanien/san-sebastian,/rejsekalender,chrome,1
/spanien/san-sebastian,/spanien,chrome,1
/spanien/san-sebastian,/spanien/fra-bilbao-til-bordeaux-en-kulturel-rejse-gennem-baskerland-og-sydfrankrig,content,1
/spanien/san-sebastian,/spanien/fra-bilbao-til-toulouse,content,1
/spanien/san-sebastian,/transformation,chrome,1
/spanien/san-sebastian,/vandreferier,content,1
/spanien/solformoerkelse-i-spanien-bilbao,/,chrome,1
/spanien/solformoerkelse-i-spanien-bilbao,/cookie-politik,chrome,1
/spanien/solformoerkelse-i-spanien-bilbao,/faq,chrome,1
/spanien/solformoerkelse-i-spanien-bilbao,/gavekort,chrome,1
/spanien/solformoerkelse-i-spanien-bilbao,/katalog,chrome,1
/spanien/solformoerkelse-i-spanien-bilbao,/nyhedsbrev,chrome,1
/spanien/solformoerkelse-i-spanien-bilbao,/om-os/kontakt,chrome,1
/spanien/solformoerkelse-i-spanien-bilbao,/om-os/medarbejdere,chrome,1
/spanien/solformoerkelse-i-spanien-bilbao,/om-os/rejseledere,chrome,1
/spanien/solformoerkelse-i-spanien-bilbao,/privatlivspolitik,chrome,1
/spanien/solformoerkelse-i-spanien-bilbao,/rejseforsikring,chrome,1
/spanien/solformoerkelse-i-spanien-bilbao,/rejsekalender,chrome,1
/spanien/solformoerkelse-i-spanien-bilbao,/spanien,chrome,1
/spanien/solformoerkelse-i-spanien-bilbao,/transformation,chrome,1
/spanien/solformoerkelse-i-spanien-med-astrofysiker-michael-linden-voernle,/,chrome,1
/spanien/solformoerkelse-i-spanien-med-astrofysiker-michael-linden-voernle,/cookie-politik,chrome,1
/spanien/solformoerkelse-i-spanien-med-astrofysiker-michael-linden-voernle,/faq,chrome,1
/spanien/solformoerkelse-i-spanien-med-astrofysiker-michael-linden-voernle,/gavekort,chrome,1
/spanien/solformoerkelse-i-spanien-med-astrofysiker-michael-linden-voernle,/katalog,chrome,1
/spanien/solformoerkelse-i-spanien-med-astrofysiker-michael-linden-voernle,/nyhedsbrev,chrome,1
/spanien/solformoerkelse-i-spanien-med-astrofysiker-michael-linden-voernle,/om-os/kontakt,chrome,1
/spanien/solformoerkelse-i-spanien-med-astrofysiker-michael-linden-voernle,/om-os/medarbejdere,chrome,1
/spanien/solformoerkelse-i-spanien-med-astrofysiker-michael-linden-voernle,/om-os/rejseledere,chrome,1
/spanien/solformoerkelse-i-spanien-med-astrofysiker-michael-linden-voernle,/privatlivspolitik,chrome,1
/spanien/solformoerkelse-i-spanien-med-astrofysiker-michael-linden-voernle,/rejseforsikring,chrome,1
/spanien/solformoerkelse-i-spanien-med-astrofysiker-michael-linden-voernle,/rejsekalender,chrome,1
/spanien/solformoerkelse-i-spanien-med-astrofysiker-michael-linden-voernle,/spanien,chrome,1
/spanien/solformoerkelse-i-spanien-med-astrofysiker-michael-linden-voernle,/transformation,chrome,1
/spanien/solformoerkelse-i-spanien-valencia,/,chrome,1
/spanien/solformoerkelse-i-spanien-valencia,/cookie-politik,chrome,1
/spanien/solformoerkelse-i-spanien-valencia,/faq,chrome,1
/spanien/solformoerkelse-i-spanien-valencia,/gavekort,chrome,1
/spanien/solformoerkelse-i-spanien-valencia,/katalog,chrome,1
/spanien/solformoerkelse-i-spanien-valencia,/nyhedsbrev,chrome,1
/spanien/solformoerkelse-i-spanien-valencia,/om-os/kontakt,chrome,1
/spanien/solformoerkelse-i-spanien-valencia,/om-os/medarbejdere,chrome,1
/spanien/solformoerkelse-i-spanien-valencia,/om-os/rejseledere,chrome,1
/spanien/solformoerkelse-i-spanien-valencia,/privatlivspolitik,chrome,1
/spanien/solformoerkelse-i-spanien-valencia,/rejseforsikring,chrome,1
/spanien/solformoerkelse-i-spanien-valencia,/rejsekalender,chrome,1
/spanien/solformoerkelse-i-spanien-valencia,/spanien,chrome,1
/spanien/solformoerkelse-i-spanien-valencia,/transformation,chrome,1
/spanien/tenerife,/,chrome,1
/spanien/tenerife,/afrika,content,1
/spanien/tenerife,/cookie-politik,chrome,1
/spanien/tenerife,/europa,content,1
/spanien/tenerife,/faq,chrome,1
/spanien/tenerife,/gavekort,chrome,1
/spanien/tenerife,/historiske-rejser,content,1
/spanien/tenerife,/katalog,chrome,1
/spanien/tenerife,/naturrejser,content,1
/spanien/tenerife,/nyhedsbrev,chrome,1
/spanien/tenerife,/om-os/kontakt,chrome,1
/spanien/tenerife,/om-os/medarbejdere,chrome,1
/spanien/tenerife,/om-os/rejseledere,chrome,1
/spanien/tenerife,/privatlivspolitik,chrome,1
/spanien/tenerife,/rejseforsikring,chrome,1
/spanien/tenerife,/rejsekalender,chrome,1
/spanien/tenerife,/spanien,chrome,1
/spanien/tenerife,/spanien/tenerife-det-evige-foraars-oe,content,1
/spanien/tenerife,/transformation,chrome,1
/spanien/tenerife,/vandreferier,content,1
/spanien/tenerife-det-evige-foraars-oe,/,chrome,1
/spanien/tenerife-det-evige-foraars-oe,/cookie-politik,chrome,1
/spanien/tenerife-det-evige-foraars-oe,/faq,chrome,1
/spanien/tenerife-det-evige-foraars-oe,/gavekort,chrome,1
/spanien/tenerife-det-evige-foraars-oe,/historiske-rejser,content,1
/spanien/tenerife-det-evige-foraars-oe,/katalog,chrome,1
/spanien/tenerife-det-evige-foraars-oe,/naturrejser,content,1
/spanien/tenerife-det-evige-foraars-oe,/naturrejser/haverejser,content,1
/spanien/tenerife-det-evige-foraars-oe,/nyhedsbrev,chrome,1
/spanien/tenerife-det-evige-foraars-oe,/om-os/kontakt,chrome,1
/spanien/tenerife-det-evige-foraars-oe,/om-os/medarbejdere,chrome,1
/spanien/tenerife-det-evige-foraars-oe,/om-os/rejseledere,chrome,1
/spanien/tenerife-det-evige-foraars-oe,/privatlivspolitik,chrome,1
/spanien/tenerife-det-evige-foraars-oe,/rejseforsikring,chrome,1
/spanien/tenerife-det-evige-foraars-oe,/rejsekalender,chrome,1
/spanien/tenerife-det-evige-foraars-oe,/spanien,chrome,1
/spanien/tenerife-det-evige-foraars-oe,/spanien/tenerife,content,1
/spanien/tenerife-det-evige-foraars-oe,/transformation,chrome,1
/spanien/tenerife-det-evige-foraars-oe,/vandreferier,content,1
/spanien/vandreferie-paa-caminoen,/,chrome,1
/spanien/vandreferie-paa-caminoen,/blog/cataloniens-mad-og-vin,content,1
/spanien/vandreferie-paa-caminoen,/cookie-politik,chrome,1
/spanien/vandreferie-paa-caminoen,/faq,chrome,1
/spanien/vandreferie-paa-caminoen,/gavekort,chrome,1
/spanien/vandreferie-paa-caminoen,/historiske-rejser,content,1
/spanien/vandreferie-paa-caminoen,/katalog,chrome,1
/spanien/vandreferie-paa-caminoen,/nyhedsbrev,chrome,1
/spanien/vandreferie-paa-caminoen,/om-os/kontakt,chrome,1
/spanien/vandreferie-paa-caminoen,/om-os/medarbejdere,chrome,1
/spanien/vandreferie-paa-caminoen,/om-os/rejseledere,chrome,1
/spanien/vandreferie-paa-caminoen,/portugal,content,1
/spanien/vandreferie-paa-caminoen,/portugal/porto,content,1
/spanien/vandreferie-paa-caminoen,/privatlivspolitik,chrome,1
/spanien/vandreferie-paa-caminoen,/rejseforsikring,chrome,1
/spanien/vandreferie-paa-caminoen,/rejsekalender,chrome,1
/spanien/vandreferie-paa-caminoen,/spanien,chrome,1
/spanien/vandreferie-paa-caminoen,/spanien/bilbao,content,1
/spanien/vandreferie-paa-caminoen,/spanien/caminoen,content,1
/spanien/vandreferie-paa-caminoen,/transformation,chrome,1
/spanien/vandreferie-paa-caminoen,/vandreferier,content,1
/spanien/vandreferie-paa-caminoen,/vinrejser,content,1
/sri-lanka,/,chrome,1
/sri-lanka,/cookie-politik,chrome,1
/sri-lanka,/faq,chrome,1
/sri-lanka,/gavekort,chrome,1
/sri-lanka,/katalog,chrome,1
/sri-lanka,/kulturrejser,content,1
/sri-lanka,/naturrejser,content,1
/sri-lanka,/nyhedsbrev,chrome,1
/sri-lanka,/om-os/kontakt,chrome,1
/sri-lanka,/om-os/medarbejdere,chrome,1
/sri-lanka,/om-os/rejseledere,chrome,1
/sri-lanka,/privatlivspolitik,chrome,1
/sri-lanka,/rejseforsikring,chrome,1
/sri-lanka,/rejsekalender,chrome,1
/sri-lanka,/sri-lanka/klassiske-sri-lanka,content,1
/sri-lanka,/sri-lanka/sri-lanka-for-livsnydere,content,1
/sri-lanka,/transformation,chrome,1
/sri-lanka/klassiske-sri-lanka,/,chrome,1
/sri-lanka/klassiske-sri-lanka,/booking/travel/62455/6360/accommodation,content,0
/sri-lanka/klassiske-sri-lanka,/cookie-politik,chrome,1
/sri-lanka/klassiske-sri-lanka,/europa,content,1
/sri-lanka/klassiske-sri-lanka,/faq,chrome,1
/sri-lanka/klassiske-sri-lanka,/gavekort,chrome,1
/sri-lanka/klassiske-sri-lanka,/historiske-rejser,content,1
/sri-lanka/klassiske-sri-lanka,/katalog,chrome,1
/sri-lanka/klassiske-sri-lanka,/kulturrejser,content,1
/sri-lanka/klassiske-sri-lanka,/madrejser,content,1
/sri-lanka/klassiske-sri-lanka,/naturrejser,content,1
/sri-lanka/klassiske-sri-lanka,/nyhedsbrev,chrome,1
/sri-lanka/klassiske-sri-lanka,/om-os/kontakt,chrome,1
/sri-lanka/klassiske-sri-lanka,/om-os/medarbejdere,chrome,1
/sri-lanka/klassiske-sri-lanka,/om-os/rejseledere,chrome,1
/sri-lanka/klassiske-sri-lanka,/privatlivspolitik,chrome,1
/sri-lanka/klassiske-sri-lanka,/rejseforsikring,chrome,1
/sri-lanka/klassiske-sri-lanka,/rejsekalender,chrome,1
/sri-lanka/klassiske-sri-lanka,/safarirejser,content,1
/sri-lanka/klassiske-sri-lanka,/sri-lanka,chrome,1
/sri-lanka/klassiske-sri-lanka,/togrejser,content,1
/sri-lanka/klassiske-sri-lanka,/transformation,chrome,1
/sri-lanka/sri-lanka-for-livsnydere,/,chrome,1
/sri-lanka/sri-lanka-for-livsnydere,/booking/travel/62453/6355/accommodation,content,0
/sri-lanka/sri-lanka-for-livsnydere,/cookie-politik,chrome,1
/sri-lanka/sri-lanka-for-livsnydere,/faq,chrome,1
/sri-lanka/sri-lanka-for-livsnydere,/gavekort,chrome,1
/sri-lanka/sri-lanka-for-livsnydere,/katalog,chrome,1
/sri-lanka/sri-lanka-for-livsnydere,/nyhedsbrev,chrome,1
/sri-lanka/sri-lanka-for-livsnydere,/om-os/kontakt,chrome,1
/sri-lanka/sri-lanka-for-livsnydere,/om-os/medarbejdere,chrome,1
/sri-lanka/sri-lanka-for-livsnydere,/om-os/rejseledere,chrome,1
/sri-lanka/sri-lanka-for-livsnydere,/privatlivspolitik,chrome,1
/sri-lanka/sri-lanka-for-livsnydere,/rejseforsikring,chrome,1
/sri-lanka/sri-lanka-for-livsnydere,/rejsekalender,chrome,1
/sri-lanka/sri-lanka-for-livsnydere,/sri-lanka,chrome,1
/sri-lanka/sri-lanka-for-livsnydere,/transformation,chrome,1
/storbyferier,/,chrome,1
/storbyferier,/baltikum/den-baltiske-odysse,content,1
/storbyferier,/cookie-politik,chrome,1
/storbyferier,/europa,content,1
/storbyferier,/faq,chrome,1
/storbyferier,/flodkrydstogter/flodkrydstogt-paa-rhone-floden,content,1
/storbyferier,/flodkrydstogter/flodkrydstogt-paa-rhone-floden-2027,content,1
/storbyferier,/frankrig/paris-mon-amour-storbyliv-og-stemning-paa-seinen,content,1
/storbyferier,/frankrig/sydfranske-eventyr-i-provence,content,1
/storbyferier,/gavekort,chrome,1
/storbyferier,/historiske-rejser,content,1
/storbyferier,/irland/musikfestival-i-dublin,content,1
/storbyferier,/italien/napoli-og-amalfikysten-storbyens-puls-og-kystens-hoejdepunkter,content,1
/storbyferier,/italien/nytaar-i-det-historiske-rom,content,1
/storbyferier,/italien/rom-den-evige-stad,content,1
/storbyferier,/katalog,chrome,1
/storbyferier,/kina/vandreferie-paa-den-kinesiske-mur,content,1
/storbyferier,/kulturrejser,content,1
/storbyferier,/marokko/farverige-marokko-fra-tanger-til-marrakech,content,1
/storbyferier,/nyhedsbrev,chrome,1
/storbyferier,/om-os/kontakt,chrome,1
/storbyferier,/om-os/medarbejdere,chrome,1
/storbyferier,/om-os/rejseledere,chrome,1
/storbyferier,/polen/kulturel-kvalitetstid-i-krakow,content,1
/storbyferier,/portugal/lissabon-a-la-carte,content,1
/storbyferier,/portugal/nytaar-i-porto,content,1
/storbyferier,/portugal/nytaarsrejse-til-lissabon,content,1
/storbyferier,/privatlivspolitik,chrome,1
/storbyferier,/rejseforsikring,chrome,1
/storbyferier,/rejsekalender,chrome,1
/storbyferier,/spanien/andalusiens-lys-med-cadiz-og-sevilla,content,1
/storbyferier,/spanien/fra-bilbao-til-bordeaux-en-kulturel-rejse-gennem-baskerland-og-sydfrankrig,content,1
/storbyferier,/spanien/madrid-spaniens-hjerte,content,1
/storbyferier,/spanien/solformoerkelse-i-spanien-bilbao,content,1
/storbyferier,/spanien/solformoerkelse-i-spanien-med-astrofysiker-michael-linden-voernle,content,1
/storbyferier,/spanien/solformoerkelse-i-spanien-valencia,content,1
/storbyferier,/tjekkiet/magiske-prag-en-kulturrejse-i-europas-hjerte,content,1
/storbyferier,/transformation,chrome,1
/sverige,/,chrome,1
/sverige,/cookie-politik,chrome,1
/sverige,/europa,content,1
/sverige,/faq,chrome,1
/sverige,/gavekort,chrome,1
/sverige,/jul-og-nytaar,content,1
/sverige,/katalog,chrome,1
/sverige,/naturrejser,content,1
/sverige,/nyhedsbrev,chrome,1
/sverige,/om-os/kontakt,chrome,1
/sverige,/om-os/medarbejdere,chrome,1
/sverige,/om-os/rejseledere,chrome,1
/sverige,/privatlivspolitik,chrome,1
/sverige,/rejseforsikring,chrome,1
/sverige,/rejsekalender,chrome,1
/sverige,/sverige/gotland,content,1
/sverige,/sverige/gotland-svensk-sommeridyl,content,1
/sverige,/transformation,chrome,1
/sverige,/vandreferier,content,1
/sverige,/vinterrejser,content,1
/sverige/gotland,/,chrome,1
/sverige/gotland,/cookie-politik,chrome,1
/sverige/gotland,/faq,chrome,1
/sverige/gotland,/gavekort,chrome,1
/sverige/gotland,/katalog,chrome,1
/sverige/gotland,/kulturrejser,content,1
/sverige/gotland,/naturrejser,content,1
/sverige/gotland,/nyhedsbrev,chrome,1
/sverige/gotland,/om-os/kontakt,chrome,1
/sverige/gotland,/om-os/medarbejdere,chrome,1
/sverige/gotland,/om-os/rejseledere,chrome,1
/sverige/gotland,/privatlivspolitik,chrome,1
/sverige/gotland,/rejseforsikring,chrome,1
/sverige/gotland,/rejsekalender,chrome,1
/sverige/gotland,/sverige,chrome,1
/sverige/gotland,/sverige/gotland-svensk-sommeridyl,content,1
/sverige/gotland,/transformation,chrome,1
/sverige/gotland-svensk-sommeridyl,/,chrome,1
/sverige/gotland-svensk-sommeridyl,/booking/travel/48007/4892/accommodation,content,0
/sverige/gotland-svensk-sommeridyl,/cookie-politik,chrome,1
/sverige/gotland-svensk-sommeridyl,/faq,chrome,1
/sverige/gotland-svensk-sommeridyl,/gavekort,chrome,1
/sverige/gotland-svensk-sommeridyl,/katalog,chrome,1
/sverige/gotland-svensk-sommeridyl,/nyhedsbrev,chrome,1
/sverige/gotland-svensk-sommeridyl,/om-os/kontakt,chrome,1
/sverige/gotland-svensk-sommeridyl,/om-os/medarbejdere,chrome,1
/sverige/gotland-svensk-sommeridyl,/om-os/rejseledere,chrome,1
/sverige/gotland-svensk-sommeridyl,/privatlivspolitik,chrome,1
/sverige/gotland-svensk-sommeridyl,/rejseforsikring,chrome,1
/sverige/gotland-svensk-sommeridyl,/rejsekalender,chrome,1
/sverige/gotland-svensk-sommeridyl,/sverige,chrome,1
/sverige/gotland-svensk-sommeridyl,/transformation,chrome,1
/sydafrika,/,chrome,1
/sydafrika,/cookie-politik,chrome,1
/sydafrika,/faq,chrome,1
/sydafrika,/gavekort,chrome,1
/sydafrika,/katalog,chrome,1
/sydafrika,/kulturrejser,content,1
/sydafrika,/naturrejser,content,1
/sydafrika,/nyhedsbrev,chrome,1
/sydafrika,/om-os/kontakt,chrome,1
/sydafrika,/om-os/medarbejdere,chrome,1
/sydafrika,/om-os/rejseledere,chrome,1
/sydafrika,/privatlivspolitik,chrome,1
/sydafrika,/rejseforsikring,chrome,1
/sydafrika,/rejsekalender,chrome,1
/sydafrika,/storbyferier,content,1
/sydafrika,/sydafrika/sydafrika-cape-cabernet-og-safari,content,1
/sydafrika,/sydafrika/sydafrika-et-eventyr-i-tre-akter,content,1
/sydafrika,/sydafrika/sydafrika-for-livsnydere,content,1
/sydafrika,/transformation,chrome,1
/sydafrika/sydafrika-cape-cabernet-og-safari,/,chrome,1
/sydafrika/sydafrika-cape-cabernet-og-safari,/afrika,content,1
/sydafrika/sydafrika-cape-cabernet-og-safari,/booking/travel/62417/6309/accommodation,content,0
/sydafrika/sydafrika-cape-cabernet-og-safari,/booking/travel/62508/6593/accommodation,content,0
/sydafrika/sydafrika-cape-cabernet-og-safari,/cookie-politik,chrome,1
/sydafrika/sydafrika-cape-cabernet-og-safari,/faq,chrome,1
/sydafrika/sydafrika-cape-cabernet-og-safari,/gavekort,chrome,1
/sydafrika/sydafrika-cape-cabernet-og-safari,/historiske-rejser,content,1
/sydafrika/sydafrika-cape-cabernet-og-safari,/katalog,chrome,1
/sydafrika/sydafrika-cape-cabernet-og-safari,/kulturrejser,content,1
/sydafrika/sydafrika-cape-cabernet-og-safari,/naturrejser,content,1
/sydafrika/sydafrika-cape-cabernet-og-safari,/nyhedsbrev,chrome,1
/sydafrika/sydafrika-cape-cabernet-og-safari,/om-os/kontakt,chrome,1
/sydafrika/sydafrika-cape-cabernet-og-safari,/om-os/medarbejdere,chrome,1
/sydafrika/sydafrika-cape-cabernet-og-safari,/om-os/rejseledere,chrome,1
/sydafrika/sydafrika-cape-cabernet-og-safari,/privatlivspolitik,chrome,1
/sydafrika/sydafrika-cape-cabernet-og-safari,/rejseforsikring,chrome,1
/sydafrika/sydafrika-cape-cabernet-og-safari,/rejsekalender,chrome,1
/sydafrika/sydafrika-cape-cabernet-og-safari,/safarirejser,content,1
/sydafrika/sydafrika-cape-cabernet-og-safari,/sydafrika,chrome,1
/sydafrika/sydafrika-cape-cabernet-og-safari,/transformation,chrome,1
/sydafrika/sydafrika-cape-cabernet-og-safari,/vinrejser,content,1
/sydafrika/sydafrika-et-eventyr-i-tre-akter,/,chrome,1
/sydafrika/sydafrika-et-eventyr-i-tre-akter,/cookie-politik,chrome,1
/sydafrika/sydafrika-et-eventyr-i-tre-akter,/faq,chrome,1
/sydafrika/sydafrika-et-eventyr-i-tre-akter,/gavekort,chrome,1
/sydafrika/sydafrika-et-eventyr-i-tre-akter,/katalog,chrome,1
/sydafrika/sydafrika-et-eventyr-i-tre-akter,/nyhedsbrev,chrome,1
/sydafrika/sydafrika-et-eventyr-i-tre-akter,/om-os/kontakt,chrome,1
/sydafrika/sydafrika-et-eventyr-i-tre-akter,/om-os/medarbejdere,chrome,1
/sydafrika/sydafrika-et-eventyr-i-tre-akter,/om-os/rejseledere,chrome,1
/sydafrika/sydafrika-et-eventyr-i-tre-akter,/privatlivspolitik,chrome,1
/sydafrika/sydafrika-et-eventyr-i-tre-akter,/rejseforsikring,chrome,1
/sydafrika/sydafrika-et-eventyr-i-tre-akter,/rejsekalender,chrome,1
/sydafrika/sydafrika-et-eventyr-i-tre-akter,/sydafrika,chrome,1
/sydafrika/sydafrika-et-eventyr-i-tre-akter,/transformation,chrome,1
/sydafrika/sydafrika-for-livsnydere,/,chrome,1
/sydafrika/sydafrika-for-livsnydere,/cookie-politik,chrome,1
/sydafrika/sydafrika-for-livsnydere,/faq,chrome,1
/sydafrika/sydafrika-for-livsnydere,/gavekort,chrome,1
/sydafrika/sydafrika-for-livsnydere,/katalog,chrome,1
/sydafrika/sydafrika-for-livsnydere,/nyhedsbrev,chrome,1
/sydafrika/sydafrika-for-livsnydere,/om-os/kontakt,chrome,1
/sydafrika/sydafrika-for-livsnydere,/om-os/medarbejdere,chrome,1
/sydafrika/sydafrika-for-livsnydere,/om-os/rejseledere,chrome,1
/sydafrika/sydafrika-for-livsnydere,/privatlivspolitik,chrome,1
/sydafrika/sydafrika-for-livsnydere,/rejseforsikring,chrome,1
/sydafrika/sydafrika-for-livsnydere,/rejsekalender,chrome,1
/sydafrika/sydafrika-for-livsnydere,/sydafrika,chrome,1
/sydafrika/sydafrika-for-livsnydere,/transformation,chrome,1
/sydkorea,/,chrome,1
/sydkorea,/asien,content,1
/sydkorea,/cookie-politik,chrome,1
/sydkorea,/faq,chrome,1
/sydkorea,/gavekort,chrome,1
/sydkorea,/katalog,chrome,1
/sydkorea,/kulturrejser,content,1
/sydkorea,/madrejser,content,1
/sydkorea,/naturrejser,content,1
/sydkorea,/nyhedsbrev,chrome,1
/sydkorea,/om-os/kontakt,chrome,1
/sydkorea,/om-os/medarbejdere,chrome,1
/sydkorea,/om-os/rejseledere,chrome,1
/sydkorea,/privatlivspolitik,chrome,1
/sydkorea,/rejseforsikring,chrome,1
/sydkorea,/rejsekalender,chrome,1
/sydkorea,/storbyferier,content,1
/sydkorea,/sydkorea/essensen-af-sydkorea,content,1
/sydkorea,/transformation,chrome,1
/sydkorea,/vandreferier,content,1
/sydkorea/essensen-af-sydkorea,/,chrome,1
/sydkorea/essensen-af-sydkorea,/booking/travel/48174/5096/accommodation,content,0
/sydkorea/essensen-af-sydkorea,/booking/travel/48174/6093/accommodation,content,0
/sydkorea/essensen-af-sydkorea,/booking/travel/62703/6595/accommodation,content,0
/sydkorea/essensen-af-sydkorea,/booking/travel/62703/6596/accommodation,content,0
/sydkorea/essensen-af-sydkorea,/cookie-politik,chrome,1
/sydkorea/essensen-af-sydkorea,/faq,chrome,1
/sydkorea/essensen-af-sydkorea,/gavekort,chrome,1
/sydkorea/essensen-af-sydkorea,/katalog,chrome,1
/sydkorea/essensen-af-sydkorea,/kulturrejser,content,1
/sydkorea/essensen-af-sydkorea,/naturrejser,content,1
/sydkorea/essensen-af-sydkorea,/nyhedsbrev,chrome,1
/sydkorea/essensen-af-sydkorea,/om-os/kontakt,chrome,1
/sydkorea/essensen-af-sydkorea,/om-os/medarbejdere,chrome,1
/sydkorea/essensen-af-sydkorea,/om-os/rejseledere,chrome,1
/sydkorea/essensen-af-sydkorea,/privatlivspolitik,chrome,1
/sydkorea/essensen-af-sydkorea,/rejseforsikring,chrome,1
/sydkorea/essensen-af-sydkorea,/rejsekalender,chrome,1
/sydkorea/essensen-af-sydkorea,/sydkorea,chrome,1
/sydkorea/essensen-af-sydkorea,/transformation,chrome,1
/thailand,/,chrome,1
/thailand,/cookie-politik,chrome,1
/thailand,/faq,chrome,1
/thailand,/gavekort,chrome,1
/thailand,/katalog,chrome,1
/thailand,/nyhedsbrev,chrome,1
/thailand,/om-os/kontakt,chrome,1
/thailand,/om-os/medarbejdere,chrome,1
/thailand,/om-os/rejseledere,chrome,1
/thailand,/privatlivspolitik,chrome,1
/thailand,/rejseforsikring,chrome,1
/thailand,/rejsekalender,chrome,1
/thailand,/thailand/thailand-smilets-land,content,1
/thailand,/transformation,chrome,1
/thailand/thailand-smilets-land,/,chrome,1
/thailand/thailand-smilets-land,/booking/travel/62502/6412/accommodation,content,0
/thailand/thailand-smilets-land,/booking/travel/62503/6413/accommodation,content,0
/thailand/thailand-smilets-land,/cookie-politik,chrome,1
/thailand/thailand-smilets-land,/faq,chrome,1
/thailand/thailand-smilets-land,/gavekort,chrome,1
/thailand/thailand-smilets-land,/katalog,chrome,1
/thailand/thailand-smilets-land,/nyhedsbrev,chrome,1
/thailand/thailand-smilets-land,/om-os/kontakt,chrome,1
/thailand/thailand-smilets-land,/om-os/medarbejdere,chrome,1
/thailand/thailand-smilets-land,/om-os/rejseledere,chrome,1
/thailand/thailand-smilets-land,/privatlivspolitik,chrome,1
/thailand/thailand-smilets-land,/rejseforsikring,chrome,1
/thailand/thailand-smilets-land,/rejsekalender,chrome,1
/thailand/thailand-smilets-land,/thailand,chrome,1
/thailand/thailand-smilets-land,/transformation,chrome,1
/tjekkiet,/,chrome,1
/tjekkiet,/cookie-politik,chrome,1
/tjekkiet,/faq,chrome,1
/tjekkiet,/gavekort,chrome,1
/tjekkiet,/katalog,chrome,1
/tjekkiet,/nyhedsbrev,chrome,1
/tjekkiet,/om-os/kontakt,chrome,1
/tjekkiet,/om-os/medarbejdere,chrome,1
/tjekkiet,/om-os/rejseledere,chrome,1
/tjekkiet,/privatlivspolitik,chrome,1
/tjekkiet,/rejseforsikring,chrome,1
/tjekkiet,/rejsekalender,chrome,1
/tjekkiet,/tjekkiet/magiske-prag-en-kulturrejse-i-europas-hjerte,content,1
/tjekkiet,/transformation,chrome,1
/tjekkiet/magiske-prag-en-kulturrejse-i-europas-hjerte,/,chrome,1
/tjekkiet/magiske-prag-en-kulturrejse-i-europas-hjerte,/cookie-politik,chrome,1
/tjekkiet/magiske-prag-en-kulturrejse-i-europas-hjerte,/faq,chrome,1
/tjekkiet/magiske-prag-en-kulturrejse-i-europas-hjerte,/gavekort,chrome,1
/tjekkiet/magiske-prag-en-kulturrejse-i-europas-hjerte,/katalog,chrome,1
/tjekkiet/magiske-prag-en-kulturrejse-i-europas-hjerte,/nyhedsbrev,chrome,1
/tjekkiet/magiske-prag-en-kulturrejse-i-europas-hjerte,/om-os/kontakt,chrome,1
/tjekkiet/magiske-prag-en-kulturrejse-i-europas-hjerte,/om-os/medarbejdere,chrome,1
/tjekkiet/magiske-prag-en-kulturrejse-i-europas-hjerte,/om-os/rejseledere,chrome,1
/tjekkiet/magiske-prag-en-kulturrejse-i-europas-hjerte,/privatlivspolitik,chrome,1
/tjekkiet/magiske-prag-en-kulturrejse-i-europas-hjerte,/rejseforsikring,chrome,1
/tjekkiet/magiske-prag-en-kulturrejse-i-europas-hjerte,/rejsekalender,chrome,1
/tjekkiet/magiske-prag-en-kulturrejse-i-europas-hjerte,/tjekkiet,chrome,1
/tjekkiet/magiske-prag-en-kulturrejse-i-europas-hjerte,/transformation,chrome,1
/tjekkiet/prag,/,chrome,1
/tjekkiet/prag,/cookie-politik,chrome,1
/tjekkiet/prag,/faq,chrome,1
/tjekkiet/prag,/gavekort,chrome,1
/tjekkiet/prag,/katalog,chrome,1
/tjekkiet/prag,/nyhedsbrev,chrome,1
/tjekkiet/prag,/om-os/kontakt,chrome,1
/tjekkiet/prag,/om-os/medarbejdere,chrome,1
/tjekkiet/prag,/om-os/rejseledere,chrome,1
/tjekkiet/prag,/privatlivspolitik,chrome,1
/tjekkiet/prag,/rejseforsikring,chrome,1
/tjekkiet/prag,/rejsekalender,chrome,1
/tjekkiet/prag,/tjekkiet,chrome,1
/tjekkiet/prag,/tjekkiet/magiske-prag-en-kulturrejse-i-europas-hjerte,content,1
/tjekkiet/prag,/transformation,chrome,1
/togrejser,/,chrome,1
/togrejser,/cookie-politik,chrome,1
/togrejser,/europa,content,1
/togrejser,/faq,chrome,1
/togrejser,/flodkrydstogter/flodkrydstogt-fra-alsace-til-toppen-af-de-schweiziske-alper,content,1
/togrejser,/gavekort,chrome,1
/togrejser,/historiske-rejser,content,1
/togrejser,/indien/rajasthan-indiens-juvel,content,1
/togrejser,/indien/sydindiens-guddommelige-hjerte-kerala,content,1
/togrejser,/italien/vidunderlige-toscana,content,1
/togrejser,/katalog,chrome,1
/togrejser,/kina/kina-og-tibet-ekspressen,content,1
/togrejser,/marokko/farverige-marokko-fra-tanger-til-marrakech,content,1
/togrejser,/naturrejser,content,1
/togrejser,/nyhedsbrev,chrome,1
/togrejser,/om-os/kontakt,chrome,1
/togrejser,/om-os/medarbejdere,chrome,1
/togrejser,/om-os/rejseledere,chrome,1
/togrejser,/privatlivspolitik,chrome,1
/togrejser,/rejseforsikring,chrome,1
/togrejser,/rejsekalender,chrome,1
/togrejser,/schweiz/toppen-af-alperne-med-gletsjer-ekspressen,content,1
/togrejser,/spanien/maleriske-mallorca,content,1
/togrejser,/spanien/rundrejse-i-andalusien-med-tog,content,1
/togrejser,/sri-lanka/klassiske-sri-lanka,content,1
/togrejser,/transformation,chrome,1
/togrejser,/vinrejser,content,1
/transformation,/,chrome,1
/transformation,/cookie-politik,chrome,1
/transformation,/faq,chrome,1
/transformation,/gavekort,chrome,1
/transformation,/katalog,chrome,1
/transformation,/nyhedsbrev,chrome,1
/transformation,/om-os/kontakt,chrome,1
/transformation,/om-os/medarbejdere,chrome,1
/transformation,/om-os/rejseledere,chrome,1
/transformation,/privatlivspolitik,chrome,1
/transformation,/rejseforsikring,chrome,1
/transformation,/rejsekalender,chrome,1
/tryghed,/,chrome,1
/tryghed,/cookie-politik,chrome,1
/tryghed,/faq,chrome,1
/tryghed,/gavekort,chrome,1
/tryghed,/katalog,chrome,1
/tryghed,/nyhedsbrev,chrome,1
/tryghed,/om-os/kontakt,chrome,1
/tryghed,/om-os/medarbejdere,chrome,1
/tryghed,/om-os/rejseledere,chrome,1
/tryghed,/privatlivspolitik,chrome,1
/tryghed,/rejseforsikring,chrome,1
/tryghed,/rejsekalender,chrome,1
/tryghed,/transformation,chrome,1
/tyrkiet,/,chrome,1
/tyrkiet,/asien,content,1
/tyrkiet,/cookie-politik,chrome,1
/tyrkiet,/faq,chrome,1
/tyrkiet,/gavekort,chrome,1
/tyrkiet,/katalog,chrome,1
/tyrkiet,/kulturrejser,content,1
/tyrkiet,/naturrejser,content,1
/tyrkiet,/nyhedsbrev,chrome,1
/tyrkiet,/om-os/kontakt,chrome,1
/tyrkiet,/om-os/medarbejdere,chrome,1
/tyrkiet,/om-os/rejseledere,chrome,1
/tyrkiet,/privatlivspolitik,chrome,1
/tyrkiet,/rejseforsikring,chrome,1
/tyrkiet,/rejsekalender,chrome,1
/tyrkiet,/storbyferier,content,1
/tyrkiet,/transformation,chrome,1
/tyrkiet,/tyrkiet/istanbul,content,1
/tyrkiet,/tyrkiet/maegtige-istanbul,content,1
/tyrkiet/istanbul,/,chrome,1
/tyrkiet/istanbul,/asien,content,1
/tyrkiet/istanbul,/cookie-politik,chrome,1
/tyrkiet/istanbul,/europa,content,1
/tyrkiet/istanbul,/faq,chrome,1
/tyrkiet/istanbul,/gavekort,chrome,1
/tyrkiet/istanbul,/historiske-rejser,content,1
/tyrkiet/istanbul,/holland,content,1
/tyrkiet/istanbul,/katalog,chrome,1
/tyrkiet/istanbul,/kulturrejser,content,1
/tyrkiet/istanbul,/nyhedsbrev,chrome,1
/tyrkiet/istanbul,/om-os/kontakt,chrome,1
/tyrkiet/istanbul,/om-os/medarbejdere,chrome,1
/tyrkiet/istanbul,/om-os/rejseledere,chrome,1
/tyrkiet/istanbul,/privatlivspolitik,chrome,1
/tyrkiet/istanbul,/rejseforsikring,chrome,1
/tyrkiet/istanbul,/rejsekalender,chrome,1
/tyrkiet/istanbul,/storbyferier,content,1
/tyrkiet/istanbul,/transformation,chrome,1
/tyrkiet/istanbul,/tyrkiet,chrome,1
/tyrkiet/istanbul,/tyrkiet/maegtige-istanbul,content,1
/tyrkiet/maegtige-istanbul,/,chrome,1
/tyrkiet/maegtige-istanbul,/cookie-politik,chrome,1
/tyrkiet/maegtige-istanbul,/faq,chrome,1
/tyrkiet/maegtige-istanbul,/gavekort,chrome,1
/tyrkiet/maegtige-istanbul,/historiske-rejser,content,1
/tyrkiet/maegtige-istanbul,/katalog,chrome,1
/tyrkiet/maegtige-istanbul,/nyhedsbrev,chrome,1
/tyrkiet/maegtige-istanbul,/om-os/kontakt,chrome,1
/tyrkiet/maegtige-istanbul,/om-os/medarbejdere,chrome,1
/tyrkiet/maegtige-istanbul,/om-os/rejseledere,chrome,1
/tyrkiet/maegtige-istanbul,/privatlivspolitik,chrome,1
/tyrkiet/maegtige-istanbul,/rejseforsikring,chrome,1
/tyrkiet/maegtige-istanbul,/rejsekalender,chrome,1
/tyrkiet/maegtige-istanbul,/transformation,chrome,1
/tyrkiet/maegtige-istanbul,/tyrkiet,chrome,1
/tyrkiet/maegtige-istanbul,/tyrkiet/istanbul,content,1
/tyskland,/,chrome,1
/tyskland,/cookie-politik,chrome,1
/tyskland,/europa,content,1
/tyskland,/faq,chrome,1
/tyskland,/flodkrydstogter/flodkrydstogt-fra-alsace-til-toppen-af-de-schweiziske-alper,content,1
/tyskland,/flodkrydstogter/flodkrydstogt-paa-rhinen,content,1
/tyskland,/frankrig/flodkrydstogt-paa-rhinen-og-tur-med-gletsjerekspressen,content,1
/tyskland,/gavekort,chrome,1
/tyskland,/jul-og-nytaar,content,1
/tyskland,/katalog,chrome,1
/tyskland,/kulturrejser,content,1
/tyskland,/nyhedsbrev,chrome,1
/tyskland,/oestrig,content,1
/tyskland,/oestrig/kultur-i-alperne,content,1
/tyskland,/om-os/kontakt,chrome,1
/tyskland,/om-os/medarbejdere,chrome,1
/tyskland,/om-os/rejseledere,chrome,1
/tyskland,/privatlivspolitik,chrome,1
/tyskland,/rejseforsikring,chrome,1
/tyskland,/rejsekalender,chrome,1
/tyskland,/storbyferier,content,1
/tyskland,/transformation,chrome,1
/tyskland,/tyskland/koln,content,1
/tyskland,/tyskland/munchen,content,1
/tyskland/koln,/,chrome,1
/tyskland/koln,/cookie-politik,chrome,1
/tyskland/koln,/europa,content,1
/tyskland/koln,/faq,chrome,1
/tyskland/koln,/flodkrydstogter/flodkrydstogt-paa-rhinen,content,1
/tyskland/koln,/gavekort,chrome,1
/tyskland/koln,/katalog,chrome,1
/tyskland/koln,/kulturrejser,content,1
/tyskland/koln,/nyhedsbrev,chrome,1
/tyskland/koln,/om-os/kontakt,chrome,1
/tyskland/koln,/om-os/medarbejdere,chrome,1
/tyskland/koln,/om-os/rejseledere,chrome,1
/tyskland/koln,/privatlivspolitik,chrome,1
/tyskland/koln,/rejseforsikring,chrome,1
/tyskland/koln,/rejsekalender,chrome,1
/tyskland/koln,/storbyferier,content,1
/tyskland/koln,/transformation,chrome,1
/tyskland/koln,/tyskland,chrome,1
/tyskland/munchen,/,chrome,1
/tyskland/munchen,/cookie-politik,chrome,1
/tyskland/munchen,/europa,content,1
/tyskland/munchen,/faq,chrome,1
/tyskland/munchen,/gavekort,chrome,1
/tyskland/munchen,/jul-og-nytaar/julerejser,content,1
/tyskland/munchen,/katalog,chrome,1
/tyskland/munchen,/kulturrejser,content,1
/tyskland/munchen,/nyhedsbrev,chrome,1
/tyskland/munchen,/oestrig/kultur-i-alperne,content,1
/tyskland/munchen,/om-os/kontakt,chrome,1
/tyskland/munchen,/om-os/medarbejdere,chrome,1
/tyskland/munchen,/om-os/rejseledere,chrome,1
/tyskland/munchen,/privatlivspolitik,chrome,1
/tyskland/munchen,/rejseforsikring,chrome,1
/tyskland/munchen,/rejsekalender,chrome,1
/tyskland/munchen,/transformation,chrome,1
/tyskland/munchen,/tyskland,chrome,1
/tyskland/munchen,/vinterrejser,content,1
/ungarn,/,chrome,1
/ungarn,/cookie-politik,chrome,1
/ungarn,/europa,content,1
/ungarn,/faq,chrome,1
/ungarn,/flodkrydstogter/flodkrydstogt-paa-donaufloden,content,1
/ungarn,/gavekort,chrome,1
/ungarn,/jul-og-nytaar/julerejser,content,1
/ungarn,/katalog,chrome,1
/ungarn,/kulturrejser,content,1
/ungarn,/madrejser,content,1
/ungarn,/naturrejser,content,1
/ungarn,/nyhedsbrev,chrome,1
/ungarn,/oestrig,content,1
/ungarn,/om-os/kontakt,chrome,1
/ungarn,/om-os/medarbejdere,chrome,1
/ungarn,/om-os/rejseledere,chrome,1
/ungarn,/privatlivspolitik,chrome,1
/ungarn,/rejseforsikring,chrome,1
/ungarn,/rejsekalender,chrome,1
/ungarn,/storbyferier,content,1
/ungarn,/transformation,chrome,1
/ungarn,/ungarn/budapest,content,1
/ungarn,/vinrejser,content,1
/ungarn/budapest,/,chrome,1
/ungarn/budapest,/cookie-politik,chrome,1
/ungarn/budapest,/europa,content,1
/ungarn/budapest,/faq,chrome,1
/ungarn/budapest,/flodkrydstogter/flodkrydstogt-paa-donaufloden,content,1
/ungarn/budapest,/gavekort,chrome,1
/ungarn/budapest,/historiske-rejser,content,1
/ungarn/budapest,/jul-og-nytaar/julerejser,content,1
/ungarn/budapest,/katalog,chrome,1
/ungarn/budapest,/kulturrejser,content,1
/ungarn/budapest,/madrejser,content,1
/ungarn/budapest,/naturrejser,content,1
/ungarn/budapest,/nyhedsbrev,chrome,1
/ungarn/budapest,/om-os/kontakt,chrome,1
/ungarn/budapest,/om-os/medarbejdere,chrome,1
/ungarn/budapest,/om-os/rejseledere,chrome,1
/ungarn/budapest,/privatlivspolitik,chrome,1
/ungarn/budapest,/rejseforsikring,chrome,1
/ungarn/budapest,/rejsekalender,chrome,1
/ungarn/budapest,/sommerrejser,content,1
/ungarn/budapest,/storbyferier,content,1
/ungarn/budapest,/transformation,chrome,1
/ungarn/budapest,/tyrkiet,content,1
/ungarn/budapest,/ungarn,chrome,1
/vandreferier,/,chrome,1
/vandreferier,/cookie-politik,chrome,1
/vandreferier,/england/vandreferie-i-lake-district,content,1
/vandreferier,/europa,content,1
/vandreferier,/faq,chrome,1
/vandreferier,/gavekort,chrome,1
/vandreferier,/georgien/vandreferie-i-georgien-svaneti,content,1
/vandreferier,/graekenland/vandreferie-i-graekenland,content,1
/vandreferier,/irland/vandreferie-i-irland,content,1
/vandreferier,/italien/kulinariske-vandringer-paa-amalfikysten,content,1
/vandreferier,/italien/kulinariske-vandringer-paa-amalfikysten-september-2026,content,1
/vandreferier,/italien/sommer-paa-amalfikysten,content,1
/vandreferier,/italien/vandreferie-i-cinque-terre,content,1
/vandreferier,/italien/vandreferie-ved-gardasoeen,content,1
/vandreferier,/jordan/vandreferie-i-jordan,content,1
/vandreferier,/katalog,chrome,1
/vandreferier,/kina/vandreferie-paa-den-kinesiske-mur,content,1
/vandreferier,/kulturrejser,content,1
/vandreferier,/naturrejser,content,1
/vandreferier,/nyhedsbrev,chrome,1
/vandreferier,/om-os/kontakt,chrome,1
/vandreferier,/om-os/medarbejdere,chrome,1
/vandreferier,/om-os/rejseledere,chrome,1
/vandreferier,/portugal/vandreferie-i-portugal,content,1
/vandreferier,/portugal/vandreferie-paa-algarvekysten,content,1
/vandreferier,/portugal/vandreferie-paa-madeira,content,1
/vandreferier,/portugal/vidunderlige-madeira,content,1
/vandreferier,/privatlivspolitik,chrome,1
/vandreferier,/rejseforsikring,chrome,1
/vandreferier,/rejsekalender,chrome,1
/vandreferier,/skotland/vandreferie-i-skotland,content,1
/vandreferier,/spanien/vandreferie-paa-caminoen,content,1
/vandreferier,/transformation,chrome,1
/vandreferier,/vinrejser,content,1
/vietnam,/,chrome,1
/vietnam,/cookie-politik,chrome,1
/vietnam,/faq,chrome,1
/vietnam,/gavekort,chrome,1
/vietnam,/katalog,chrome,1
/vietnam,/nyhedsbrev,chrome,1
/vietnam,/om-os/kontakt,chrome,1
/vietnam,/om-os/medarbejdere,chrome,1
/vietnam,/om-os/rejseledere,chrome,1
/vietnam,/privatlivspolitik,chrome,1
/vietnam,/rejseforsikring,chrome,1
/vietnam,/rejsekalender,chrome,1
/vietnam,/transformation,chrome,1
/vietnam,/vietnam/det-bedste-af-vietnam,content,1
/vietnam/det-bedste-af-vietnam,/,chrome,1
/vietnam/det-bedste-af-vietnam,/booking/travel/62500/6410/accommodation,content,0
/vietnam/det-bedste-af-vietnam,/cookie-politik,chrome,1
/vietnam/det-bedste-af-vietnam,/faq,chrome,1
/vietnam/det-bedste-af-vietnam,/gavekort,chrome,1
/vietnam/det-bedste-af-vietnam,/katalog,chrome,1
/vietnam/det-bedste-af-vietnam,/nyhedsbrev,chrome,1
/vietnam/det-bedste-af-vietnam,/om-os/kontakt,chrome,1
/vietnam/det-bedste-af-vietnam,/om-os/medarbejdere,chrome,1
/vietnam/det-bedste-af-vietnam,/om-os/rejseledere,chrome,1
/vietnam/det-bedste-af-vietnam,/privatlivspolitik,chrome,1
/vietnam/det-bedste-af-vietnam,/rejseforsikring,chrome,1
/vietnam/det-bedste-af-vietnam,/rejsekalender,chrome,1
/vietnam/det-bedste-af-vietnam,/transformation,chrome,1
/vietnam/det-bedste-af-vietnam,/vietnam,chrome,1
/vinrejser,/,chrome,1
/vinrejser,/albanien/autentiske-albanien,content,1
/vinrejser,/balkan/betagende-syd-balkan,content,1
/vinrejser,/cookie-politik,chrome,1
/vinrejser,/cypern/charmerende-cypern-kultur-og-livsnydelse,content,1
/vinrejser,/cypern/cypern-afrodites-smukke-oe,content,1
/vinrejser,/faq,chrome,1
/vinrejser,/flodkrydstogter/douro-deluxe-flodkrydstogt-paa-dourofloden,content,1
/vinrejser,/flodkrydstogter/flodkrydstogt-paa-douro-floden,content,1
/vinrejser,/flodkrydstogter/flodkrydstogt-paa-rhone-floden,content,1
/vinrejser,/flodkrydstogter/flodkrydstogt-paa-rhone-floden-2027,content,1
/vinrejser,/frankrig/sydfranske-eventyr-i-provence,content,1
/vinrejser,/gavekort,chrome,1
/vinrejser,/graekenland/nordgraekenland-mellem-himmel-og-hav,content,1
/vinrejser,/graekenland/smagen-af-kreta,content,1
/vinrejser,/graekenland/unik-rundrejse-paa-peloponnes,content,1
/vinrejser,/italien/et-syditaliensk-eventyr,content,1
/vinrejser,/italien/gardasoeens-herligheder,content,1
/vinrejser,/italien/hjertet-af-italien-paa-elcykel,content,1
/vinrejser,/italien/norditalien,content,1
/vinrejser,/italien/opera-verona,content,1
/vinrejser,/italien/puccini-operarejse-til-toscana,content,1
/vinrejser,/italien/sommer-ved-gardasoeen,content,1
/vinrejser,/italien/vandreferie-ved-gardasoeen,content,1
/vinrejser,/italien/vidunderlige-norditalien,content,1
/vinrejser,/italien/vidunderlige-toscana,content,1
/vinrejser,/italien/vin-og-gastronomi-i-piemonte,content,1
/vinrejser,/katalog,chrome,1
/vinrejser,/madrejser,content,1
/vinrejser,/nyhedsbrev,chrome,1
/vinrejser,/om-os/kontakt,chrome,1
/vinrejser,/om-os/medarbejdere,chrome,1
/vinrejser,/om-os/rejseledere,chrome,1
/vinrejser,/portugal/essensen-af-madeira,content,1
/vinrejser,/portugal/lissabon-og-alentejos-herligheder,content,1
/vinrejser,/portugal/mageloese-madeira,content,1
/vinrejser,/portugal/nytaar-paa-algarvekysten,content,1
/vinrejser,/portugal/nytaarsrejse-til-madeira,content,1
/vinrejser,/portugal/paa-opdagelse-i-portugal,content,1
/vinrejser,/portugal/porto-og-douro-dalens-herligheder,content,1
/vinrejser,/portugal/praegtige-portugal,content,1
/vinrejser,/portugal/vandreferie-i-portugal,content,1
/vinrejser,/portugal/vandreferie-paa-algarvekysten,content,1
/vinrejser,/privatlivspolitik,chrome,1
/vinrejser,/rejseforsikring,chrome,1
/vinrejser,/rejsekalender,chrome,1
/vinrejser,/spanien/fra-bilbao-til-bordeaux-en-kulturel-rejse-gennem-baskerland-og-sydfrankrig,content,1
/vinrejser,/spanien/fra-bilbao-til-toulouse,content,1
/vinrejser,/spanien/maleriske-mallorca,content,1
/vinrejser,/spanien/tenerife-det-evige-foraars-oe,content,1
/vinrejser,/sydafrika/sydafrika-cape-cabernet-og-safari,content,1
/vinrejser,/sydafrika/sydafrika-et-eventyr-i-tre-akter,content,1
/vinrejser,/sydafrika/sydafrika-for-livsnydere,content,1
/vinrejser,/transformation,chrome,1
/vinrejser/portvinsrejser,/,chrome,1
/vinrejser/portvinsrejser,/cookie-politik,chrome,1
/vinrejser/portvinsrejser,/england,content,1
/vinrejser/portvinsrejser,/faq,chrome,1
/vinrejser/portvinsrejser,/flodkrydstogter/douro-deluxe-flodkrydstogt-paa-dourofloden,content,1
/vinrejser/portvinsrejser,/flodkrydstogter/flodkrydstogt-paa-douro-floden,content,1
/vinrejser/portvinsrejser,/frankrig,content,1
/vinrejser/portvinsrejser,/gavekort,chrome,1
/vinrejser/portvinsrejser,/historiske-rejser,content,1
/vinrejser/portvinsrejser,/katalog,chrome,1
/vinrejser/portvinsrejser,/nyhedsbrev,chrome,1
/vinrejser/portvinsrejser,/om-os/kontakt,chrome,1
/vinrejser/portvinsrejser,/om-os/medarbejdere,chrome,1
/vinrejser/portvinsrejser,/om-os/rejseledere,chrome,1
/vinrejser/portvinsrejser,/portugal,content,1
/vinrejser/portvinsrejser,/portugal/haverejse-til-nordportugal,content,1
/vinrejser/portvinsrejser,/portugal/nytaar-i-porto,content,1
/vinrejser/portvinsrejser,/portugal/paa-opdagelse-i-portugal,content,1
/vinrejser/portvinsrejser,/portugal/porto,content,1
/vinrejser/portvinsrejser,/portugal/porto-og-douro-dalens-herligheder,content,1
/vinrejser/portvinsrejser,/portugal/praegtige-portugal,content,1
/vinrejser/portvinsrejser,/portugal/vandreferie-i-portugal,content,1
/vinrejser/portvinsrejser,/privatlivspolitik,chrome,1
/vinrejser/portvinsrejser,/rejseforsikring,chrome,1
/vinrejser/portvinsrejser,/rejsekalender,chrome,1
/vinrejser/portvinsrejser,/transformation,chrome,1
/vinrejser/portvinsrejser,/vinrejser,chrome,1
/vinterrejser,/,chrome,1
/vinterrejser,/asien,content,1
/vinterrejser,/cookie-politik,chrome,1
/vinterrejser,/europa,content,1
/vinterrejser,/faq,chrome,1
/vinterrejser,/gavekort,chrome,1
/vinterrejser,/jul-og-nytaar/nytaars-rejser,content,1
/vinterrejser,/katalog,chrome,1
/vinterrejser,/nyhedsbrev,chrome,1
/vinterrejser,/om-os/kontakt,chrome,1
/vinterrejser,/om-os/medarbejdere,chrome,1
/vinterrejser,/om-os/rejseledere,chrome,1
/vinterrejser,/privatlivspolitik,chrome,1
/vinterrejser,/rejseforsikring,chrome,1
/vinterrejser,/rejsekalender,chrome,1
/vinterrejser,/storbyferier,content,1
/vinterrejser,/transformation,chrome,1
/wales,/,chrome,1
/wales,/cookie-politik,chrome,1
/wales,/england,content,1
/wales,/faq,chrome,1
/wales,/gavekort,chrome,1
/wales,/historiske-rejser,content,1
/wales,/katalog,chrome,1
/wales,/kulturrejser,content,1
/wales,/nyhedsbrev,chrome,1
/wales,/om-os/kontakt,chrome,1
/wales,/om-os/medarbejdere,chrome,1
/wales,/om-os/rejseledere,chrome,1
/wales,/privatlivspolitik,chrome,1
/wales,/rejseforsikring,chrome,1
/wales,/rejsekalender,chrome,1
/wales,/transformation,chrome,1
/portugal/madeira/madeira-blomsterfestival,/,chrome,1
/portugal/madeira/madeira-blomsterfestival,/cookie-politik,chrome,1
/portugal/madeira/madeira-blomsterfestival,/faq,chrome,1
/portugal/madeira/madeira-blomsterfestival,/gavekort,chrome,1
/portugal/madeira/madeira-blomsterfestival,/katalog,chrome,1
/portugal/madeira/madeira-blomsterfestival,/nyhedsbrev,chrome,1
/portugal/madeira/madeira-blomsterfestival,/om-os/kontakt,chrome,1
/portugal/madeira/madeira-blomsterfestival,/om-os/medarbejdere,chrome,1
/portugal/madeira/madeira-blomsterfestival,/om-os/rejseledere,chrome,1
/portugal/madeira/madeira-blomsterfestival,/portugal,chrome,1
/portugal/madeira/madeira-blomsterfestival,/portugal/madeira,chrome,1
/portugal/madeira/madeira-blomsterfestival,/portugal/mageloese_madeira_med_blomsterfestival,content,1
/portugal/madeira/madeira-blomsterfestival,/portugal/mageloese_madeira_med_blomsterfestivalen,content,1
/portugal/madeira/madeira-blomsterfestival,/privatlivspolitik,chrome,1
/portugal/madeira/madeira-blomsterfestival,/rejseforsikring,chrome,1
/portugal/madeira/madeira-blomsterfestival,/rejsekalender,chrome,1
/portugal/madeira/madeira-blomsterfestival,/transformation,chrome,1
/,/blog,content,1
/,/blog/jordan-en-rejseberetning,content,1
/,/blog/kroatien-en-personlig-kaerlighedshistorie,content,1
/,/blog/seoul-stress-selfie,content,1
/,/blog/sri-lanka-5-grunde,content,1
/,/cookie-politik,chrome,1
/,/cypern/cypern-afrodites-smukke-oe,content,1
/,/england,content,1
/,/faq,chrome,1
/,/findrejser,content,0
/,/flodkrydstogter,content,1
/,/frankrig,content,1
/,/gavekort,chrome,1
/,/graekenland/nordgraekenland-mellem-himmel-og-hav,content,1
/,/graekenland/unik-rundrejse-paa-peloponnes,content,1
/,/italien,content,1
/,/italien/amalfi-a-la-carte,content,1
/,/italien/kulinariske-vandringer-paa-amalfikysten-september-2026,content,1
/,/italien/nytaar-i-det-historiske-rom,content,1
/,/italien/vidunderlige-amalfi,content,1
/,/jul-og-nytaar/nytaars-rejser,content,1
/,/katalog,chrome,1
/,/kulturrejser,content,1
/,/langtidsferier,content,1
/,/naturrejser/haverejser,content,1
/,/nyhedsbrev,chrome,1
/,/om-os,content,1
/,/om-os/kontakt,chrome,1
/,/om-os/medarbejdere,chrome,1
/,/om-os/rejseledere,chrome,1
/,/portugal,content,1
/,/portugal/cascais-portugals-riviera,content,1
/,/portugal/madeira,content,1
/,/portugal/nytaarsrejse-til-lissabon,content,1
/,/portugal/vandreferie-paa-madeira,content,1
/,/privatlivspolitik,chrome,1
/,/rejseforsikring,chrome,1
/,/rejsekalender,chrome,1
/,/rejsemal,content,1
/,/rejsetyper,content,1
/,/spanien,content,1
/,/storbyferier,content,1
/,/togrejser,content,1
/,/transformation,chrome,1
/,/vandreferier,content,1
